0.000000000,0.000000000,2.000000000
0.097387173,0.528756957,1.000000000
0.168646081,0.591836735,0.999999900
0.209026128,0.612244898,0.999999760
0.261282660,0.628942486,0.999999640
0.296912114,0.640074212,0.999999500
0.339667458,0.656771800,0.999999400
0.380047506,0.664192950,0.999999300
0.396674584,0.675324675,0.999999170
0.418052257,0.688311688,0.999999050
0.451306413,0.695732839,0.999998900
0.475059382,0.697588126,0.999998800
0.496437055,0.699443414,0.999998700
0.517814727,0.699443414,0.999998570
0.536817102,0.701298701,0.999998450
0.541567696,0.712430427,0.999998330
0.579572447,0.719851577,0.999998100
0.589073634,0.719851577,0.999998000
0.617577197,0.719851577,0.999997850
0.638954869,0.719851577,0.999997740
0.662707838,0.721706865,0.999997600
0.676959620,0.723562152,0.999997500
0.684085511,0.723562152,0.999997400
0.712589074,0.723562152,0.999997140
0.722090261,0.725417440,0.999997000
0.745843230,0.729128015,0.999996900
0.764845606,0.729128015,0.999996800
0.781472684,0.729128015,0.999996660
0.793349169,0.729128015,0.999996540
0.807600950,0.730983302,0.999996400
0.824228029,0.730983302,0.999996300
0.828978622,0.730983302,0.999996200
0.838479810,0.732838590,0.999996070
0.855106888,0.732838590,0.999995950
0.869358670,0.732838590,0.999995800
0.878859857,0.732838590,0.999995700
0.895486936,0.732838590,0.999995600
0.909738717,0.732838590,0.999995470
0.921615202,0.732838590,0.999995350
0.950118765,0.732838590,0.999995100
0.969121140,0.732838590,0.999995000
0.976247031,0.732838590,0.999994900
0.978622328,0.734693878,0.999994750
0.983372922,0.734693878,0.999994640
1.000000000,0.736549165,0.999994500
1.028503563,0.736549165,0.999994300
1.038004751,0.736549165,0.999994160
1.049881235,0.738404453,0.999994040
1.057007126,0.738404453,0.999993900
1.068883610,0.738404453,0.999993800
1.083135392,0.742115028,0.999993560
1.092636580,0.745825603,0.999993440
1.102137767,0.745825603,0.999993300
1.106888361,0.747680891,0.999993200
1.116389549,0.747680891,0.999993100
1.121140143,0.749536178,0.999992970
1.130641330,0.749536178,0.999992850
1.137767221,0.749536178,0.999992700
1.144893112,0.753246753,0.999992600
1.149643705,0.755102041,0.999992500
1.178147268,0.755102041,0.999991900
1.180522565,0.755102041,0.999991800
1.194774347,0.755102041,0.999991660
1.201900238,0.755102041,0.999991540
1.211401425,0.755102041,0.999991300
1.220902613,0.756957328,0.999991200
1.223277910,0.756957328,0.999991060
1.228028504,0.756957328,0.999990940
1.237529691,0.758812616,0.999990800
1.242280285,0.760667904,0.999990700
1.254156770,0.760667904,0.999990600
1.270783848,0.760667904,0.999990460
1.270783848,0.762523191,0.999990340
1.277909739,0.762523191,0.999990200
1.292161520,0.762523191,0.999990100
1.296912114,0.762523191,0.999990000
1.308788599,0.762523191,0.999989870
1.325415677,0.766233766,0.999989750
1.334916865,0.766233766,0.999989600
1.342042755,0.768089054,0.999989500
1.351543943,0.768089054,0.999989400
1.365795724,0.768089054,0.999989300
1.372921615,0.771799629,0.999989150
1.382422803,0.771799629,0.999989030
1.394299287,0.773654917,0.999988900
1.408551069,0.773654917,0.999988700
1.427553444,0.773654917,0.999988560
1.437054632,0.773654917,0.999988300
1.439429929,0.773654917,0.999988200
1.446555819,0.773654917,0.999988100
1.448931116,0.773654917,0.999987960
1.463182898,0.773654917,0.999987840
1.467933492,0.773654917,0.999987600
1.472684086,0.773654917,0.999987500
1.482185273,0.773654917,0.999987360
1.494061758,0.775510204,0.999987240
1.501187648,0.775510204,0.999987100
1.505938242,0.779220779,0.999987000
1.515439430,0.779220779,0.999986900
1.517814727,0.779220779,0.999986770
1.527315914,0.779220779,0.999986400
1.529691211,0.779220779,0.999986200
1.536817102,0.779220779,0.999985930
1.546318290,0.779220779,0.999985800
1.548693587,0.779220779,0.999985700
1.558194774,0.781076067,0.999985600
1.565320665,0.782931354,0.999985460
1.567695962,0.782931354,0.999985340
1.572446556,0.782931354,0.999985200
1.581947743,0.782931354,0.999985100
1.589073634,0.782931354,0.999985000
1.598574822,0.782931354,0.999984860
1.605700713,0.782931354,0.999984740
1.615201900,0.782931354,0.999984500
1.638954869,0.782931354,0.999984150
1.653206651,0.784786642,0.999984000
1.662707838,0.784786642,0.999983900
1.667458432,0.784786642,0.999983800
1.674584323,0.784786642,0.999983670
1.684085511,0.784786642,0.999983550
1.688836105,0.784786642,0.999983430
1.691211401,0.784786642,0.999983300
1.698337292,0.786641929,0.999982950
1.710213777,0.786641929,0.999982830
1.729216152,0.786641929,0.999982600
1.733966746,0.786641929,0.999982500
1.741092637,0.786641929,0.999982360
1.745843230,0.786641929,0.999982000
1.748218527,0.786641929,0.999981900
1.757719715,0.786641929,0.999981760
1.771971496,0.786641929,0.999981300
1.786223278,0.786641929,0.999980900
1.788598575,0.788497217,0.999980800
1.798099762,0.788497217,0.999980700
1.812351544,0.790352505,0.999980570
1.826603325,0.790352505,0.999980450
1.836104513,0.790352505,0.999980200
1.843230404,0.794063080,0.999980100
1.847980998,0.794063080,0.999980000
1.862232779,0.794063080,0.999979730
1.871733967,0.794063080,0.999979600
1.874109264,0.794063080,0.999979500
1.883610451,0.794063080,0.999979400
1.888361045,0.794063080,0.999979260
1.890736342,0.794063080,0.999979000
1.897862233,0.795918367,0.999978900
1.902612827,0.795918367,0.999978800
1.907363420,0.795918367,0.999978540
1.926365796,0.795918367,0.999978300
1.931116390,0.797773655,0.999978200
1.938242280,0.797773655,0.999977950
1.952494062,0.797773655,0.999977800
1.957244656,0.797773655,0.999977700
1.961995249,0.797773655,0.999977350
1.976247031,0.797773655,0.999977230
1.995249406,0.797773655,0.999977000
2.000000000,0.797773655,0.999976900
2.002375297,0.797773655,0.999976750
2.011876485,0.797773655,0.999976630
2.016627078,0.797773655,0.999976400
2.019002375,0.797773655,0.999976300
2.028503563,0.797773655,0.999976160
2.030878860,0.797773655,0.999976040
2.040380048,0.797773655,0.999975900
2.052256532,0.797773655,0.999975700
2.057007126,0.799628942,0.999975440
2.064133017,0.799628942,0.999975300
2.078384798,0.799628942,0.999974970
2.085510689,0.801484230,0.999974850
2.095011876,0.801484230,0.999974700
2.106888361,0.801484230,0.999974600
2.116389549,0.801484230,0.999974370
2.118764846,0.801484230,0.999974250
2.133016627,0.801484230,0.999974000
2.137767221,0.801484230,0.999973900
2.144893112,0.801484230,0.999973800
2.152019002,0.803339518,0.999973650
2.156769596,0.803339518,0.999973540
2.178147268,0.803339518,0.999973200
2.182897862,0.805194805,0.999973060
2.192399050,0.805194805,0.999972940
2.197149644,0.805194805,0.999972800
2.204275534,0.805194805,0.999972460
2.209026128,0.805194805,0.999972340
2.218527316,0.805194805,0.999972200
2.223277910,0.805194805,0.999972100
2.235154394,0.805194805,0.999971870
2.239904988,0.807050093,0.999971750
2.247030879,0.808905380,0.999971600
2.254156770,0.808905380,0.999971400
2.258907363,0.808905380,0.999971300
2.268408551,0.808905380,0.999971150
2.273159145,0.808905380,0.999971030
2.285035629,0.808905380,0.999970900
2.289786223,0.808905380,0.999970800
2.301662708,0.808905380,0.999970700
2.308788599,0.808905380,0.999970560
2.311163895,0.812615955,0.999970440
2.318289786,0.812615955,0.999970300
2.327790974,0.812615955,0.999970100
2.332541568,0.812615955,0.999969600
2.337292162,0.812615955,0.999969500
2.344418052,0.812615955,0.999969360
2.349168646,0.812615955,0.999969240
2.353919240,0.812615955,0.999969000
2.377672209,0.812615955,0.999968500
2.382422803,0.812615955,0.999968400
2.389548694,0.812615955,0.999968300
2.391923990,0.812615955,0.999968200
2.396674584,0.812615955,0.999968050
2.403800475,0.812615955,0.999967700
2.415676960,0.812615955,0.999967600
2.418052257,0.812615955,0.999967460
2.432304038,0.812615955,0.999967000
2.434679335,0.812615955,0.999966860
2.444180523,0.812615955,0.999966740
2.451306413,0.812615955,0.999966400
2.460807601,0.812615955,0.999966140
2.463182898,0.812615955,0.999966000
2.477434679,0.812615955,0.999965670
2.484560570,0.812615955,0.999965550
2.486935867,0.812615955,0.999965400
2.494061758,0.812615955,0.999965300
2.498812352,0.812615955,0.999965100
2.503562945,0.812615955,0.999964950
2.513064133,0.812615955,0.999964830
2.515439430,0.812615955,0.999964700
2.520190024,0.812615955,0.999964600
2.522565321,0.814471243,0.999964500
2.532066508,0.814471243,0.999964240
2.534441805,0.814471243,0.999964100
2.541567696,0.814471243,0.999964000
2.546318290,0.814471243,0.999963500
2.551068884,0.816326531,0.999963400
2.555819477,0.816326531,0.999963300
2.558194774,0.816326531,0.999963050
2.562945368,0.816326531,0.999962900
2.570071259,0.816326531,0.999962800
2.574821853,0.816326531,0.999962700
2.577197150,0.816326531,0.999962450
2.581947743,0.816326531,0.999961850
2.591448931,0.816326531,0.999961730
2.596199525,0.816326531,0.999961600
2.600950119,0.816326531,0.999961260
2.615201900,0.816326531,0.999960800
2.617577197,0.816326531,0.999960660
2.624703088,0.816326531,0.999960400
2.631828979,0.816326531,0.999959700
2.636579572,0.816326531,0.999959600
2.638954869,0.816326531,0.999959470
2.648456057,0.816326531,0.999959100
2.655581948,0.818181818,0.999958900
2.660332542,0.818181818,0.999958750
2.667458432,0.818181818,0.999958630
2.672209026,0.818181818,0.999958400
2.679334917,0.818181818,0.999958300
2.681710214,0.818181818,0.999958160
2.686460808,0.818181818,0.999958040
2.695961995,0.818181818,0.999957900
2.698337292,0.818181818,0.999957800
2.705463183,0.818181818,0.999957700
2.710213777,0.818181818,0.999957560
2.712589074,0.818181818,0.999957440
2.719714964,0.818181818,0.999957300
2.722090261,0.818181818,0.999957200
2.731591449,0.818181818,0.999956850
2.733966746,0.818181818,0.999956700
2.743467933,0.818181818,0.999956600
2.750593824,0.818181818,0.999956500
2.752969121,0.818181818,0.999956370
2.762470309,0.818181818,0.999956250
2.767220903,0.818181818,0.999956130
2.779097387,0.818181818,0.999956000
2.781472684,0.818181818,0.999955900
2.788598575,0.818181818,0.999955800
2.790973872,0.818181818,0.999955650
2.795724466,0.818181818,0.999955400
2.800475059,0.818181818,0.999955200
2.809976247,0.818181818,0.999954940
2.819477435,0.818181818,0.999954700
2.821852732,0.818181818,0.999954460
2.826603325,0.818181818,0.999954340
2.836104513,0.818181818,0.999954100
2.840855107,0.818181818,0.999954000
2.843230404,0.818181818,0.999953870
2.847980998,0.820037106,0.999953750
2.852731591,0.820037106,0.999953500
2.859857482,0.820037106,0.999953400
2.866983373,0.820037106,0.999952800
2.876484561,0.820037106,0.999952550
2.878859857,0.820037106,0.999952440
2.883610451,0.820037106,0.999952200
2.888361045,0.821892393,0.999951960
2.893111639,0.821892393,0.999951840
2.897862233,0.821892393,0.999951600
2.907363420,0.821892393,0.999951500
2.912114014,0.821892393,0.999951240
2.921615202,0.821892393,0.999951100
2.928741093,0.821892393,0.999950900
2.940617577,0.821892393,0.999950650
2.950118765,0.825602968,0.999950300
2.952494062,0.825602968,0.999950200
2.957244656,0.825602968,0.999950050
2.959619952,0.825602968,0.999949930
2.964370546,0.825602968,0.999949800
2.971496437,0.825602968,0.999949700
2.978622328,0.825602968,0.999949100
2.983372922,0.825602968,0.999949000
2.990498812,0.825602968,0.999948400
2.995249406,0.825602968,0.999948260
3.002375297,0.825602968,0.999947800
3.009501188,0.825602968,0.999947200
3.014251781,0.825602968,0.999947100
3.016627078,0.825602968,0.999946950
3.021377672,0.825602968,0.999946830
3.023752969,0.825602968,0.999946700
3.033254157,0.825602968,0.999946500
3.040380048,0.825602968,0.999946100
3.052256532,0.825602968,0.999946000
3.054631829,0.825602968,0.999945900
3.059382423,0.825602968,0.999945760
3.061757720,0.825602968,0.999945640
3.076009501,0.825602968,0.999945300
3.078384798,0.825602968,0.999945160
3.085510689,0.825602968,0.999945040
3.090261283,0.825602968,0.999944800
3.095011876,0.825602968,0.999944700
3.104513064,0.825602968,0.999944200
3.109263658,0.825602968,0.999944100
3.116389549,0.825602968,0.999943850
3.123515439,0.825602968,0.999943500
3.128266033,0.825602968,0.999943400
3.137767221,0.825602968,0.999943140
3.142517815,0.825602968,0.999943000
3.154394299,0.825602968,0.999942900
3.156769596,0.825602968,0.999942800
3.161520190,0.825602968,0.999942660
3.163895487,0.825602968,0.999942540
3.171021378,0.825602968,0.999942400
3.175771971,0.825602968,0.999942300
3.182897862,0.825602968,0.999941950
3.206650831,0.825602968,0.999941230
3.209026128,0.825602968,0.999941000
3.223277910,0.825602968,0.999940750
3.225653207,0.825602968,0.999940630
3.230403800,0.825602968,0.999940400
3.230403800,0.827458256,0.999940300
3.244655582,0.827458256,0.999939900
3.251781473,0.827458256,0.999939440
3.261282660,0.827458256,0.999939200
3.263657957,0.827458256,0.999939100
3.268408551,0.827458256,0.999938960
3.270783848,0.827458256,0.999938850
3.280285036,0.827458256,0.999938600
3.287410926,0.827458256,0.999938250
3.289786223,0.827458256,0.999938130
3.296912114,0.827458256,0.999938000
3.304038005,0.827458256,0.999937650
3.308788599,0.827458256,0.999937530
3.315914489,0.827458256,0.999937400
3.318289786,0.827458256,0.999937300
3.323040380,0.827458256,0.999937200
3.330166271,0.827458256,0.999936600
3.334916865,0.827458256,0.999936460
3.342042755,0.827458256,0.999936340
3.344418052,0.827458256,0.999936200
3.353919240,0.827458256,0.999935870
3.361045131,0.827458256,0.999935750
3.365795724,0.827458256,0.999935500
3.370546318,0.827458256,0.999935270
3.380047506,0.827458256,0.999935030
3.389548694,0.827458256,0.999934800
3.394299287,0.827458256,0.999934200
3.396674584,0.829313544,0.999934100
3.401425178,0.829313544,0.999933960
3.403800475,0.829313544,0.999933840
3.410926366,0.829313544,0.999933700
3.413301663,0.829313544,0.999933600
3.422802850,0.829313544,0.999933500
3.427553444,0.829313544,0.999933240
3.429928741,0.829313544,0.999933100
3.434679335,0.829313544,0.999933000
3.439429929,0.829313544,0.999932770
3.444180523,0.829313544,0.999932650
3.446555819,0.829313544,0.999932500
3.451306413,0.829313544,0.999932300
3.453681710,0.829313544,0.999932170
3.460807601,0.829313544,0.999931930
3.467933492,0.829313544,0.999931200
3.475059382,0.829313544,0.999931000
3.479809976,0.829313544,0.999930740
3.484560570,0.829313544,0.999930500
3.486935867,0.829313544,0.999930400
3.491686461,0.829313544,0.999930260
3.494061758,0.829313544,0.999930140
3.498812352,0.829313544,0.999930000
3.503562945,0.831168831,0.999929800
3.508313539,0.831168831,0.999929670
3.517814727,0.831168831,0.999929200
3.522565321,0.831168831,0.999929100
3.524940618,0.831168831,0.999928950
3.532066508,0.831168831,0.999928600
3.534441805,0.831168831,0.999928360
3.548693587,0.831168831,0.999927900
3.558194774,0.831168831,0.999926900
3.572446556,0.831168831,0.999926300
3.574821853,0.831168831,0.999926200
3.579572447,0.833024119,0.999926100
3.584323040,0.833024119,0.999926000
3.596199525,0.833024119,0.999925850
3.600950119,0.833024119,0.999925730
3.608076010,0.833024119,0.999925600
3.610451306,0.833024119,0.999925500
3.631828979,0.833024119,0.999925000
3.638954869,0.833024119,0.999924660
3.643705463,0.833024119,0.999924200
3.646080760,0.833024119,0.999924060
3.665083135,0.833024119,0.999923600
3.669833729,0.833024119,0.999923350
3.674584323,0.833024119,0.999923100
3.681710214,0.833024119,0.999923000
3.688836105,0.833024119,0.999922630
3.693586698,0.833024119,0.999922500
3.705463183,0.833024119,0.999921440
3.710213777,0.833024119,0.999921200
3.717339667,0.836734694,0.999921100
3.731591449,0.836734694,0.999920850
3.741092637,0.836734694,0.999920600
3.748218527,0.836734694,0.999920500
3.750593824,0.836734694,0.999920250
3.760095012,0.836734694,0.999919900
3.762470309,0.838589981,0.999919650
3.769596200,0.840445269,0.999919530
3.774346793,0.842300557,0.999919400
3.776722090,0.842300557,0.999919300
3.781472684,0.842300557,0.999919200
3.790973872,0.842300557,0.999918600
3.795724466,0.842300557,0.999918340
3.805225653,0.842300557,0.999918200
3.807600950,0.842300557,0.999918100
3.812351544,0.842300557,0.999918000
3.817102138,0.842300557,0.999917500
3.826603325,0.842300557,0.999917270
3.836104513,0.842300557,0.999916700
3.840855107,0.842300557,0.999916550
3.847980998,0.842300557,0.999916430
3.852731591,0.842300557,0.999915840
3.857482185,0.842300557,0.999915600
3.869358670,0.842300557,0.999914770
3.878859857,0.842300557,0.999914500
3.883610451,0.842300557,0.999914400
3.888361045,0.842300557,0.999913930
3.895486936,0.842300557,0.999913700
3.900237530,0.844155844,0.999913600
3.904988124,0.844155844,0.999913200
3.909738717,0.844155844,0.999913100
3.914489311,0.844155844,0.999912860
3.919239905,0.844155844,0.999912740
3.923990499,0.844155844,0.999912400
3.928741093,0.844155844,0.999912260
3.935866983,0.844155844,0.999911670
3.950118765,0.844155844,0.999911200
3.952494062,0.844155844,0.999910950
3.957244656,0.844155844,0.999910830
3.966745843,0.844155844,0.999910240
3.971496437,0.844155844,0.999910100
3.973871734,0.844155844,0.999910000
3.978622328,0.844155844,0.999909900
3.983372922,0.844155844,0.999909640
3.990498812,0.844155844,0.999909500
4.004750594,0.844155844,0.999908570
4.014251781,0.844155844,0.999908300
4.016627078,0.844155844,0.999908200
4.023752969,0.844155844,0.999908100
4.028503563,0.844155844,0.999907730
4.033254157,0.844155844,0.999907400
4.040380048,0.844155844,0.999907140
4.049881235,0.844155844,0.999906900
4.052256532,0.844155844,0.999906800
4.073634204,0.844155844,0.999906400
4.076009501,0.844155844,0.999906300
4.095011876,0.844155844,0.999905100
4.097387173,0.844155844,0.999905000
4.106888361,0.844155844,0.999904500
4.118764846,0.844155844,0.999903300
4.133016627,0.844155844,0.999902960
4.135391924,0.844155844,0.999902840
4.144893112,0.844155844,0.999902600
4.152019002,0.844155844,0.999902500
4.156769596,0.844155844,0.999902370
4.166270784,0.844155844,0.999902250
4.171021378,0.844155844,0.999902100
4.180522565,0.844155844,0.999902000
4.187648456,0.844155844,0.999901800
4.194774347,0.844155844,0.999900940
4.209026128,0.844155844,0.999900700
4.232779097,0.844155844,0.999899270
4.242280285,0.844155844,0.999898900
4.249406176,0.844155844,0.999898800
4.258907363,0.844155844,0.999898550
4.268408551,0.844155844,0.999897700
4.275534442,0.844155844,0.999897600
4.280285036,0.844155844,0.999897360
4.285035629,0.844155844,0.999897240
4.294536817,0.844155844,0.999896400
4.299287411,0.844155844,0.999896300
4.315914489,0.844155844,0.999895000
4.320665083,0.844155844,0.999894600
4.323040380,0.844155844,0.999894400
4.327790974,0.844155844,0.999894000
4.337292162,0.844155844,0.999893800
4.339667458,0.844155844,0.999893670
4.346793349,0.844155844,0.999893400
4.356294537,0.844155844,0.999893200
4.358669834,0.844155844,0.999893070
4.368171021,0.844155844,0.999892950
4.377672209,0.844155844,0.999891640
4.382422803,0.844155844,0.999891400
4.389548694,0.844155844,0.999891040
4.391923990,0.844155844,0.999890900
4.396674584,0.844155844,0.999890800
4.399049881,0.844155844,0.999890700
4.413301663,0.844155844,0.999890300
4.420427553,0.844155844,0.999889850
4.425178147,0.844155844,0.999889730
4.432304038,0.844155844,0.999889600
4.437054632,0.844155844,0.999889500
4.444180523,0.844155844,0.999888800
4.458432304,0.844155844,0.999888060
4.460807601,0.844155844,0.999887800
4.470308789,0.844155844,0.999887470
4.472684086,0.844155844,0.999887100
4.475059382,0.846011132,0.999887000
4.486935867,0.846011132,0.999886300
4.494061758,0.846011132,0.999886160
4.503562945,0.846011132,0.999885900
4.510688836,0.846011132,0.999885300
4.510688836,0.847866419,0.999885200
4.513064133,0.847866419,0.999885100
4.520190024,0.847866419,0.999884840
4.524940618,0.847866419,0.999884600
4.529691211,0.847866419,0.999884500
4.534441805,0.847866419,0.999884100
4.539192399,0.847866419,0.999884000
4.546318290,0.847866419,0.999883400
4.551068884,0.847866419,0.999883300
4.558194774,0.847866419,0.999883060
4.560570071,0.847866419,0.999882940
4.565320665,0.847866419,0.999882700
4.567695962,0.847866419,0.999882600
4.567695962,0.849721707,0.999882460
4.581947743,0.849721707,0.999881860
4.589073634,0.849721707,0.999881740
4.591448931,0.849721707,0.999881600
4.596199525,0.849721707,0.999881500
4.608076010,0.849721707,0.999880550
4.612826603,0.849721707,0.999880300
4.615201900,0.849721707,0.999880200
4.619952494,0.849721707,0.999879960
4.629453682,0.849721707,0.999879240
4.636579572,0.849721707,0.999879100
4.641330166,0.849721707,0.999879000
4.648456057,0.849721707,0.999878900
4.657957245,0.849721707,0.999878500
4.662707838,0.849721707,0.999878300
4.669833729,0.849721707,0.999878170
4.672209026,0.849721707,0.999877900
4.676959620,0.849721707,0.999877800
4.679334917,0.849721707,0.999877700
4.688836105,0.849721707,0.999877600
4.693586698,0.849721707,0.999877330
4.700712589,0.849721707,0.999877200
4.707838480,0.849721707,0.999876600
4.712589074,0.849721707,0.999876400
4.714964371,0.849721707,0.999876000
4.719714964,0.849721707,0.999875900
4.729216152,0.849721707,0.999875800
4.736342043,0.849721707,0.999875400
4.736342043,0.851576994,0.999875200
4.743467933,0.851576994,0.999874950
4.748218527,0.851576994,0.999874830
4.757719715,0.851576994,0.999873760
4.764845606,0.851576994,0.999873500
4.767220903,0.851576994,0.999873400
4.776722090,0.851576994,0.999873300
4.783847981,0.851576994,0.999872800
4.788598575,0.851576994,0.999872450
4.790973872,0.851576994,0.999872300
4.800475059,0.851576994,0.999871730
4.802850356,0.851576994,0.999871600
4.807600950,0.851576994,0.999871500
4.814726841,0.851576994,0.999871400
4.819477435,0.851576994,0.999871000
4.826603325,0.851576994,0.999870660
4.840855107,0.851576994,0.999870400
4.845605701,0.851576994,0.999870300
4.850356295,0.851576994,0.999869600
4.855106888,0.851576994,0.999869200
4.871733967,0.851576994,0.999867560
4.881235154,0.855287570,0.999867300
4.888361045,0.855287570,0.999866960
4.893111639,0.855287570,0.999866840
4.900237530,0.855287570,0.999866100
4.907363420,0.855287570,0.999866000
4.926365796,0.855287570,0.999864700
4.931116390,0.855287570,0.999864600
4.938242280,0.855287570,0.999864100
4.942992874,0.855287570,0.999863740
4.945368171,0.855287570,0.999863600
4.959619952,0.855287570,0.999863270
4.961995249,0.855287570,0.999862900
4.980997625,0.855287570,0.999861960
4.985748219,0.855287570,0.999861360
4.990498812,0.855287570,0.999861240
4.997624703,0.855287570,0.999861000
5.002375297,0.855287570,0.999860400
5.011876485,0.855287570,0.999860050
5.016627078,0.855287570,0.999859600
5.023752969,0.855287570,0.999859200
5.026128266,0.855287570,0.999859000
5.033254157,0.855287570,0.999858740
5.049881235,0.855287570,0.999857070
5.054631829,0.855287570,0.999856700
5.057007126,0.855287570,0.999856500
5.066508314,0.855287570,0.999856230
5.073634204,0.855287570,0.999855500
5.076009501,0.855287570,0.999855400
5.080760095,0.855287570,0.999855160
5.090261283,0.855287570,0.999854560
5.092636580,0.857142857,0.999854450
5.095011876,0.857142857,0.999854300
5.102137767,0.857142857,0.999854100
5.104513064,0.857142857,0.999853970
5.109263658,0.857142857,0.999853850
5.111638955,0.857142857,0.999853730
5.116389549,0.857142857,0.999853600
5.133016627,0.857142857,0.999851600
5.142517815,0.857142857,0.999850750
5.149643705,0.857142857,0.999849800
5.163895487,0.857142857,0.999848500
5.171021378,0.857142857,0.999848000
5.178147268,0.857142857,0.999847900
5.182897862,0.857142857,0.999847650
5.190023753,0.857142857,0.999846940
5.194774347,0.857142857,0.999846800
5.204275534,0.857142857,0.999846340
5.213776722,0.857142857,0.999846000
5.218527316,0.857142857,0.999845500
5.228028504,0.857142857,0.999844900
5.239904988,0.857142857,0.999843960
5.244655582,0.857142857,0.999843840
5.247030879,0.857142857,0.999843700
5.256532067,0.857142857,0.999843360
5.258907363,0.857142857,0.999843240
5.266033254,0.857142857,0.999843100
5.270783848,0.857142857,0.999842760
5.275534442,0.857142857,0.999842640
5.277909739,0.857142857,0.999842500
5.287410926,0.857142857,0.999842170
5.289786223,0.857142857,0.999842050
5.296912114,0.857142857,0.999841800
5.306413302,0.857142857,0.999841000
5.315914489,0.857142857,0.999840740
5.323040380,0.857142857,0.999840600
5.342042755,0.857142857,0.999839200
5.346793349,0.857142857,0.999839070
5.356294537,0.857142857,0.999838350
5.363420428,0.857142857,0.999838100
5.372921615,0.857142857,0.999837500
5.377672209,0.857142857,0.999837400
5.384798100,0.857142857,0.999836800
5.391923990,0.857142857,0.999836700
5.394299287,0.857142857,0.999836560
5.403800475,0.857142857,0.999836200
5.410926366,0.857142857,0.999835850
5.415676960,0.857142857,0.999835700
5.425178147,0.857142857,0.999835250
5.432304038,0.857142857,0.999835130
5.439429929,0.857142857,0.999834400
5.453681710,0.857142857,0.999833800
5.458432304,0.857142857,0.999833700
5.463182898,0.858998145,0.999833600
5.467933492,0.858998145,0.999833350
5.472684086,0.858998145,0.999833100
5.477434679,0.858998145,0.999832870
5.479809976,0.858998145,0.999832750
5.484560570,0.858998145,0.999832400
5.501187648,0.858998145,0.999830500
5.505938242,0.858998145,0.999829900
5.510688836,0.858998145,0.999829400
5.517814727,0.858998145,0.999829300
5.520190024,0.858998145,0.999829200
5.527315914,0.858998145,0.999829050
5.541567696,0.858998145,0.999828340
5.546318290,0.858998145,0.999828100
5.551068884,0.858998145,0.999827860
5.562945368,0.858998145,0.999826700
5.567695962,0.858998145,0.999826500
5.574821853,0.858998145,0.999826400
5.577197150,0.858998145,0.999826250
5.598574822,0.858998145,0.999825540
5.608076010,0.858998145,0.999825300
5.619952494,0.858998145,0.999824100
5.629453682,0.858998145,0.999823870
5.636579572,0.858998145,0.999823750
5.650831354,0.858998145,0.999823030
5.655581948,0.860853432,0.999822900
5.669833729,0.860853432,0.999821840
5.676959620,0.860853432,0.999821700
5.679334917,0.860853432,0.999821360
5.684085511,0.860853432,0.999821100
5.686460808,0.860853432,0.999821000
5.691211401,0.860853432,0.999820900
5.693586698,0.860853432,0.999820770
5.698337292,0.860853432,0.999820650
5.700712589,0.860853432,0.999820400
5.714964371,0.860853432,0.999819700
5.719714964,0.860853432,0.999819340
5.731591449,0.860853432,0.999818270
5.736342043,0.860853432,0.999818150
5.743467933,0.860853432,0.999817800
5.748218527,0.860853432,0.999817430
5.755344418,0.860853432,0.999816950
5.760095012,0.860853432,0.999816500
5.767220903,0.860853432,0.999816000
5.776722090,0.860853432,0.999815900
5.779097387,0.860853432,0.999815760
5.786223278,0.860853432,0.999815640
5.790973872,0.860853432,0.999815300
5.809976247,0.860853432,0.999813260
5.814726841,0.860853432,0.999813000
5.821852732,0.860853432,0.999812300
5.826603325,0.860853432,0.999812070
5.836104513,0.860853432,0.999811500
5.845605701,0.860853432,0.999811000
5.847980998,0.860853432,0.999810900
5.862232779,0.860853432,0.999810500
5.866983373,0.860853432,0.999810040
5.871733967,0.860853432,0.999809900
5.881235154,0.860853432,0.999809300
5.885985748,0.860853432,0.999808970
5.888361045,0.860853432,0.999808600
5.893111639,0.860853432,0.999808400
5.895486936,0.860853432,0.999808130
5.900237530,0.860853432,0.999808000
5.902612827,0.860853432,0.999807900
5.912114014,0.860853432,0.999807300
5.926365796,0.860853432,0.999806340
5.935866983,0.860853432,0.999806100
5.942992874,0.860853432,0.999805500
5.947743468,0.860853432,0.999805400
5.952494062,0.860853432,0.999805030
5.957244656,0.860853432,0.999804900
5.961995249,0.860853432,0.999804560
5.966745843,0.862708720,0.999804200
5.969121140,0.862708720,0.999804100
5.973871734,0.862708720,0.999803840
5.983372922,0.862708720,0.999802400
5.992874109,0.862708720,0.999801930
6.004750594,0.862708720,0.999801100
6.009501188,0.862708720,0.999800860
6.021377672,0.862708720,0.999799300
6.028503563,0.862708720,0.999799200
6.033254157,0.862708720,0.999798950
6.042755344,0.862708720,0.999798600
6.045130641,0.862708720,0.999798240
6.049881235,0.862708720,0.999798100
6.054631829,0.862708720,0.999797900
6.059382423,0.862708720,0.999797760
6.061757720,0.862708720,0.999797500
6.061757720,0.864564007,0.999797400
6.071258907,0.864564007,0.999797170
6.085510689,0.864564007,0.999794800
6.099762470,0.864564007,0.999794070
6.106888361,0.864564007,0.999793470
6.111638955,0.864564007,0.999793350
6.118764846,0.864564007,0.999793230
6.123515439,0.864564007,0.999793000
6.128266033,0.864564007,0.999792900
6.133016627,0.864564007,0.999792500
6.137767221,0.864564007,0.999792400
6.140142518,0.864564007,0.999792300
6.144893112,0.864564007,0.999792160
6.152019002,0.864564007,0.999791560
6.156769596,0.864564007,0.999791100
6.163895487,0.864564007,0.999790970
6.168646081,0.864564007,0.999789800
6.173396675,0.864564007,0.999789660
6.180522565,0.864564007,0.999789300
6.185273159,0.864564007,0.999789060
6.190023753,0.864564007,0.999788940
6.204275534,0.864564007,0.999787870
6.206650831,0.866419295,0.999787750
6.211401425,0.866419295,0.999787600
6.228028504,0.866419295,0.999786440
6.237529691,0.866419295,0.999785600
6.249406176,0.866419295,0.999784400
6.256532067,0.866419295,0.999784050
6.263657957,0.866419295,0.999783340
6.268408551,0.866419295,0.999782860
6.270783848,0.866419295,0.999782600
6.275534442,0.866419295,0.999782500
6.277909739,0.866419295,0.999782400
6.282660333,0.866419295,0.999782150
6.285035629,0.866419295,0.999782000
6.289786223,0.866419295,0.999781900
6.299287411,0.866419295,0.999780500
6.304038005,0.866419295,0.999780240
6.313539192,0.866419295,0.999779400
6.318289786,0.866419295,0.999779160
6.323040380,0.866419295,0.999778900
6.327790974,0.866419295,0.999778800
6.349168646,0.866419295,0.999775950
6.356294537,0.866419295,0.999775800
6.365795724,0.866419295,0.999774040
6.375296912,0.866419295,0.999773440
6.382422803,0.866419295,0.999773300
6.384798100,0.866419295,0.999773200
6.391923990,0.866419295,0.999772600
6.396674584,0.866419295,0.999771800
6.403800475,0.866419295,0.999771650
6.406175772,0.866419295,0.999771400
6.410926366,0.866419295,0.999771300
6.415676960,0.866419295,0.999770100
6.420427553,0.866419295,0.999769870
6.425178147,0.866419295,0.999769600
6.429928741,0.866419295,0.999768900
6.434679335,0.866419295,0.999768700
6.441805226,0.866419295,0.999768560
6.446555819,0.866419295,0.999767960
6.456057007,0.866419295,0.999766900
6.460807601,0.866419295,0.999766770
6.470308789,0.866419295,0.999765800
6.470308789,0.868274583,0.999765460
6.472684086,0.868274583,0.999765100
6.477434679,0.868274583,0.999764740
6.479809976,0.868274583,0.999764600
6.484560570,0.868274583,0.999764500
6.494061758,0.868274583,0.999763800
6.498812352,0.868274583,0.999763400
6.505938242,0.868274583,0.999762950
6.515439430,0.868274583,0.999762830
6.524940618,0.868274583,0.999761160
6.529691211,0.868274583,0.999761040
6.532066508,0.868274583,0.999760800
6.536817102,0.868274583,0.999760700
6.546318290,0.868274583,0.999759850
6.551068884,0.868274583,0.999759600
6.558194774,0.868274583,0.999759260
6.562945368,0.868274583,0.999759140
6.586698337,0.868274583,0.999757100
6.593824228,0.868274583,0.999757000
6.598574822,0.868274583,0.999756750
6.608076010,0.868274583,0.999756500
6.615201900,0.868274583,0.999756400
6.617577197,0.870129870,0.999756300
6.624703088,0.870129870,0.999756160
6.634204276,0.870129870,0.999755700
6.650831354,0.870129870,0.999754130
6.657957245,0.870129870,0.999754000
6.662707838,0.870129870,0.999753060
6.667458432,0.870129870,0.999752940
6.674584323,0.870129870,0.999752460
6.679334917,0.870129870,0.999752100
6.686460808,0.870129870,0.999751750
6.686460808,0.871985158,0.999751500
6.691211401,0.871985158,0.999750550
6.691211401,0.873840445,0.999750440
6.698337292,0.873840445,0.999750300
6.705463183,0.873840445,0.999749960
6.714964371,0.873840445,0.999749600
6.726840855,0.873840445,0.999748300
6.731591449,0.873840445,0.999747930
6.741092637,0.873840445,0.999747000
6.745843230,0.873840445,0.999746500
6.779097387,0.873840445,0.999743760
6.783847981,0.873840445,0.999743640
6.805225653,0.873840445,0.999741140
6.809976247,0.873840445,0.999740660
6.836104513,0.873840445,0.999738300
6.840855107,0.873840445,0.999737560
6.869358670,0.873840445,0.999735060
6.888361045,0.873840445,0.999734200
6.895486936,0.873840445,0.999734000
6.914489311,0.873840445,0.999732200
6.916864608,0.875695733,0.999731840
6.921615202,0.875695733,0.999731360
6.935866983,0.875695733,0.999730900
6.938242280,0.875695733,0.999730300
6.945368171,0.875695733,0.999730170
6.954869359,0.875695733,0.999729600
6.959619952,0.875695733,0.999729450
6.964370546,0.875695733,0.999729100
6.969121140,0.875695733,0.999728860
6.971496437,0.875695733,0.999728740
6.976247031,0.875695733,0.999728600
6.995249406,0.875695733,0.999726360
7.002375297,0.875695733,0.999726000
7.004750594,0.875695733,0.999725900
7.009501188,0.875695733,0.999725760
7.019002375,0.875695733,0.999725300
7.028503563,0.875695733,0.999724300
7.030878860,0.875695733,0.999724000
7.040380048,0.875695733,0.999723730
7.042755344,0.875695733,0.999723600
7.047505938,0.875695733,0.999723400
7.054631829,0.875695733,0.999722900
7.059382423,0.875695733,0.999722800
7.066508314,0.875695733,0.999722660
7.071258907,0.875695733,0.999722540
7.073634204,0.875695733,0.999722400
7.078384798,0.875695733,0.999722300
7.090261283,0.875695733,0.999720900
7.095011876,0.875695733,0.999720500
7.099762470,0.875695733,0.999720160
7.106888361,0.875695733,0.999720040
7.116389549,0.875695733,0.999718700
7.121140143,0.875695733,0.999718600
7.130641330,0.875695733,0.999716800
7.135391924,0.875695733,0.999716700
7.137767221,0.875695733,0.999716600
7.152019002,0.875695733,0.999715750
7.171021378,0.875695733,0.999714300
7.178147268,0.875695733,0.999714200
7.182897862,0.875695733,0.999713960
7.187648456,0.875695733,0.999713840
7.204275534,0.875695733,0.999712400
7.209026128,0.875695733,0.999712170
7.213776722,0.875695733,0.999711930
7.223277910,0.875695733,0.999711800
7.228028504,0.875695733,0.999711700
7.230403800,0.875695733,0.999711100
7.235154394,0.875695733,0.999710260
7.237529691,0.875695733,0.999710140
7.247030879,0.875695733,0.999709800
7.254156770,0.875695733,0.999709550
7.261282660,0.875695733,0.999708350
7.266033254,0.875695733,0.999708240
7.282660333,0.875695733,0.999706900
7.287410926,0.875695733,0.999706700
7.289786223,0.875695733,0.999706000
7.294536817,0.875695733,0.999705730
7.304038005,0.875695733,0.999705140
7.313539192,0.875695733,0.999704900
7.320665083,0.875695733,0.999704060
7.325415677,0.875695733,0.999703940
7.330166271,0.875695733,0.999703700
7.334916865,0.875695733,0.999703470
7.337292162,0.877551020,0.999703000
7.361045131,0.877551020,0.999700550
7.365795724,0.877551020,0.999700300
7.375296912,0.877551020,0.999699600
7.380047506,0.877551020,0.999699500
7.382422803,0.877551020,0.999699230
7.387173397,0.877551020,0.999699100
7.394299287,0.877551020,0.999699000
7.399049881,0.877551020,0.999698640
7.413301663,0.877551020,0.999697900
7.413301663,0.879406308,0.999697700
7.418052257,0.879406308,0.999697570
7.420427553,0.879406308,0.999697450
7.425178147,0.879406308,0.999697300
7.434679335,0.879406308,0.999696400
7.444180523,0.879406308,0.999695800
7.451306413,0.879406308,0.999695200
7.456057007,0.879406308,0.999695060
7.479809976,0.879406308,0.999692200
7.489311164,0.879406308,0.999691600
7.494061758,0.879406308,0.999691250
7.498812352,0.879406308,0.999691100
7.508313539,0.879406308,0.999689800
7.508313539,0.881261596,0.999689700
7.515439430,0.881261596,0.999689340
7.522565321,0.881261596,0.999689200
7.527315914,0.881261596,0.999689000
7.532066508,0.881261596,0.999688600
7.534441805,0.883116883,0.999688500
7.536817102,0.883116883,0.999688270
7.546318290,0.883116883,0.999688150
7.551068884,0.883116883,0.999687900
7.553444181,0.883116883,0.999687800
7.558194774,0.883116883,0.999687700
7.574821853,0.883116883,0.999686240
7.579572447,0.883116883,0.999686100
7.586698337,0.883116883,0.999685900
7.598574822,0.883116883,0.999684450
7.603325416,0.883116883,0.999684200
7.605700713,0.883116883,0.999684100
7.615201900,0.883116883,0.999683500
7.622327791,0.883116883,0.999682400
7.629453682,0.883116883,0.999682300
7.643705463,0.883116883,0.999681500
7.648456057,0.883116883,0.999681230
7.660332542,0.883116883,0.999680040
7.665083135,0.883116883,0.999678500
7.669833729,0.883116883,0.999678000
7.674584323,0.883116883,0.999677660
7.681710214,0.883116883,0.999677300
7.698337292,0.883116883,0.999674440
7.707838480,0.883116883,0.999674300
7.710213777,0.883116883,0.999673960
7.717339667,0.883116883,0.999673600
7.722090261,0.883116883,0.999672530
7.726840855,0.883116883,0.999672200
7.738717340,0.883116883,0.999670600
7.743467933,0.883116883,0.999670500
7.745843230,0.883116883,0.999670400
7.750593824,0.883116883,0.999670000
7.755344418,0.883116883,0.999668840
7.760095012,0.883116883,0.999668700
7.769596200,0.883116883,0.999668500
7.771971496,0.883116883,0.999668100
7.786223278,0.883116883,0.999667050
7.788598575,0.883116883,0.999666800
7.798099762,0.883116883,0.999666330
7.800475059,0.883116883,0.999666200
7.807600950,0.883116883,0.999666100
7.828978622,0.883116883,0.999663700
7.833729216,0.883116883,0.999663500
7.838479810,0.883116883,0.999662500
7.843230404,0.883116883,0.999662400
7.847980998,0.883116883,0.999661900
7.857482185,0.883116883,0.999661300
7.859857482,0.883116883,0.999660970
7.864608076,0.883116883,0.999660500
7.871733967,0.883116883,0.999660000
7.876484561,0.883116883,0.999659900
7.881235154,0.883116883,0.999659400
7.885985748,0.883116883,0.999659300
7.888361045,0.884972171,0.999658940
7.893111639,0.884972171,0.999658800
7.900237530,0.884972171,0.999658700
7.907363420,0.884972171,0.999658350
7.912114014,0.884972171,0.999658200
7.926365796,0.884972171,0.999657150
7.931116390,0.884972171,0.999657030
7.933491686,0.884972171,0.999656440
7.938242280,0.884972171,0.999656200
7.940617577,0.884972171,0.999655840
7.950118765,0.884972171,0.999655250
7.954869359,0.884972171,0.999654900
7.969121140,0.884972171,0.999654200
7.995249406,0.884972171,0.999651100
8.000000000,0.884972171,0.999650840
8.004750594,0.884972171,0.999650360
8.009501188,0.884972171,0.999650100
8.021377672,0.884972171,0.999648600
8.030878860,0.884972171,0.999648000
8.033254157,0.884972171,0.999647860
8.038004751,0.884972171,0.999647600
8.045130641,0.884972171,0.999646800
8.059382423,0.884972171,0.999645800
8.068883610,0.884972171,0.999645000
8.073634204,0.884972171,0.999644640
8.080760095,0.884972171,0.999644400
8.099762470,0.884972171,0.999643560
8.106888361,0.884972171,0.999642970
8.121140143,0.884972171,0.999642600
8.130641330,0.884972171,0.999642000
8.135391924,0.884972171,0.999641900
8.140142518,0.884972171,0.999641300
8.144893112,0.884972171,0.999641200
8.149643705,0.884972171,0.999640800
8.154394299,0.884972171,0.999640700
8.156769596,0.884972171,0.999640600
8.161520190,0.884972171,0.999640460
8.180522565,0.884972171,0.999637960
8.185273159,0.884972171,0.999637700
8.206650831,0.884972171,0.999635200
8.213776722,0.884972171,0.999634740
8.216152019,0.884972171,0.999634500
8.220902613,0.884972171,0.999634270
8.223277910,0.884972171,0.999634150
8.228028504,0.884972171,0.999633800
8.235154394,0.884972171,0.999632500
8.239904988,0.884972171,0.999632000
8.247030879,0.884972171,0.999631400
8.251781473,0.884972171,0.999630900
8.266033254,0.884972171,0.999628540
8.270783848,0.884972171,0.999628400
8.292161520,0.884972171,0.999625700
8.296912114,0.884972171,0.999625440
8.299287411,0.884972171,0.999625200
8.308788599,0.884972171,0.999624250
8.311163895,0.884972171,0.999623900
8.318289786,0.884972171,0.999623800
8.320665083,0.884972171,0.999623540
8.323040380,0.886827458,0.999622600
8.332541568,0.886827458,0.999621600
8.337292162,0.886827458,0.999621400
8.344418052,0.886827458,0.999620800
8.344418052,0.888682746,0.999620700
8.349168646,0.888682746,0.999620300
8.356294537,0.888682746,0.999619840
8.361045131,0.888682746,0.999619600
8.363420428,0.888682746,0.999619000
8.370546318,0.888682746,0.999618900
8.375296912,0.888682746,0.999618200
8.382422803,0.888682746,0.999617000
8.387173397,0.888682746,0.999616860
8.394299287,0.888682746,0.999616740
8.399049881,0.888682746,0.999616500
8.415676960,0.888682746,0.999613800
8.422802850,0.888682746,0.999613600
8.434679335,0.888682746,0.999613340
8.479809976,0.888682746,0.999607260
8.484560570,0.888682746,0.999606670
8.489311164,0.888682746,0.999606300
8.494061758,0.888682746,0.999605700
8.498812352,0.888682746,0.999604900
8.508313539,0.888682746,0.999604640
8.515439430,0.888682746,0.999604300
8.527315914,0.888682746,0.999603450
8.532066508,0.888682746,0.999603100
8.534441805,0.888682746,0.999602740
8.539192399,0.888682746,0.999602600
8.543942993,0.888682746,0.999602140
8.553444181,0.888682746,0.999601400
8.558194774,0.888682746,0.999600470
8.562945368,0.888682746,0.999600230
8.565320665,0.888682746,0.999600100
8.574821853,0.888682746,0.999599640
8.579572447,0.888682746,0.999599040
8.586698337,0.888682746,0.999598700
8.598574822,0.888682746,0.999597850
8.603325416,0.888682746,0.999597600
8.608076010,0.888682746,0.999597250
8.615201900,0.888682746,0.999596800
8.622327791,0.888682746,0.999595940
8.627078385,0.888682746,0.999595460
8.638954869,0.888682746,0.999594150
8.643705463,0.888682746,0.999593700
8.655581948,0.888682746,0.999592100
8.662707838,0.888682746,0.999592000
8.665083135,0.888682746,0.999591900
8.669833729,0.888682746,0.999591200
8.676959620,0.888682746,0.999590700
8.681710214,0.888682746,0.999590600
8.693586698,0.888682746,0.999588100
8.698337292,0.888682746,0.999587830
8.700712589,0.888682746,0.999587700
8.703087886,0.892393321,0.999587500
8.705463183,0.892393321,0.999587360
8.710213777,0.892393321,0.999587240
8.722090261,0.892393321,0.999585570
8.726840855,0.892393321,0.999585450
8.760095012,0.892393321,0.999579850
8.764845606,0.892393321,0.999579700
8.769596200,0.892393321,0.999578400
8.783847981,0.892393321,0.999577600
8.790973872,0.892393321,0.999576750
8.795724466,0.892393321,0.999576500
8.798099762,0.892393321,0.999576400
8.807600950,0.892393321,0.999575200
8.814726841,0.892393321,0.999574700
8.819477435,0.892393321,0.999574240
8.826603325,0.892393321,0.999573650
8.826603325,0.894248609,0.999573200
8.828978622,0.894248609,0.999572800
8.833729216,0.894248609,0.999572600
8.850356295,0.894248609,0.999570550
8.855106888,0.894248609,0.999569830
8.859857482,0.894248609,0.999569100
8.869358670,0.894248609,0.999568640
8.874109264,0.894248609,0.999567700
8.883610451,0.894248609,0.999567200
8.885985748,0.894248609,0.999567100
8.890736342,0.894248609,0.999566600
8.895486936,0.894248609,0.999565660
8.900237530,0.894248609,0.999565540
8.904988124,0.894248609,0.999564350
8.909738717,0.894248609,0.999563500
8.914489311,0.894248609,0.999562700
8.919239905,0.894248609,0.999562200
8.928741093,0.894248609,0.999560650
8.933491686,0.894248609,0.999560530
8.935866983,0.894248609,0.999560400
8.942992874,0.894248609,0.999560200
8.959619952,0.894248609,0.999556960
8.966745843,0.894248609,0.999556840
8.969121140,0.894248609,0.999556600
8.976247031,0.894248609,0.999556240
8.978622328,0.894248609,0.999555650
8.983372922,0.894248609,0.999555500
9.004750594,0.894248609,0.999553000
9.014251781,0.894248609,0.999552200
9.021377672,0.894248609,0.999551240
9.026128266,0.894248609,0.999550900
9.028503563,0.894248609,0.999550760
9.033254157,0.894248609,0.999550400
9.047505938,0.894248609,0.999549000
9.052256532,0.894248609,0.999548600
9.059382423,0.894248609,0.999548000
9.064133017,0.894248609,0.999547900
9.076009501,0.894248609,0.999546470
9.080760095,0.894248609,0.999546350
9.099762470,0.894248609,0.999544440
9.106888361,0.894248609,0.999544200
9.121140143,0.894248609,0.999542000
9.128266033,0.894248609,0.999541500
9.140142518,0.894248609,0.999540200
9.147268409,0.894248609,0.999540000
9.152019002,0.894248609,0.999539730
9.154394299,0.894248609,0.999539500
9.159144893,0.894248609,0.999539400
9.182897862,0.894248609,0.999536160
9.182897862,0.896103896,0.999536040
9.187648456,0.896103896,0.999535800
9.209026128,0.896103896,0.999532460
9.213776722,0.896103896,0.999531400
9.220902613,0.896103896,0.999530900
9.228028504,0.896103896,0.999530800
9.230403800,0.896103896,0.999530430
9.235154394,0.896103896,0.999529960
9.247030879,0.896103896,0.999527800
9.256532067,0.896103896,0.999527000
9.258907363,0.896103896,0.999526860
9.266033254,0.896103896,0.999526500
9.270783848,0.896103896,0.999526400
9.273159145,0.896103896,0.999526260
9.277909739,0.896103896,0.999526140
9.287410926,0.896103896,0.999523640
9.292161520,0.896103896,0.999523500
9.299287411,0.896103896,0.999522800
9.304038005,0.896103896,0.999522700
9.308788599,0.896103896,0.999522300
9.318289786,0.896103896,0.999522100
9.320665083,0.896103896,0.999522000
9.325415677,0.896103896,0.999520540
9.327790974,0.896103896,0.999520400
9.332541568,0.896103896,0.999520060
9.353919240,0.896103896,0.999517560
9.358669834,0.896103896,0.999517200
9.361045131,0.896103896,0.999516600
9.365795724,0.896103896,0.999516500
9.368171021,0.896103896,0.999516250
9.382422803,0.896103896,0.999514340
9.391923990,0.896103896,0.999513270
9.396674584,0.896103896,0.999513150
9.399049881,0.896103896,0.999512800
9.406175772,0.896103896,0.999511960
9.418052257,0.896103896,0.999510770
9.422802850,0.896103896,0.999510300
9.458432304,0.896103896,0.999504100
9.467933492,0.896103896,0.999503600
9.491686461,0.896103896,0.999500160
9.501187648,0.896103896,0.999499700
9.508313539,0.896103896,0.999499100
9.513064133,0.896103896,0.999498960
9.536817102,0.896103896,0.999495740
9.541567696,0.896103896,0.999495400
9.546318290,0.896103896,0.999494900
9.555819477,0.896103896,0.999494200
9.565320665,0.896103896,0.999493500
9.570071259,0.896103896,0.999493360
9.579572447,0.896103896,0.999492760
9.584323040,0.896103896,0.999492650
9.586698337,0.896103896,0.999492400
9.591448931,0.896103896,0.999491930
9.596199525,0.896103896,0.999491200
9.603325416,0.896103896,0.999491100
9.605700713,0.896103896,0.999490740
9.619952494,0.896103896,0.999489070
9.638954869,0.896103896,0.999487400
9.643705463,0.896103896,0.999487160
9.657957245,0.896103896,0.999485250
9.662707838,0.896103896,0.999485140
9.674584323,0.896103896,0.999482870
9.679334917,0.896103896,0.999482500
9.686460808,0.896103896,0.999481260
9.691211401,0.896103896,0.999481140
9.693586698,0.896103896,0.999480900
9.698337292,0.896103896,0.999480800
9.703087886,0.896103896,0.999479600
9.707838480,0.896103896,0.999479230
9.712589074,0.896103896,0.999478640
9.717339667,0.896103896,0.999478040
9.724465558,0.896103896,0.999476970
9.729216152,0.896103896,0.999476250
9.743467933,0.896103896,0.999474350
9.752969121,0.896103896,0.999473630
9.755344418,0.896103896,0.999473500
9.760095012,0.896103896,0.999472800
9.764845606,0.896103896,0.999472100
9.769596200,0.896103896,0.999471960
9.774346793,0.896103896,0.999470530
9.779097387,0.896103896,0.999470200
9.790973872,0.896103896,0.999469340
9.805225653,0.896103896,0.999467700
9.807600950,0.896103896,0.999467200
9.812351544,0.896103896,0.999466960
9.817102138,0.896103896,0.999466500
9.821852732,0.896103896,0.999465760
9.824228029,0.896103896,0.999465640
9.833729216,0.896103896,0.999465050
9.838479810,0.896103896,0.999464800
9.847980998,0.896103896,0.999464600
9.900237530,0.896103896,0.999459100
9.909738717,0.896103896,0.999458850
9.912114014,0.896103896,0.999458500
9.916864608,0.896103896,0.999458400
9.928741093,0.896103896,0.999456600
9.933491686,0.896103896,0.999456470
9.964370546,0.896103896,0.999453100
9.969121140,0.896103896,0.999451940
9.976247031,0.896103896,0.999451200
9.980997625,0.896103896,0.999451100
10.011876485,0.896103896,0.999447170
10.021377672,0.896103896,0.999446200
10.035629454,0.896103896,0.999445000
10.035629454,0.897959184,0.999444800
10.040380048,0.897959184,0.999443350
10.040380048,0.899814471,0.999442300
10.047505938,0.899814471,0.999441900
10.052256532,0.899814471,0.999441300
10.071258907,0.899814471,0.999438000
10.078384798,0.899814471,0.999437300
10.090261283,0.899814471,0.999435840
10.095011876,0.899814471,0.999435700
10.111638955,0.899814471,0.999433600
10.116389549,0.899814471,0.999433460
10.125890736,0.899814471,0.999432270
10.133016627,0.899814471,0.999432150
10.135391924,0.899814471,0.999431430
10.142517815,0.899814471,0.999431300
10.159144893,0.899814471,0.999429170
10.168646081,0.899814471,0.999428600
10.173396675,0.899814471,0.999427600
10.178147268,0.899814471,0.999427440
10.209026128,0.899814471,0.999424000
10.213776722,0.899814471,0.999423400
10.216152019,0.899814471,0.999423150
10.220902613,0.899814471,0.999422550
10.228028504,0.899814471,0.999422300
10.232779097,0.899814471,0.999422200
10.235154394,0.899814471,0.999422100
10.239904988,0.899814471,0.999421950
10.247030879,0.899814471,0.999420900
10.251781473,0.899814471,0.999420400
10.258907363,0.899814471,0.999419200
10.266033254,0.899814471,0.999418500
10.268408551,0.899814471,0.999418400
10.277909739,0.899814471,0.999417800
10.304038005,0.899814471,0.999415160
10.308788599,0.899814471,0.999415040
10.311163895,0.899814471,0.999414900
10.315914489,0.899814471,0.999414300
10.327790974,0.899814471,0.999413500
10.332541568,0.899814471,0.999413000
10.375296912,0.899814471,0.999405740
10.380047506,0.899814471,0.999405260
10.387173397,0.899814471,0.999404300
10.391923990,0.899814471,0.999404200
10.418052257,0.899814471,0.999399800
10.422802850,0.899814471,0.999399540
10.427553444,0.899814471,0.999398470
10.432304038,0.899814471,0.999398350
10.475059382,0.899814471,0.999393200
10.484560570,0.899814471,0.999392750
10.494061758,0.899814471,0.999391440
10.498812352,0.899814471,0.999391200
10.505938242,0.899814471,0.999390840
10.517814727,0.899814471,0.999389650
10.522565321,0.899814471,0.999389400
10.524940618,0.899814471,0.999389300
10.529691211,0.899814471,0.999387500
10.532066508,0.899814471,0.999387400
10.541567696,0.899814471,0.999387150
10.572446556,0.899814471,0.999382260
10.577197150,0.899814471,0.999382140
10.627078385,0.899814471,0.999377550
10.631828979,0.899814471,0.999377400
10.646080760,0.899814471,0.999375050
10.650831354,0.899814471,0.999374700
10.660332542,0.899814471,0.999373500
10.667458432,0.899814471,0.999373400
10.672209026,0.899814471,0.999371950
10.674584323,0.899814471,0.999371700
10.679334917,0.899814471,0.999371470
10.681710214,0.899814471,0.999371100
10.686460808,0.899814471,0.999371000
10.688836105,0.899814471,0.999370900
10.693586698,0.899814471,0.999370750
10.729216152,0.899814471,0.999365500
10.738717340,0.899814471,0.999364900
10.752969121,0.899814471,0.999362500
10.767220903,0.899814471,0.999361460
10.788598575,0.899814471,0.999358700
10.793349169,0.899814471,0.999358100
10.802850356,0.899814471,0.999356200
10.817102138,0.899814471,0.999355600
10.826603325,0.899814471,0.999354540
10.831353919,0.899814471,0.999354300
10.838479810,0.899814471,0.999353350
10.843230404,0.899814471,0.999353230
10.869358670,0.899814471,0.999350500
10.876484561,0.899814471,0.999350370
10.883610451,0.899814471,0.999349060
10.888361045,0.899814471,0.999348940
10.893111639,0.899814471,0.999348200
10.897862233,0.899814471,0.999348100
10.904988124,0.899814471,0.999346550
10.909738717,0.899814471,0.999345360
10.940617577,0.899814471,0.999341550
10.945368171,0.899814471,0.999341200
10.947743468,0.899814471,0.999340700
10.947743468,0.901669759,0.999340360
10.950118765,0.901669759,0.999340000
10.954869359,0.901669759,0.999339900
10.988123515,0.901669759,0.999335200
10.992874109,0.901669759,0.999335000
11.000000000,0.901669759,0.999334500
11.002375297,0.901669759,0.999333800
11.007125891,0.901669759,0.999333440
11.011876485,0.901669759,0.999332370
11.019002375,0.901669759,0.999332000
11.023752969,0.901669759,0.999331650
11.030878860,0.901669759,0.999331600
11.033254157,0.901669759,0.999331240
11.042755344,0.901669759,0.999330400
11.052256532,0.901669759,0.999329450
11.059382423,0.901669759,0.999328730
11.061757720,0.901669759,0.999328600
11.071258907,0.901669759,0.999327540
11.076009501,0.901669759,0.999326100
11.080760095,0.901669759,0.999325160
11.118764846,0.901669759,0.999319300
11.123515439,0.901669759,0.999318700
11.133016627,0.901669759,0.999317650
11.137767221,0.901669759,0.999317500
11.154394299,0.901669759,0.999315860
11.163895487,0.901669759,0.999315400
11.168646081,0.901669759,0.999315140
11.178147268,0.901669759,0.999313500
11.190023753,0.901669759,0.999311900
11.194774347,0.901669759,0.999311700
11.218527316,0.901669759,0.999308700
11.223277910,0.901669759,0.999308600
11.230403800,0.901669759,0.999306440
11.237529691,0.901669759,0.999306100
11.249406176,0.901669759,0.999304530
11.254156770,0.901669759,0.999304400
11.282660333,0.901669759,0.999299050
11.287410926,0.901669759,0.999298800
11.299287411,0.901669759,0.999296900
11.306413302,0.901669759,0.999296800
11.308788599,0.901669759,0.999296400
11.315914489,0.901669759,0.999296070
11.330166271,0.901669759,0.999293570
11.330166271,0.903525046,0.999293300
11.332541568,0.903525046,0.999292850
11.339667458,0.903525046,0.999292600
11.349168646,0.903525046,0.999291800
11.353919240,0.903525046,0.999291660
11.356294537,0.903525046,0.999291400
11.363420428,0.903525046,0.999291200
11.365795724,0.903525046,0.999290600
11.370546318,0.903525046,0.999290470
11.372921615,0.903525046,0.999290000
11.377672209,0.903525046,0.999289900
11.399049881,0.903525046,0.999287200
11.403800475,0.903525046,0.999286350
11.418052257,0.903525046,0.999283970
11.422802850,0.903525046,0.999283130
11.429928741,0.903525046,0.999282300
11.439429929,0.903525046,0.999280300
11.444180523,0.903525046,0.999279700
11.448931116,0.903525046,0.999279200
11.456057007,0.903525046,0.999278600
11.460807601,0.903525046,0.999278250
11.477434679,0.903525046,0.999275740
11.484560570,0.903525046,0.999275600
11.494061758,0.903525046,0.999274300
11.498812352,0.903525046,0.999274200
11.513064133,0.903525046,0.999271900
11.513064133,0.905380334,0.999271330
11.520190024,0.905380334,0.999270400
11.524940618,0.905380334,0.999270260
11.527315914,0.905380334,0.999270140
11.532066508,0.905380334,0.999270000
11.536817102,0.905380334,0.999269550
11.541567696,0.905380334,0.999269400
11.586698337,0.905380334,0.999264300
11.591448931,0.905380334,0.999264200
11.608076010,0.905380334,0.999261440
11.612826603,0.905380334,0.999260960
11.619952494,0.905380334,0.999260100
11.624703088,0.905380334,0.999258700
11.657957245,0.905380334,0.999255100
11.662707838,0.905380334,0.999254300
11.669833729,0.905380334,0.999252860
11.676959620,0.905380334,0.999252740
11.686460808,0.905380334,0.999251540
11.693586698,0.905380334,0.999251400
11.703087886,0.905380334,0.999248900
11.710213777,0.905380334,0.999247200
11.714964371,0.905380334,0.999246840
11.719714964,0.905380334,0.999245640
11.724465558,0.905380334,0.999245300
11.733966746,0.905380334,0.999244000
11.738717340,0.905380334,0.999243600
11.760095012,0.905380334,0.999238970
11.764845606,0.905380334,0.999238850
11.767220903,0.905380334,0.999238500
11.771971496,0.905380334,0.999238250
11.779097387,0.905380334,0.999235150
11.783847981,0.905380334,0.999234800
11.805225653,0.905380334,0.999232770
11.809976247,0.905380334,0.999232300
11.819477435,0.905380334,0.999230000
11.824228029,0.905380334,0.999229800
11.828978622,0.905380334,0.999228950
11.833729216,0.905380334,0.999228840
11.836104513,0.905380334,0.999228240
11.840855107,0.905380334,0.999227900
11.852731591,0.905380334,0.999226800
11.857482185,0.905380334,0.999226200
11.866983373,0.905380334,0.999225000
11.871733967,0.905380334,0.999224540
11.876484561,0.905380334,0.999223800
11.881235154,0.905380334,0.999223700
11.897862233,0.905380334,0.999220500
11.904988124,0.905380334,0.999219200
11.935866983,0.905380334,0.999215000
11.950118765,0.905380334,0.999213800
11.959619952,0.905380334,0.999212150
11.964370546,0.905380334,0.999211430
11.969121140,0.905380334,0.999211100
11.973871734,0.905380334,0.999210500
11.980997625,0.905380334,0.999210000
11.985748219,0.905380334,0.999209300
11.997624703,0.905380334,0.999207560
12.002375297,0.905380334,0.999207440
12.019002375,0.905380334,0.999204200
12.023752969,0.905380334,0.999204100
12.028503563,0.905380334,0.999202800
12.033254157,0.905380334,0.999202550
12.073634204,0.905380334,0.999197540
12.078384798,0.905380334,0.999197200
12.080760095,0.905380334,0.999196700
12.085510689,0.905380334,0.999196230
12.099762470,0.905380334,0.999194800
12.104513064,0.905380334,0.999193970
12.106888361,0.905380334,0.999193700
12.111638955,0.905380334,0.999192060
12.116389549,0.905380334,0.999190750
12.125890736,0.905380334,0.999189700
12.133016627,0.905380334,0.999188500
12.140142518,0.905380334,0.999188360
12.142517815,0.905380334,0.999188240
12.147268409,0.905380334,0.999187770
12.149643705,0.905380334,0.999187300
12.156769596,0.905380334,0.999186800
12.168646081,0.905380334,0.999185860
12.173396675,0.905380334,0.999185600
12.175771971,0.905380334,0.999185260
12.180522565,0.905380334,0.999185140
12.211401425,0.905380334,0.999179660
12.216152019,0.905380334,0.999179540
12.247030879,0.905380334,0.999173100
12.251781473,0.905380334,0.999172750
12.263657957,0.905380334,0.999169470
12.270783848,0.905380334,0.999169000
12.273159145,0.905380334,0.999168900
12.282660333,0.905380334,0.999168500
12.294536817,0.905380334,0.999166130
12.299287411,0.905380334,0.999165300
12.304038005,0.905380334,0.999164700
12.308788599,0.905380334,0.999164340
12.372921615,0.905380334,0.999156000
12.377672209,0.905380334,0.999155900
12.384798100,0.905380334,0.999154000
12.391923990,0.905380334,0.999153850
12.403800475,0.905380334,0.999150900
12.408551069,0.905380334,0.999150630
12.410926366,0.905380334,0.999150040
12.415676960,0.905380334,0.999149700
12.429928741,0.905380334,0.999146940
12.439429929,0.905380334,0.999146600
12.441805226,0.905380334,0.999146200
12.446555819,0.905380334,0.999146000
12.448931116,0.905380334,0.999145030
12.453681710,0.905380334,0.999144800
12.465558195,0.905380334,0.999142400
12.470308789,0.905380334,0.999142300
12.475059382,0.905380334,0.999142050
12.479809976,0.905380334,0.999141930
12.503562945,0.905380334,0.999138360
12.508313539,0.905380334,0.999138240
12.513064133,0.905380334,0.999137500
12.517814727,0.905380334,0.999137000
12.522565321,0.905380334,0.999135550
12.527315914,0.905380334,0.999135430
12.541567696,0.905380334,0.999132930
12.546318290,0.905380334,0.999132200
12.548693587,0.905380334,0.999131600
12.553444181,0.905380334,0.999131500
12.586698337,0.905380334,0.999125400
12.591448931,0.905380334,0.999125300
12.646080760,0.905380334,0.999118500
12.655581948,0.905380334,0.999117700
12.657957245,0.905380334,0.999117430
12.667458432,0.905380334,0.999116100
12.679334917,0.905380334,0.999114450
12.688836105,0.905380334,0.999114100
12.698337292,0.905380334,0.999112670
12.703087886,0.905380334,0.999112400
12.710213777,0.905380334,0.999111600
12.717339667,0.905380334,0.999111350
12.731591449,0.905380334,0.999108970
12.736342043,0.905380334,0.999108850
12.755344418,0.905380334,0.999106470
12.760095012,0.905380334,0.999105900
12.762470309,0.905380334,0.999105750
12.776722090,0.905380334,0.999104700
12.793349169,0.905380334,0.999103200
12.798099762,0.905380334,0.999102700
12.807600950,0.905380334,0.999100900
12.812351544,0.905380334,0.999100450
12.814726841,0.905380334,0.999100300
12.819477435,0.905380334,0.999099730
12.824228029,0.905380334,0.999099000
12.831353919,0.905380334,0.999098540
12.840855107,0.905380334,0.999096900
12.840855107,0.907235622,0.999096400
12.852731591,0.907235622,0.999094960
12.862232779,0.907235622,0.999094370
12.893111639,0.907235622,0.999089360
12.897862233,0.907235622,0.999088640
12.935866983,0.907235622,0.999082700
12.940617577,0.907235622,0.999081250
12.980997625,0.907235622,0.999074200
12.985748219,0.907235622,0.999074100
13.021377672,0.907235622,0.999067960
13.026128266,0.907235622,0.999067600
13.035629454,0.907235622,0.999065200
13.040380048,0.907235622,0.999065100
13.080760095,0.907235622,0.999059860
13.085510689,0.907235622,0.999059400
13.090261283,0.907235622,0.999058200
13.095011876,0.907235622,0.999058070
13.099762470,0.907235622,0.999057500
13.104513064,0.907235622,0.999057350
13.111638955,0.907235622,0.999056400
13.116389549,0.907235622,0.999055300
13.123515439,0.907235622,0.999054000
13.128266033,0.907235622,0.999053400
13.159144893,0.907235622,0.999048400
13.163895487,0.907235622,0.999048200
13.171021378,0.907235622,0.999046400
13.175771971,0.907235622,0.999046000
13.182897862,0.907235622,0.999044100
13.187648456,0.907235622,0.999043400
13.228028504,0.907235622,0.999037000
13.232779097,0.907235622,0.999036900
13.247030879,0.907235622,0.999035100
13.251781473,0.907235622,0.999035000
13.254156770,0.907235622,0.999034900
13.261282660,0.907235622,0.999034170
13.263657957,0.907235622,0.999033900
13.268408551,0.907235622,0.999033100
13.287410926,0.907235622,0.999030100
13.292161520,0.907235622,0.999029300
13.306413302,0.907235622,0.999027000
13.311163895,0.907235622,0.999026200
13.396674584,0.907235622,0.999011500
13.401425178,0.907235622,0.999011160
13.403800475,0.907235622,0.999010900
13.410926366,0.907235622,0.999009850
13.425178147,0.907235622,0.999008100
13.434679335,0.907235622,0.999007760
13.439429929,0.907235622,0.999006330
13.444180523,0.907235622,0.999005600
13.467933492,0.907235622,0.999000130
13.472684086,0.907235622,0.999000000
13.479809976,0.907235622,0.998999540
13.482185273,0.909090909,0.998998200
13.489311164,0.909090909,0.998997400
13.496437055,0.909090909,0.998996900
13.510688836,0.909090909,0.998995700
13.515439430,0.909090909,0.998995600
13.539192399,0.909090909,0.998993000
13.548693587,0.909090909,0.998991800
13.551068884,0.909090909,0.998991200
13.558194774,0.909090909,0.998990700
13.570071259,0.909090909,0.998987000
13.574821853,0.909090909,0.998986070
13.591448931,0.909090909,0.998983440
13.605700713,0.909090909,0.998982250
13.615201900,0.909090909,0.998981300
13.619952494,0.909090909,0.998980600
13.631828979,0.909090909,0.998978500
13.646080760,0.909090909,0.998977540
13.688836105,0.909090909,0.998969900
13.691211401,0.910946197,0.998969300
13.726840855,0.910946197,0.998963950
13.731591449,0.910946197,0.998963830
13.736342043,0.910946197,0.998962160
13.741092637,0.910946197,0.998962040
13.745843230,0.910946197,0.998961100
13.745843230,0.912801484,0.998960850
13.757719715,0.912801484,0.998959060
13.762470309,0.912801484,0.998958700
13.764845606,0.912801484,0.998958470
13.771971496,0.912801484,0.998958230
13.774346793,0.912801484,0.998957900
13.783847981,0.912801484,0.998957300
13.802850356,0.912801484,0.998954530
13.807600950,0.912801484,0.998953700
13.817102138,0.912801484,0.998953000
13.821852732,0.912801484,0.998952030
13.824228029,0.912801484,0.998951900
13.828978622,0.912801484,0.998951300
13.833729216,0.912801484,0.998950200
13.838479810,0.912801484,0.998949940
13.852731591,0.912801484,0.998946250
13.859857482,0.912801484,0.998946130
13.866983373,0.912801484,0.998945800
13.871733967,0.912801484,0.998944200
13.881235154,0.912801484,0.998943030
13.893111639,0.912801484,0.998941360
13.921615202,0.912801484,0.998934300
13.931116390,0.912801484,0.998933730
13.933491686,0.912801484,0.998933600
13.938242280,0.912801484,0.998933000
13.942992874,0.912801484,0.998931940
13.947743468,0.912801484,0.998931800
13.954869359,0.912801484,0.998929100
13.964370546,0.912801484,0.998928700
13.980997625,0.912801484,0.998926200
13.985748219,0.912801484,0.998925860
14.007125891,0.912801484,0.998920300
14.007125891,0.914656772,0.998920100
14.016627078,0.914656772,0.998918060
14.021377672,0.914656772,0.998917700
14.033254157,0.914656772,0.998916500
14.038004751,0.914656772,0.998916150
14.052256532,0.914656772,0.998913170
14.061757720,0.914656772,0.998912450
14.071258907,0.914656772,0.998911400
14.078384798,0.914656772,0.998911260
14.099762470,0.914656772,0.998908300
14.104513064,0.914656772,0.998908160
14.109263658,0.914656772,0.998905060
14.114014252,0.914656772,0.998904200
14.128266033,0.914656772,0.998901250
14.137767221,0.914656772,0.998900300
14.147268409,0.914656772,0.998899200
14.152019002,0.914656772,0.998899000
14.178147268,0.914656772,0.998892600
14.182897862,0.914656772,0.998892370
14.216152019,0.914656772,0.998887000
14.220902613,0.914656772,0.998886900
14.232779097,0.914656772,0.998884600
14.237529691,0.914656772,0.998883400
14.239904988,0.914656772,0.998883070
14.244655582,0.914656772,0.998882600
14.263657957,0.914656772,0.998879500
14.268408551,0.914656772,0.998879400
14.270783848,0.914656772,0.998878800
14.275534442,0.914656772,0.998878540
14.323040380,0.914656772,0.998866300
14.327790974,0.914656772,0.998865960
14.332541568,0.914656772,0.998865250
14.337292162,0.914656772,0.998865000
14.339667458,0.914656772,0.998864530
14.344418052,0.914656772,0.998863940
14.346793349,0.914656772,0.998863460
14.351543943,0.914656772,0.998862860
14.356294537,0.914656772,0.998862400
14.363420428,0.914656772,0.998862150
14.365795724,0.914656772,0.998861100
14.370546318,0.914656772,0.998860700
14.375296912,0.914656772,0.998858600
14.380047506,0.914656772,0.998858000
14.382422803,0.914656772,0.998857740
14.387173397,0.914656772,0.998857500
14.413301663,0.914656772,0.998852600
14.418052257,0.914656772,0.998852400
14.422802850,0.914656772,0.998851660
14.427553444,0.914656772,0.998851540
14.434679335,0.914656772,0.998849630
14.439429929,0.914656772,0.998849150
14.470308789,0.914656772,0.998845000
14.475059382,0.914656772,0.998844600
14.479809976,0.914656772,0.998843200
14.484560570,0.914656772,0.998843100
14.486935867,0.914656772,0.998842950
14.501187648,0.914656772,0.998841800
14.505938242,0.914656772,0.998841350
14.510688836,0.914656772,0.998841000
14.527315914,0.914656772,0.998838500
14.532066508,0.914656772,0.998838000
14.546318290,0.914656772,0.998835400
14.551068884,0.914656772,0.998835000
14.553444181,0.914656772,0.998834670
14.558194774,0.914656772,0.998832300
14.581947743,0.914656772,0.998827900
14.586698337,0.914656772,0.998827400
14.596199525,0.914656772,0.998826800
14.600950119,0.914656772,0.998826200
14.608076010,0.914656772,0.998825250
14.612826603,0.914656772,0.998824200
14.615201900,0.914656772,0.998823600
14.619952494,0.914656772,0.998823200
14.622327791,0.914656772,0.998823000
14.627078385,0.914656772,0.998822300
14.629453682,0.914656772,0.998821300
14.634204276,0.914656772,0.998820960
14.641330166,0.914656772,0.998819650
14.646080760,0.914656772,0.998818800
14.676959620,0.914656772,0.998814700
14.681710214,0.914656772,0.998814600
14.710213777,0.914656772,0.998811360
14.714964371,0.914656772,0.998810770
14.743467933,0.914656772,0.998805300
14.748218527,0.914656772,0.998805050
14.752969121,0.914656772,0.998804200
14.757719715,0.914656772,0.998804000
14.769596200,0.914656772,0.998801950
14.774346793,0.914656772,0.998801350
14.781472684,0.914656772,0.998799900
14.786223278,0.914656772,0.998799560
14.817102138,0.914656772,0.998792100
14.826603325,0.914656772,0.998791500
14.859857482,0.914656772,0.998785200
14.864608076,0.914656772,0.998784960
14.900237530,0.914656772,0.998779600
14.909738717,0.914656772,0.998779240
14.919239905,0.914656772,0.998776850
14.928741093,0.914656772,0.998775400
14.945368171,0.914656772,0.998771250
14.950118765,0.914656772,0.998771130
14.957244656,0.914656772,0.998769460
14.961995249,0.914656772,0.998769100
14.964370546,0.914656772,0.998768870
14.969121140,0.914656772,0.998768600
15.014251781,0.914656772,0.998754600
15.019002375,0.914656772,0.998754400
15.045130641,0.914656772,0.998750900
15.049881235,0.914656772,0.998750700
15.080760095,0.914656772,0.998743100
15.085510689,0.914656772,0.998742900
15.097387173,0.914656772,0.998740400
15.102137767,0.914656772,0.998739800
15.111638955,0.914656772,0.998737300
15.116389549,0.914656772,0.998736300
15.144893112,0.914656772,0.998729300
15.149643705,0.914656772,0.998728330
15.156769596,0.914656772,0.998727260
15.161520190,0.914656772,0.998727140
15.256532067,0.914656772,0.998705500
15.263657957,0.914656772,0.998705400
15.275534442,0.914656772,0.998702500
15.280285036,0.914656772,0.998702400
15.282660333,0.914656772,0.998702170
15.287410926,0.914656772,0.998701930
15.318289786,0.914656772,0.998696600
15.323040380,0.914656772,0.998695900
15.349168646,0.914656772,0.998689000
15.353919240,0.914656772,0.998688900
15.365795724,0.914656772,0.998687700
15.370546318,0.914656772,0.998687450
15.380047506,0.914656772,0.998685660
15.384798100,0.914656772,0.998685540
15.389548694,0.914656772,0.998684350
15.399049881,0.914656772,0.998682800
15.406175772,0.914656772,0.998680650
15.410926366,0.914656772,0.998680060
15.415676960,0.914656772,0.998679100
15.420427553,0.914656772,0.998679000
15.453681710,0.914656772,0.998669500
15.458432304,0.914656772,0.998669150
15.486935867,0.914656772,0.998666300
15.491686461,0.914656772,0.998665700
15.534441805,0.914656772,0.998657800
15.539192399,0.914656772,0.998657460
15.551068884,0.914656772,0.998654700
15.555819477,0.914656772,0.998654370
15.638954869,0.914656772,0.998636400
15.643705463,0.914656772,0.998636300
15.688836105,0.914656772,0.998629200
15.693586698,0.914656772,0.998628600
15.700712589,0.914656772,0.998627800
15.705463183,0.914656772,0.998627200
15.710213777,0.914656772,0.998626700
15.719714964,0.914656772,0.998626000
15.743467933,0.914656772,0.998623970
15.750593824,0.914656772,0.998623400
15.760095012,0.914656772,0.998621940
15.764845606,0.914656772,0.998621700
15.793349169,0.914656772,0.998616800
15.798099762,0.914656772,0.998615860
15.828978622,0.914656772,0.998610850
15.833729216,0.914656772,0.998610260
15.874109264,0.914656772,0.998600540
15.883610451,0.914656772,0.998599700
15.890736342,0.914656772,0.998598900
15.895486936,0.914656772,0.998598750
15.919239905,0.914656772,0.998592700
15.923990499,0.914656772,0.998592560
15.957244656,0.914656772,0.998588260
15.961995249,0.914656772,0.998587900
16.019002375,0.914656772,0.998574500
16.023752969,0.914656772,0.998574260
16.040380048,0.914656772,0.998567340
16.049881235,0.914656772,0.998566700
16.066508314,0.914656772,0.998563600
16.071258907,0.914656772,0.998563470
16.078384798,0.914656772,0.998562900
16.083135392,0.914656772,0.998562300
16.090261283,0.914656772,0.998559300
16.095011876,0.914656772,0.998559060
16.097387173,0.914656772,0.998558940
16.104513064,0.914656772,0.998558100
16.106888361,0.914656772,0.998557270
16.111638955,0.914656772,0.998556300
16.121140143,0.914656772,0.998555000
16.125890736,0.914656772,0.998554900
16.149643705,0.914656772,0.998551100
16.154394299,0.914656772,0.998550950
16.171021378,0.914656772,0.998546240
16.175771971,0.914656772,0.998546100
16.192399050,0.914656772,0.998542900
16.197149644,0.914656772,0.998542800
16.213776722,0.914656772,0.998539900
16.218527316,0.914656772,0.998539300
16.223277910,0.914656772,0.998538600
16.228028504,0.914656772,0.998538500
16.235154394,0.914656772,0.998537660
16.239904988,0.914656772,0.998536700
16.244655582,0.914656772,0.998535750
16.249406176,0.914656772,0.998535500
16.256532067,0.914656772,0.998534200
16.270783848,0.914656772,0.998532900
16.273159145,0.914656772,0.998532800
16.280285036,0.914656772,0.998532650
16.285035629,0.914656772,0.998531800
16.318289786,0.914656772,0.998525560
16.323040380,0.914656772,0.998525440
16.380047506,0.914656772,0.998512900
16.384798100,0.914656772,0.998512700
16.444180523,0.914656772,0.998501540
16.448931116,0.914656772,0.998501200
16.467933492,0.914656772,0.998496200
16.472684086,0.914656772,0.998495940
16.489311164,0.914656772,0.998493200
16.494061758,0.914656772,0.998493100
16.560570071,0.914656772,0.998479400
16.565320665,0.914656772,0.998479070
16.605700713,0.914656772,0.998470960
16.610451306,0.914656772,0.998470000
16.655581948,0.914656772,0.998459600
16.660332542,0.914656772,0.998459200
16.684085511,0.914656772,0.998451350
16.693586698,0.914656772,0.998450400
16.717339667,0.914656772,0.998444600
16.717339667,0.916512059,0.998444260
16.724465558,0.916512059,0.998443540
16.743467933,0.916512059,0.998441160
16.748218527,0.916512059,0.998440900
16.757719715,0.916512059,0.998439850
16.762470309,0.916512059,0.998439700
16.771971496,0.916512059,0.998438060
16.776722090,0.916512059,0.998437800
16.786223278,0.916512059,0.998437100
16.795724466,0.916512059,0.998436150
16.798099762,0.916512059,0.998434250
16.802850356,0.916512059,0.998433900
16.824228029,0.916512059,0.998428200
16.833729216,0.916512059,0.998427150
16.852731591,0.916512059,0.998422600
16.857482185,0.916512059,0.998422500
16.869358670,0.916512059,0.998419300
16.874109264,0.916512059,0.998418800
16.878859857,0.916512059,0.998418100
16.883610451,0.916512059,0.998417500
16.895486936,0.916512059,0.998416660
16.900237530,0.916512059,0.998415700
16.921615202,0.916512059,0.998410340
16.926365796,0.916512059,0.998409570
16.938242280,0.916512059,0.998406700
16.947743468,0.916512059,0.998406000
16.950118765,0.916512059,0.998405750
16.954869359,0.916512059,0.998405500
16.990498812,0.916512059,0.998397500
16.995249406,0.916512059,0.998396340
17.035629454,0.916512059,0.998387100
17.040380048,0.916512059,0.998387000
17.083135392,0.916512059,0.998376250
17.087885986,0.916512059,0.998376130
17.099762470,0.916512059,0.998373870
17.104513064,0.916512059,0.998372800
17.114014252,0.916512059,0.998371400
17.118764846,0.916512059,0.998371300
17.135391924,0.916512059,0.998369750
17.140142518,0.916512059,0.998369500
17.223277910,0.916512059,0.998356760
17.230403800,0.916512059,0.998356300
17.266033254,0.916512059,0.998350140
17.270783848,0.916512059,0.998349900
17.280285036,0.916512059,0.998347160
17.285035629,0.916512059,0.998346000
17.287410926,0.916512059,0.998345260
17.292161520,0.916512059,0.998344800
17.337292162,0.916512059,0.998329200
17.342042755,0.916512059,0.998329000
17.346793349,0.916512059,0.998328030
17.351543943,0.916512059,0.998327200
17.358669834,0.916512059,0.998325900
17.363420428,0.916512059,0.998325400
17.410926366,0.916512059,0.998315200
17.415676960,0.916512059,0.998314740
17.420427553,0.916512059,0.998314500
17.425178147,0.916512059,0.998314000
17.484560570,0.916512059,0.998301400
17.489311164,0.916512059,0.998301200
17.498812352,0.916512059,0.998300000
17.503562945,0.916512059,0.998299300
17.541567696,0.916512059,0.998292270
17.546318290,0.916512059,0.998292000
17.553444181,0.916512059,0.998291550
17.558194774,0.916512059,0.998291100
17.562945368,0.916512059,0.998290360
17.567695962,0.916512059,0.998290000
17.574821853,0.916512059,0.998288330
17.579572447,0.916512059,0.998287860
17.622327791,0.916512059,0.998274200
17.627078385,0.916512059,0.998273970
17.631828979,0.916512059,0.998273600
17.636579572,0.916512059,0.998273500
17.638954869,0.916512059,0.998273400
17.643705463,0.916512059,0.998273250
17.650831354,0.916512059,0.998272200
17.655581948,0.916512059,0.998271350
17.672209026,0.916512059,0.998269200
17.676959620,0.916512059,0.998268700
17.679334917,0.916512059,0.998268250
17.684085511,0.916512059,0.998267530
17.686460808,0.916512059,0.998266700
17.691211401,0.916512059,0.998265900
17.707838480,0.916512059,0.998262100
17.714964371,0.916512059,0.998261870
17.726840855,0.916512059,0.998258530
17.731591449,0.916512059,0.998258300
17.762470309,0.916512059,0.998253760
17.767220903,0.916512059,0.998253500
17.812351544,0.916512059,0.998242740
17.817102138,0.916512059,0.998241300
17.821852732,0.916512059,0.998237850
17.826603325,0.916512059,0.998237400
17.838479810,0.916512059,0.998235000
17.843230404,0.916512059,0.998234870
17.852731591,0.916512059,0.998232400
17.857482185,0.916512059,0.998231950
17.912114014,0.916512059,0.998219670
17.916864608,0.916512059,0.998219200
17.931116390,0.916512059,0.998214600
17.935866983,0.916512059,0.998213650
17.992874109,0.916512059,0.998198800
17.997624703,0.916512059,0.998198000
18.011876485,0.916512059,0.998194300
18.021377672,0.916512059,0.998193300
18.028503563,0.916512059,0.998192000
18.033254157,0.916512059,0.998191650
18.057007126,0.916512059,0.998185200
18.066508314,0.916512059,0.998179900
18.121140143,0.916512059,0.998164240
18.125890736,0.916512059,0.998163760
18.147268409,0.916512059,0.998157100
18.149643705,0.918367347,0.998156960
18.175771971,0.918367347,0.998150900
18.180522565,0.918367347,0.998150770
18.209026128,0.918367347,0.998140800
18.213776722,0.918367347,0.998139860
18.225653207,0.918367347,0.998137350
18.230403800,0.918367347,0.998136900
18.273159145,0.918367347,0.998125260
18.277909739,0.918367347,0.998124300
18.308788599,0.918367347,0.998116600
18.313539192,0.918367347,0.998116140
18.349168646,0.918367347,0.998106960
18.353919240,0.918367347,0.998106100
18.356294537,0.918367347,0.998105650
18.361045131,0.918367347,0.998104800
18.368171021,0.918367347,0.998101530
18.375296912,0.918367347,0.998101060
18.387173397,0.918367347,0.998098800
18.391923990,0.918367347,0.998098100
18.439429929,0.918367347,0.998086200
18.446555819,0.918367347,0.998084800
18.451306413,0.918367347,0.998084550
18.475059382,0.918367347,0.998081450
18.482185273,0.918367347,0.998081100
18.489311164,0.918367347,0.998078350
18.494061758,0.918367347,0.998077870
18.508313539,0.918367347,0.998075960
18.513064133,0.918367347,0.998075500
18.517814727,0.918367347,0.998074300
18.522565321,0.918367347,0.998073800
18.524940618,0.918367347,0.998073340
18.529691211,0.918367347,0.998073100
18.551068884,0.918367347,0.998067800
18.560570071,0.918367347,0.998067100
18.567695962,0.918367347,0.998065900
18.589073634,0.918367347,0.998061240
18.593824228,0.918367347,0.998060760
18.605700713,0.918367347,0.998054400
18.610451306,0.918367347,0.998054270
18.624703088,0.918367347,0.998050800
18.629453682,0.918367347,0.998050700
18.631828979,0.918367347,0.998050000
18.636579572,0.918367347,0.998049860
18.638954869,0.918367347,0.998049140
18.643705463,0.918367347,0.998048900
18.676959620,0.918367347,0.998041100
18.681710214,0.918367347,0.998039660
18.748218527,0.918367347,0.998021960
18.752969121,0.918367347,0.998020500
18.764845606,0.918367347,0.998019000
18.771971496,0.918367347,0.998018150
18.786223278,0.918367347,0.998013850
18.790973872,0.918367347,0.998013600
18.819477435,0.918367347,0.998007100
18.824228029,0.918367347,0.998006760
18.838479810,0.918367347,0.998004400
18.843230404,0.918367347,0.998004140
18.859857482,0.918367347,0.998002350
18.864608076,0.918367347,0.998001400
18.883610451,0.918367347,0.997995400
18.888361045,0.918367347,0.997993950
18.950118765,0.918367347,0.997978400
18.954869359,0.918367347,0.997978030
18.969121140,0.918367347,0.997973260
18.978622328,0.918367347,0.997971700
19.021377672,0.918367347,0.997963200
19.026128266,0.918367347,0.997962700
19.061757720,0.918367347,0.997954000
19.066508314,0.918367347,0.997952040
19.095011876,0.918367347,0.997946200
19.099762470,0.918367347,0.997946100
19.130641330,0.918367347,0.997939500
19.135391924,0.918367347,0.997939050
19.175771971,0.918367347,0.997933030
19.180522565,0.918367347,0.997932700
19.182897862,0.918367347,0.997932200
19.187648456,0.918367347,0.997931000
19.251781473,0.918367347,0.997913060
19.258907363,0.918367347,0.997912940
19.263657957,0.918367347,0.997911040
19.273159145,0.918367347,0.997910100
19.289786223,0.918367347,0.997901200
19.294536817,0.918367347,0.997901100
19.306413302,0.918367347,0.997897500
19.311163895,0.918367347,0.997897270
19.353919240,0.918367347,0.997885640
19.358669834,0.918367347,0.997884800
19.401425178,0.918367347,0.997872100
19.406175772,0.918367347,0.997871900
19.439429929,0.918367347,0.997864800
19.444180523,0.918367347,0.997864540
19.467933492,0.918367347,0.997858800
19.472684086,0.918367347,0.997858200
19.508313539,0.918367347,0.997848150
19.513064133,0.918367347,0.997848030
19.532066508,0.918367347,0.997844340
19.536817102,0.918367347,0.997844200
19.591448931,0.918367347,0.997831900
19.600950119,0.918367347,0.997830700
19.605700713,0.918367347,0.997829000
19.610451306,0.918367347,0.997828800
19.629453682,0.918367347,0.997825260
19.634204276,0.918367347,0.997823600
19.641330166,0.918367347,0.997821100
19.646080760,0.918367347,0.997820500
19.657957245,0.918367347,0.997818350
19.662707838,0.918367347,0.997817500
19.710213777,0.918367347,0.997800400
19.714964371,0.918367347,0.997799700
19.717339667,0.920222635,0.997799340
19.771971496,0.920222635,0.997783840
19.776722090,0.920222635,0.997783360
19.814726841,0.920222635,0.997772630
19.821852732,0.920222635,0.997771700
19.852731591,0.920222635,0.997765800
19.857482185,0.920222635,0.997764700
19.862232779,0.920222635,0.997763500
19.866983373,0.920222635,0.997763160
19.871733967,0.920222635,0.997762100
19.876484561,0.920222635,0.997761700
19.881235154,0.920222635,0.997760650
19.885985748,0.920222635,0.997760300
19.888361045,0.920222635,0.997760060
19.893111639,0.920222635,0.997759600
19.895486936,0.920222635,0.997758200
19.904988124,0.920222635,0.997758000
19.912114014,0.920222635,0.997756660
19.916864608,0.920222635,0.997756400
19.952494062,0.920222635,0.997745930
19.957244656,0.920222635,0.997745600
19.997624703,0.920222635,0.997734070
20.002375297,0.920222635,0.997733830
20.030878860,0.920222635,0.997726600
20.035629454,0.920222635,0.997725800
20.040380048,0.920222635,0.997725070
20.045130641,0.920222635,0.997724700
20.087885986,0.920222635,0.997716300
20.092636580,0.920222635,0.997716200
20.102137767,0.920222635,0.997714040
20.106888361,0.920222635,0.997713570
20.111638955,0.920222635,0.997713200
20.121140143,0.920222635,0.997711300
20.147268409,0.920222635,0.997704450
20.152019002,0.920222635,0.997704200
20.159144893,0.920222635,0.997702800
20.163895487,0.920222635,0.997702660
20.171021378,0.920222635,0.997700750
20.175771971,0.920222635,0.997699200
20.180522565,0.920222635,0.997698700
20.185273159,0.920222635,0.997698250
20.192399050,0.920222635,0.997697900
20.192399050,0.922077922,0.997697800
20.197149644,0.922077922,0.997695740
20.201900238,0.922077922,0.997695500
20.225653207,0.922077922,0.997691400
20.230403800,0.922077922,0.997691300
20.337292162,0.922077922,0.997660900
20.346793349,0.922077922,0.997656800
20.351543943,0.922077922,0.997655300
20.356294537,0.922077922,0.997654800
20.387173397,0.922077922,0.997648400
20.391923990,0.922077922,0.997645800
20.399049881,0.922077922,0.997645200
20.401425178,0.922077922,0.997644840
20.406175772,0.922077922,0.997644600
20.444180523,0.922077922,0.997629760
20.448931116,0.922077922,0.997629640
20.515439430,0.922077922,0.997613430
20.520190024,0.922077922,0.997613300
20.555819477,0.922077922,0.997602400
20.560570071,0.922077922,0.997602300
20.562945368,0.922077922,0.997602050
20.572446556,0.922077922,0.997600260
20.581947743,0.922077922,0.997597040
20.586698337,0.922077922,0.997596700
20.598574822,0.922077922,0.997594200
20.603325416,0.922077922,0.997593600
20.610451306,0.922077922,0.997592100
20.615201900,0.922077922,0.997591730
20.622327791,0.922077922,0.997590300
20.622327791,0.923933210,0.997586970
20.629453682,0.923933210,0.997585540
20.634204276,0.923933210,0.997585300
20.648456057,0.923933210,0.997582700
20.653206651,0.923933210,0.997581840
20.679334917,0.923933210,0.997577700
20.684085511,0.923933210,0.997577250
20.698337292,0.923933210,0.997573440
20.703087886,0.923933210,0.997572840
20.714964371,0.923933210,0.997569000
20.719714964,0.923933210,0.997568400
20.755344418,0.923933210,0.997556700
20.760095012,0.923933210,0.997555100
20.781472684,0.923933210,0.997548500
20.786223278,0.923933210,0.997548040
20.793349169,0.923933210,0.997544470
20.798099762,0.923933210,0.997543900
20.824228029,0.923933210,0.997536300
20.833729216,0.923933210,0.997535350
20.874109264,0.923933210,0.997524100
20.878859857,0.923933210,0.997523100
20.885985748,0.923933210,0.997521340
20.890736342,0.923933210,0.997520600
20.914489311,0.923933210,0.997512200
20.919239905,0.923933210,0.997511400
20.957244656,0.923933210,0.997502740
20.961995249,0.923933210,0.997501300
20.985748219,0.923933210,0.997498450
20.990498812,0.923933210,0.997498330
21.000000000,0.923933210,0.997496070
21.004750594,0.923933210,0.997495950
21.016627078,0.923933210,0.997494200
21.021377672,0.923933210,0.997494000
21.059382423,0.923933210,0.997488600
21.064133017,0.923933210,0.997487660
21.125890736,0.923933210,0.997466300
21.125890736,0.925788497,0.997465850
21.142517815,0.925788497,0.997459800
21.147268409,0.925788497,0.997459600
21.154394299,0.925788497,0.997458160
21.159144893,0.925788497,0.997456400
21.166270784,0.925788497,0.997455300
21.175771971,0.925788497,0.997453750
21.197149644,0.925788497,0.997447850
21.201900238,0.925788497,0.997447400
21.242280285,0.925788497,0.997434200
21.247030879,0.925788497,0.997434100
21.258907363,0.925788497,0.997431340
21.263657957,0.925788497,0.997428830
21.285035629,0.925788497,0.997422000
21.294536817,0.925788497,0.997421740
21.311163895,0.925788497,0.997415400
21.315914489,0.925788497,0.997414950
21.358669834,0.925788497,0.997407000
21.363420428,0.925788497,0.997406660
21.365795724,0.925788497,0.997405350
21.370546318,0.925788497,0.997402970
21.387173397,0.925788497,0.997398600
21.391923990,0.925788497,0.997398000
21.425178147,0.925788497,0.997390000
21.429928741,0.925788497,0.997388800
21.448931116,0.925788497,0.997380550
21.458432304,0.925788497,0.997379960
21.475059382,0.925788497,0.997377630
21.479809976,0.925788497,0.997377500
21.491686461,0.925788497,0.997374400
21.496437055,0.925788497,0.997374300
21.505938242,0.925788497,0.997371100
21.510688836,0.925788497,0.997370700
21.522565321,0.925788497,0.997367800
21.527315914,0.925788497,0.997367200
21.529691211,0.925788497,0.997365400
21.534441805,0.925788497,0.997365200
21.555819477,0.925788497,0.997356530
21.560570071,0.925788497,0.997355340
21.562945368,0.925788497,0.997354600
21.567695962,0.925788497,0.997354500
21.667458432,0.925788497,0.997319760
21.672209026,0.925788497,0.997318570
21.679334917,0.925788497,0.997315200
21.684085511,0.925788497,0.997314750
21.698337292,0.925788497,0.997310640
21.705463183,0.925788497,0.997309570
21.714964371,0.925788497,0.997306940
21.719714964,0.925788497,0.997306000
21.736342043,0.925788497,0.997301160
21.741092637,0.925788497,0.997299970
21.745843230,0.925788497,0.997299600
21.750593824,0.925788497,0.997299250
21.760095012,0.925788497,0.997297800
21.764845606,0.925788497,0.997297200
21.771971496,0.925788497,0.997296150
21.776722090,0.925788497,0.997296040
21.790973872,0.925788497,0.997290900
21.798099762,0.925788497,0.997290000
21.855106888,0.925788497,0.997278300
21.859857482,0.925788497,0.997277560
21.876484561,0.925788497,0.997272300
21.881235154,0.925788497,0.997272100
21.912114014,0.925788497,0.997264500
21.916864608,0.925788497,0.997264150
21.940617577,0.925788497,0.997260800
21.945368171,0.925788497,0.997258900
21.964370546,0.925788497,0.997254900
21.969121140,0.925788497,0.997254800
21.997624703,0.925788497,0.997247900
22.007125891,0.925788497,0.997242000
22.014251781,0.925788497,0.997239800
22.019002375,0.925788497,0.997239230
22.047505938,0.925788497,0.997230000
22.052256532,0.925788497,0.997229750
22.125890736,0.925788497,0.997210440
22.130641330,0.925788497,0.997210200
22.152019002,0.925788497,0.997202630
22.156769596,0.925788497,0.997201200
22.232779097,0.925788497,0.997184930
22.242280285,0.925788497,0.997184340
22.304038005,0.925788497,0.997169200
22.308788599,0.925788497,0.997168600
22.344418052,0.925788497,0.997159840
22.349168646,0.925788497,0.997159600
22.361045131,0.925788497,0.997157000
22.365795724,0.925788497,0.997156860
22.387173397,0.925788497,0.997149650
22.391923990,0.925788497,0.997148930
22.418052257,0.925788497,0.997140650
22.422802850,0.925788497,0.997140300
22.529691211,0.925788497,0.997112750
22.534441805,0.925788497,0.997112500
22.543942993,0.925788497,0.997108400
22.548693587,0.925788497,0.997107450
22.641330166,0.925788497,0.997081340
22.648456057,0.925788497,0.997080740
22.650831354,0.925788497,0.997079800
22.655581948,0.925788497,0.997079700
22.657957245,0.925788497,0.997079400
22.662707838,0.925788497,0.997078540
22.672209026,0.925788497,0.997074600
22.676959620,0.925788497,0.997071740
22.684085511,0.925788497,0.997071400
22.691211401,0.925788497,0.997070100
22.695961995,0.925788497,0.997069540
22.719714964,0.925788497,0.997062860
22.724465558,0.925788497,0.997062600
22.743467933,0.925788497,0.997053600
22.748218527,0.925788497,0.997052670
22.800475059,0.925788497,0.997035500
22.807600950,0.925788497,0.997035000
22.862232779,0.925788497,0.997015830
22.871733967,0.925788497,0.997015100
22.883610451,0.925788497,0.997013330
22.888361045,0.925788497,0.997013200
22.893111639,0.925788497,0.997012850
22.900237530,0.925788497,0.997012500
22.919239905,0.925788497,0.997005500
22.923990499,0.925788497,0.997004450
22.950118765,0.925788497,0.996998300
22.954869359,0.925788497,0.996998200
22.980997625,0.925788497,0.996989550
22.985748219,0.925788497,0.996988950
23.004750594,0.925788497,0.996984300
23.009501188,0.925788497,0.996983100
23.028503563,0.925788497,0.996976140
23.033254157,0.925788497,0.996975800
23.064133017,0.925788497,0.996970530
23.068883610,0.925788497,0.996970000
23.142517815,0.925788497,0.996943800
23.147268409,0.925788497,0.996941150
23.149643705,0.925788497,0.996940600
23.154394299,0.925788497,0.996938600
23.171021378,0.925788497,0.996935700
23.180522565,0.925788497,0.996934200
23.194774347,0.925788497,0.996931700
23.199524941,0.925788497,0.996930060
23.216152019,0.925788497,0.996925060
23.220902613,0.925788497,0.996924340
23.223277910,0.925788497,0.996924200
23.228028504,0.925788497,0.996924100
23.230403800,0.925788497,0.996923860
23.235154394,0.925788497,0.996923600
23.266033254,0.925788497,0.996910500
23.270783848,0.925788497,0.996910300
23.299287411,0.925788497,0.996900700
23.304038005,0.925788497,0.996900560
23.323040380,0.925788497,0.996898060
23.327790974,0.925788497,0.996896860
23.337292162,0.925788497,0.996895550
23.342042755,0.925788497,0.996894000
23.344418052,0.925788497,0.996893760
23.349168646,0.925788497,0.996890840
23.384798100,0.925788497,0.996878270
23.394299287,0.925788497,0.996875900
23.446555819,0.925788497,0.996860400
23.451306413,0.925788497,0.996860150
23.475059382,0.925788497,0.996853900
23.479809976,0.925788497,0.996853400
23.581947743,0.925788497,0.996827800
23.586698337,0.925788497,0.996827660
23.589073634,0.925788497,0.996827070
23.593824228,0.925788497,0.996826950
23.605700713,0.925788497,0.996822000
23.610451306,0.925788497,0.996821300
23.700712589,0.925788497,0.996802100
23.705463183,0.925788497,0.996802000
23.707838480,0.925788497,0.996800800
23.712589074,0.925788497,0.996796300
23.736342043,0.925788497,0.996787800
23.741092637,0.925788497,0.996786240
23.779097387,0.925788497,0.996777830
23.783847981,0.925788497,0.996775800
23.919239905,0.925788497,0.996740400
23.923990499,0.925788497,0.996740040
23.952494062,0.925788497,0.996729000
23.957244656,0.925788497,0.996728060
23.990498812,0.925788497,0.996716560
23.995249406,0.925788497,0.996716260
24.071258907,0.925788497,0.996692540
24.076009501,0.925788497,0.996691470
24.078384798,0.925788497,0.996691200
24.085510689,0.925788497,0.996691000
24.090261283,0.925788497,0.996690630
24.099762470,0.925788497,0.996689000
24.104513064,0.925788497,0.996688800
24.135391924,0.925788497,0.996682100
24.140142518,0.925788497,0.996681500
24.142517815,0.925788497,0.996678800
24.147268409,0.925788497,0.996678500
24.154394299,0.925788497,0.996677160
24.159144893,0.925788497,0.996676560
24.163895487,0.925788497,0.996674060
24.168646081,0.925788497,0.996673800
24.190023753,0.925788497,0.996663500
24.194774347,0.925788497,0.996661660
24.223277910,0.925788497,0.996652400
24.228028504,0.925788497,0.996651700
24.320665083,0.925788497,0.996625400
24.325415677,0.925788497,0.996625300
24.330166271,0.925788497,0.996623640
24.334916865,0.925788497,0.996623500
24.346793349,0.925788497,0.996615230
24.356294537,0.925788497,0.996614750
24.382422803,0.925788497,0.996605040
24.387173397,0.925788497,0.996604900
24.422802850,0.925788497,0.996597000
24.427553444,0.925788497,0.996596750
24.453681710,0.925788497,0.996588470
24.460807601,0.925788497,0.996587300
24.482185273,0.925788497,0.996583040
24.491686461,0.925788497,0.996581260
24.513064133,0.925788497,0.996577560
24.517814727,0.925788497,0.996577100
24.586698337,0.925788497,0.996550440
24.591448931,0.925788497,0.996547300
24.603325416,0.925788497,0.996543100
24.608076010,0.925788497,0.996542630
24.629453682,0.925788497,0.996534940
24.634204276,0.925788497,0.996533900
24.705463183,0.925788497,0.996507800
24.710213777,0.925788497,0.996507700
24.733966746,0.925788497,0.996500850
24.738717340,0.925788497,0.996500600
24.767220903,0.925788497,0.996493760
24.771971496,0.925788497,0.996492450
24.786223278,0.925788497,0.996488100
24.790973872,0.925788497,0.996487860
24.826603325,0.925788497,0.996475400
24.831353919,0.925788497,0.996475300
24.855106888,0.925788497,0.996467350
24.859857482,0.925788497,0.996466400
24.866983373,0.925788497,0.996463500
24.871733967,0.925788497,0.996460740
24.947743468,0.925788497,0.996438500
24.952494062,0.925788497,0.996437900
24.976247031,0.925788497,0.996427700
24.980997625,0.925788497,0.996427500
24.983372922,0.925788497,0.996427100
24.988123515,0.925788497,0.996426760
25.057007126,0.925788497,0.996401200
25.064133017,0.925788497,0.996401100
25.071258907,0.925788497,0.996399160
25.076009501,0.925788497,0.996398570
25.083135392,0.925788497,0.996394600
25.087885986,0.925788497,0.996393600
25.102137767,0.925788497,0.996385700
25.106888361,0.925788497,0.996385200
25.130641330,0.925788497,0.996379550
25.135391924,0.925788497,0.996379300
25.140142518,0.925788497,0.996378000
25.149643705,0.925788497,0.996376340
25.175771971,0.925788497,0.996366000
25.185273159,0.925788497,0.996364950
25.187648456,0.925788497,0.996364400
25.194774347,0.925788497,0.996363340
25.285035629,0.925788497,0.996337650
25.289786223,0.925788497,0.996336940
25.363420428,0.925788497,0.996307000
25.368171021,0.925788497,0.996306900
25.382422803,0.925788497,0.996300340
25.387173397,0.925788497,0.996300160
25.425178147,0.925788497,0.996287200
25.429928741,0.925788497,0.996286870
25.477434679,0.925788497,0.996267400
25.482185273,0.925788497,0.996266800
25.517814727,0.925788497,0.996249850
25.522565321,0.925788497,0.996249000
25.529691211,0.925788497,0.996247950
25.534441805,0.925788497,0.996247800
25.541567696,0.925788497,0.996245700
25.546318290,0.925788497,0.996244850
25.567695962,0.925788497,0.996236600
25.572446556,0.925788497,0.996235100
25.596199525,0.925788497,0.996227000
25.600950119,0.925788497,0.996226800
25.619952494,0.925788497,0.996215500
25.624703088,0.925788497,0.996215300
25.665083135,0.925788497,0.996197340
25.669833729,0.925788497,0.996196600
25.676959620,0.925788497,0.996195100
25.681710214,0.925788497,0.996193770
25.705463183,0.925788497,0.996185360
25.710213777,0.925788497,0.996184900
25.790973872,0.925788497,0.996160030
25.795724466,0.925788497,0.996158200
25.833729216,0.925788497,0.996144800
25.838479810,0.925788497,0.996144530
25.845605701,0.925788497,0.996143160
25.850356295,0.925788497,0.996142570
25.852731591,0.925788497,0.996141730
25.857482185,0.925788497,0.996140900
25.874109264,0.925788497,0.996137440
25.878859857,0.925788497,0.996137300
25.945368171,0.925788497,0.996115800
25.950118765,0.925788497,0.996115300
25.978622328,0.925788497,0.996104840
25.983372922,0.925788497,0.996104360
26.000000000,0.925788497,0.996100660
26.004750594,0.925788497,0.996100070
26.021377672,0.925788497,0.996090100
26.030878860,0.925788497,0.996087700
26.040380048,0.925788497,0.996080600
26.045130641,0.925788497,0.996079740
26.128266033,0.925788497,0.996054300
26.133016627,0.925788497,0.996054200
26.135391924,0.925788497,0.996053930
26.140142518,0.925788497,0.996053700
26.149643705,0.925788497,0.996051130
26.154394299,0.925788497,0.996050540
26.156769596,0.925788497,0.996049940
26.161520190,0.925788497,0.996047900
26.199524941,0.925788497,0.996031200
26.204275534,0.925788497,0.996031100
26.228028504,0.925788497,0.996022940
26.232779097,0.925788497,0.996022800
26.239904988,0.925788497,0.996020600
26.244655582,0.925788497,0.996018350
26.285035629,0.925788497,0.996011500
26.289786223,0.925788497,0.996010900
26.292161520,0.925788497,0.996009600
26.301662708,0.925788497,0.996006200
26.332541568,0.925788497,0.995990340
26.337292162,0.925788497,0.995988800
26.368171021,0.925788497,0.995975800
26.372921615,0.925788497,0.995975550
26.396674584,0.925788497,0.995969060
26.401425178,0.925788497,0.995968700
26.446555819,0.925788497,0.995956000
26.451306413,0.925788497,0.995955200
26.453681710,0.925788497,0.995955000
26.463182898,0.925788497,0.995953300
26.532066508,0.925788497,0.995931700
26.536817102,0.925788497,0.995931450
26.536817102,0.927643785,0.995930850
26.562945368,0.927643785,0.995921730
26.567695962,0.927643785,0.995921250
26.574821853,0.927643785,0.995919700
26.579572447,0.927643785,0.995919170
26.589073634,0.927643785,0.995916660
26.593824228,0.927643785,0.995915950
26.619952494,0.927643785,0.995908740
26.624703088,0.927643785,0.995907660
26.636579572,0.927643785,0.995904270
26.641330166,0.927643785,0.995904000
26.648456057,0.927643785,0.995903550
26.653206651,0.927643785,0.995902100
26.657957245,0.927643785,0.995901500
26.700712589,0.927643785,0.995884840
26.705463183,0.927643785,0.995884360
26.726840855,0.927643785,0.995878100
26.731591449,0.927643785,0.995877400
26.755344418,0.927643785,0.995865460
26.760095012,0.927643785,0.995864750
26.769596200,0.927643785,0.995862360
26.774346793,0.927643785,0.995861770
26.814726841,0.927643785,0.995849600
26.819477435,0.927643785,0.995845600
26.876484561,0.927643785,0.995821700
26.881235154,0.927643785,0.995821360
26.969121140,0.927643785,0.995789000
26.973871734,0.927643785,0.995788040
27.019002375,0.927643785,0.995771700
27.023752969,0.927643785,0.995771600
27.057007126,0.927643785,0.995758240
27.061757720,0.927643785,0.995758100
27.068883610,0.927643785,0.995754600
27.073634204,0.927643785,0.995754500
27.128266033,0.927643785,0.995734750
27.133016627,0.927643785,0.995733900
27.137767221,0.927643785,0.995730200
27.142517815,0.927643785,0.995730000
27.152019002,0.927643785,0.995725400
27.156769596,0.927643785,0.995723700
27.175771971,0.927643785,0.995718300
27.180522565,0.927643785,0.995718200
27.185273159,0.927643785,0.995715200
27.190023753,0.927643785,0.995711900
27.199524941,0.927643785,0.995707500
27.204275534,0.927643785,0.995706600
27.216152019,0.927643785,0.995704700
27.225653207,0.927643785,0.995703040
27.292161520,0.927643785,0.995684270
27.294536817,0.929499072,0.995684150
27.334916865,0.929499072,0.995668400
27.339667458,0.929499072,0.995667200
27.368171021,0.929499072,0.995652800
27.372921615,0.929499072,0.995652000
27.387173397,0.929499072,0.995648560
27.391923990,0.929499072,0.995646060
27.418052257,0.929499072,0.995638800
27.422802850,0.929499072,0.995637240
27.425178147,0.929499072,0.995636640
27.429928741,0.929499072,0.995635570
27.484560570,0.929499072,0.995620670
27.489311164,0.929499072,0.995619100
27.529691211,0.929499072,0.995604900
27.534441805,0.929499072,0.995604750
27.558194774,0.929499072,0.995589500
27.562945368,0.929499072,0.995586400
27.610451306,0.929499072,0.995564600
27.617577197,0.929499072,0.995563400
27.622327791,0.929499072,0.995561600
27.627078385,0.929499072,0.995560900
27.648456057,0.929499072,0.995552240
27.653206651,0.929499072,0.995551900
27.662707838,0.929499072,0.995549100
27.667458432,0.929499072,0.995548960
27.695961995,0.929499072,0.995540200
27.700712589,0.929499072,0.995538650
27.745843230,0.929499072,0.995524400
27.750593824,0.929499072,0.995521660
27.757719715,0.929499072,0.995518450
27.762470309,0.929499072,0.995517800
27.779097387,0.929499072,0.995507500
27.783847981,0.929499072,0.995506760
27.802850356,0.929499072,0.995502050
27.807600950,0.929499072,0.995500400
27.821852732,0.929499072,0.995495200
27.826603325,0.929499072,0.995492460
27.836104513,0.929499072,0.995488000
27.840855107,0.929499072,0.995487870
27.850356295,0.929499072,0.995486560
27.855106888,0.929499072,0.995485600
27.928741093,0.929499072,0.995452900
27.933491686,0.929499072,0.995452760
27.969121140,0.929499072,0.995432850
27.973871734,0.929499072,0.995431800
27.978622328,0.929499072,0.995429040
27.983372922,0.929499072,0.995427250
28.007125891,0.929499072,0.995418550
28.011876485,0.929499072,0.995418400
28.040380048,0.929499072,0.995411100
28.045130641,0.929499072,0.995410740
28.156769596,0.929499072,0.995369000
28.161520190,0.929499072,0.995368900
28.168646081,0.929499072,0.995367770
28.173396675,0.929499072,0.995361270
28.182897862,0.929499072,0.995355840
28.187648456,0.929499072,0.995355370
28.197149644,0.929499072,0.995352500
28.204275534,0.929499072,0.995352270
28.218527316,0.929499072,0.995350240
28.223277910,0.929499072,0.995349760
28.228028504,0.929499072,0.995348900
28.232779097,0.929499072,0.995347700
28.356294537,0.929499072,0.995298560
28.361045131,0.929499072,0.995295460
28.406175772,0.929499072,0.995269100
28.410926366,0.929499072,0.995268640
28.434679335,0.929499072,0.995261130
28.439429929,0.929499072,0.995259460
28.472684086,0.929499072,0.995243970
28.477434679,0.929499072,0.995242500
28.486935867,0.929499072,0.995240700
28.491686461,0.929499072,0.995237600
28.553444181,0.929499072,0.995212440
28.558194774,0.929499072,0.995211540
28.574821853,0.929499072,0.995207370
28.579572447,0.929499072,0.995205500
28.636579572,0.929499072,0.995188950
28.641330166,0.929499072,0.995187760
28.665083135,0.929499072,0.995173630
28.669833729,0.929499072,0.995173300
28.695961995,0.929499072,0.995165940
28.700712589,0.929499072,0.995165800
28.729216152,0.929499072,0.995152000
28.733966746,0.929499072,0.995149900
28.743467933,0.929499072,0.995146450
28.748218527,0.929499072,0.995146000
28.762470309,0.929499072,0.995141500
28.769596200,0.929499072,0.995140700
28.783847981,0.929499072,0.995133460
28.783847981,0.931354360,0.995132600
28.807600950,0.931354360,0.995120940
28.812351544,0.931354360,0.995120350
28.836104513,0.931354360,0.995111050
28.845605701,0.931354360,0.995108800
28.869358670,0.931354360,0.995099250
28.876484561,0.931354360,0.995099000
28.881235154,0.931354360,0.995096400
28.885985748,0.931354360,0.995093350
28.902612827,0.931354360,0.995085800
28.907363420,0.931354360,0.995084460
28.942992874,0.931354360,0.995074570
28.947743468,0.931354360,0.995072800
28.983372922,0.931354360,0.995060740
28.988123515,0.931354360,0.995059800
29.144893112,0.931354360,0.995006560
29.149643705,0.931354360,0.995006140
29.154394299,0.931354360,0.995004000
29.163895487,0.931354360,0.995003160
29.168646081,0.931354360,0.995001850
29.173396675,0.931354360,0.995001140
29.204275534,0.931354360,0.994990400
29.209026128,0.931354360,0.994989200
29.216152019,0.931354360,0.994984150
29.220902613,0.931354360,0.994984030
29.235154394,0.931354360,0.994978250
29.239904988,0.931354360,0.994976940
29.247030879,0.931354360,0.994975200
29.251781473,0.931354360,0.994975100
29.261282660,0.931354360,0.994971900
29.266033254,0.931354360,0.994971040
29.273159145,0.931354360,0.994969300
29.277909739,0.931354360,0.994968500
29.323040380,0.931354360,0.994948000
29.327790974,0.931354360,0.994947800
29.453681710,0.931354360,0.994892700
29.458432304,0.931354360,0.994892600
29.467933492,0.931354360,0.994889860
29.472684086,0.931354360,0.994888000
29.510688836,0.931354360,0.994876440
29.515439430,0.931354360,0.994875970
29.517814727,0.931354360,0.994875850
29.527315914,0.931354360,0.994872030
29.529691211,0.931354360,0.994871400
29.534441805,0.931354360,0.994870800
29.546318290,0.931354360,0.994866850
29.551068884,0.931354360,0.994866700
29.584323040,0.931354360,0.994856600
29.589073634,0.931354360,0.994855640
29.610451306,0.931354360,0.994849400
29.619952494,0.931354360,0.994848900
29.624703088,0.931354360,0.994843240
29.629453682,0.931354360,0.994841160
29.641330166,0.931354360,0.994839970
29.646080760,0.931354360,0.994837800
29.733966746,0.931354360,0.994802100
29.748218527,0.931354360,0.994798900
29.802850356,0.931354360,0.994778900
29.807600950,0.931354360,0.994777700
29.838479810,0.931354360,0.994764450
29.843230404,0.931354360,0.994764300
29.874109264,0.931354360,0.994754300
29.878859857,0.931354360,0.994753840
29.954869359,0.931354360,0.994721800
29.959619952,0.931354360,0.994720340
29.971496437,0.931354360,0.994716200
29.976247031,0.931354360,0.994715750
29.978622328,0.931354360,0.994715150
29.988123515,0.931354360,0.994713500
30.049881235,0.931354360,0.994687300
30.054631829,0.931354360,0.994687200
30.137767221,0.931354360,0.994657100
30.142517815,0.931354360,0.994656100
30.192399050,0.931354360,0.994630000
30.197149644,0.931354360,0.994629100
30.209026128,0.931354360,0.994623400
30.213776722,0.931354360,0.994622950
30.216152019,0.931354360,0.994621630
30.216152019,0.933209647,0.994620800
30.220902613,0.933209647,0.994620440
30.237529691,0.933209647,0.994609700
30.242280285,0.933209647,0.994609500
30.256532067,0.933209647,0.994604300
30.261282660,0.933209647,0.994603600
30.358669834,0.933209647,0.994558330
30.363420428,0.933209647,0.994558200
30.510688836,0.933209647,0.994508100
30.510688836,0.935064935,0.994506540
30.560570071,0.935064935,0.994489550
30.565320665,0.935064935,0.994486750
30.600950119,0.935064935,0.994472300
30.605700713,0.935064935,0.994472000
30.615201900,0.935064935,0.994469300
30.619952494,0.935064935,0.994468900
30.636579572,0.935064935,0.994456230
30.641330166,0.935064935,0.994456000
30.646080760,0.935064935,0.994454700
30.650831354,0.935064935,0.994451700
30.657957245,0.935064935,0.994448200
30.662707838,0.935064935,0.994446640
30.679334917,0.935064935,0.994438400
30.686460808,0.935064935,0.994438300
30.745843230,0.935064935,0.994410600
30.750593824,0.935064935,0.994410100
30.760095012,0.935064935,0.994403960
30.764845606,0.935064935,0.994403060
30.779097387,0.935064935,0.994400560
30.788598575,0.935064935,0.994399500
30.812351544,0.935064935,0.994392200
30.817102138,0.935064935,0.994390300
30.831353919,0.935064935,0.994383450
30.833729216,0.936920223,0.994383100
30.843230404,0.936920223,0.994379100
30.847980998,0.936920223,0.994378750
30.852731591,0.936920223,0.994376060
30.857482185,0.936920223,0.994375700
30.869358670,0.936920223,0.994370640
30.874109264,0.936920223,0.994365800
30.895486936,0.936920223,0.994360860
30.900237530,0.936920223,0.994359300
30.914489311,0.936920223,0.994352940
30.914489311,0.938775510,0.994351270
30.935866983,0.938775510,0.994344600
30.940617577,0.938775510,0.994342200
31.000000000,0.938775510,0.994318900
31.004750594,0.938775510,0.994317700
31.071258907,0.938775510,0.994292600
31.076009501,0.938775510,0.994287550
31.114014252,0.938775510,0.994272770
31.118764846,0.938775510,0.994271760
31.154394299,0.938775510,0.994255600
31.159144893,0.938775510,0.994255500
31.206650831,0.938775510,0.994239330
31.211401425,0.938775510,0.994239100
31.320665083,0.938775510,0.994199300
31.325415677,0.938775510,0.994197850
31.418052257,0.938775510,0.994159600
31.422802850,0.938775510,0.994158150
31.446555819,0.938775510,0.994148850
31.451306413,0.938775510,0.994148400
31.453681710,0.938775510,0.994147300
31.458432304,0.938775510,0.994144600
31.627078385,0.938775510,0.994063560
31.631828979,0.938775510,0.994063100
31.655581948,0.938775510,0.994056200
31.660332542,0.938775510,0.994056000
31.679334917,0.938775510,0.994049300
31.684085511,0.938775510,0.994048950
31.762470309,0.938775510,0.994022400
31.767220903,0.938775510,0.994021830
31.779097387,0.938775510,0.994018800
31.783847981,0.938775510,0.994017700
31.795724466,0.938775510,0.994010500
31.800475059,0.938775510,0.994010100
31.876484561,0.938775510,0.993971000
31.881235154,0.938775510,0.993970900
31.964370546,0.938775510,0.993924440
31.969121140,0.938775510,0.993921640
31.971496437,0.938775510,0.993919850
31.976247031,0.938775510,0.993919400
31.980997625,0.938775510,0.993916700
31.985748219,0.938775510,0.993916450
32.000000000,0.938775510,0.993909840
32.004750594,0.938775510,0.993909240
32.021377672,0.938775510,0.993904200
32.026128266,0.938775510,0.993903600
32.038004751,0.938775510,0.993898100
32.042755344,0.938775510,0.993896900
32.066508314,0.938775510,0.993887360
32.071258907,0.938775510,0.993885000
32.099762470,0.938775510,0.993867340
32.104513064,0.938775510,0.993866150
32.152019002,0.938775510,0.993844870
32.156769596,0.938775510,0.993843200
32.194774347,0.938775510,0.993827040
32.199524941,0.938775510,0.993826200
32.211401425,0.938775510,0.993824360
32.216152019,0.938775510,0.993823900
32.228028504,0.938775510,0.993818340
32.232779097,0.938775510,0.993817030
32.237529691,0.938775510,0.993814230
32.242280285,0.938775510,0.993809160
32.287410926,0.938775510,0.993787050
32.292161520,0.938775510,0.993786800
32.296912114,0.938775510,0.993785140
32.301662708,0.938775510,0.993782600
32.387173397,0.938775510,0.993746760
32.391923990,0.938775510,0.993746640
32.441805226,0.938775510,0.993725960
32.446555819,0.938775510,0.993723900
32.460807601,0.938775510,0.993719000
32.467933492,0.938775510,0.993717700
32.475059382,0.938775510,0.993717100
32.479809976,0.938775510,0.993715350
32.541567696,0.938775510,0.993684600
32.546318290,0.938775510,0.993682860
32.548693587,0.938775510,0.993682150
32.553444181,0.938775510,0.993680830
32.624703088,0.938775510,0.993643640
32.629453682,0.938775510,0.993642570
32.676959620,0.938775510,0.993615400
32.681710214,0.938775510,0.993613540
32.684085511,0.938775510,0.993611040
32.688836105,0.938775510,0.993608240
32.752969121,0.938775510,0.993583140
32.757719715,0.938775510,0.993583000
32.771971496,0.938775510,0.993576700
32.776722090,0.938775510,0.993576600
32.779097387,0.938775510,0.993575750
32.783847981,0.938775510,0.993575160
32.836104513,0.938775510,0.993553760
32.840855107,0.938775510,0.993553640
32.847980998,0.938775510,0.993550000
32.852731591,0.938775510,0.993549300
32.866983373,0.938775510,0.993544700
32.871733967,0.938775510,0.993542900
32.893111639,0.938775510,0.993534800
32.897862233,0.938775510,0.993534300
32.980997625,0.938775510,0.993503400
32.985748219,0.938775510,0.993502900
33.019002375,0.938775510,0.993491700
33.023752969,0.938775510,0.993490800
33.068883610,0.938775510,0.993468300
33.073634204,0.938775510,0.993467150
33.135391924,0.938775510,0.993445700
33.140142518,0.938775510,0.993442800
33.171021378,0.938775510,0.993426100
33.175771971,0.938775510,0.993423160
33.192399050,0.938775510,0.993409800
33.197149644,0.938775510,0.993408200
33.201900238,0.938775510,0.993405940
33.206650831,0.938775510,0.993405600
33.315914489,0.938775510,0.993360460
33.320665083,0.938775510,0.993359270
33.349168646,0.938775510,0.993341000
33.353919240,0.938775510,0.993340900
33.408551069,0.938775510,0.993315300
33.413301663,0.938775510,0.993312060
33.432304038,0.938775510,0.993296440
33.437054632,0.938775510,0.993296300
33.467933492,0.938775510,0.993278700
33.472684086,0.938775510,0.993278560
33.532066508,0.938775510,0.993253050
33.536817102,0.938775510,0.993252000
33.543942993,0.938775510,0.993248600
33.548693587,0.938775510,0.993248100
33.565320665,0.938775510,0.993240240
33.570071259,0.938775510,0.993236960
33.598574822,0.938775510,0.993227200
33.603325416,0.938775510,0.993226950
33.622327791,0.938775510,0.993218700
33.627078385,0.938775510,0.993217050
33.662707838,0.938775510,0.993199900
33.667458432,0.938775510,0.993198700
33.669833729,0.938775510,0.993198600
33.674584323,0.938775510,0.993192730
33.707838480,0.938775510,0.993180040
33.712589074,0.938775510,0.993178500
33.731591449,0.938775510,0.993167000
33.736342043,0.938775510,0.993165100
33.750593824,0.938775510,0.993160500
33.755344418,0.938775510,0.993159530
33.802850356,0.938775510,0.993138970
33.807600950,0.938775510,0.993138500
33.838479810,0.938775510,0.993123800
33.843230404,0.938775510,0.993123600
33.876484561,0.938775510,0.993111250
33.881235154,0.938775510,0.993110200
33.919239905,0.938775510,0.993084300
33.923990499,0.938775510,0.993082640
33.957244656,0.938775510,0.993061960
33.961995249,0.938775510,0.993060900
33.983372922,0.938775510,0.993051300
33.988123515,0.938775510,0.993050600
33.995249406,0.938775510,0.993048670
34.000000000,0.938775510,0.993047650
34.019002375,0.938775510,0.993035400
34.023752969,0.938775510,0.993034000
34.028503563,0.938775510,0.993033400
34.033254157,0.938775510,0.993030500
34.057007126,0.938775510,0.993015300
34.061757720,0.938775510,0.993014160
34.118764846,0.938775510,0.992990140
34.123515439,0.938775510,0.992989800
34.125890736,0.938775510,0.992987800
34.133016627,0.938775510,0.992985400
34.166270784,0.938775510,0.992965100
34.171021378,0.938775510,0.992964270
34.194774347,0.938775510,0.992951600
34.199524941,0.938775510,0.992946800
34.235154394,0.938775510,0.992934640
34.239904988,0.938775510,0.992933500
34.251781473,0.938775510,0.992927250
34.256532067,0.938775510,0.992926660
34.296912114,0.938775510,0.992898100
34.301662708,0.938775510,0.992897000
34.342042755,0.938775510,0.992876800
34.346793349,0.938775510,0.992874860
34.406175772,0.938775510,0.992854900
34.413301663,0.938775510,0.992854540
34.498812352,0.938775510,0.992812000
34.503562945,0.938775510,0.992811500
34.513064133,0.938775510,0.992807500
34.517814727,0.938775510,0.992806550
34.648456057,0.938775510,0.992735400
34.653206651,0.938775510,0.992733700
34.686460808,0.938775510,0.992718940
34.691211401,0.938775510,0.992718200
34.726840855,0.938775510,0.992703100
34.731591449,0.938775510,0.992702100
34.790973872,0.938775510,0.992673800
34.790973872,0.940630798,0.992673460
34.800475059,0.940630798,0.992670900
34.805225653,0.940630798,0.992669200
34.935866983,0.940630798,0.992604730
34.940617577,0.940630798,0.992604600
34.969121140,0.940630798,0.992596500
34.973871734,0.940630798,0.992594800
34.980997625,0.940630798,0.992593940
34.985748219,0.940630798,0.992593470
35.021377672,0.940630798,0.992578100
35.030878860,0.940630798,0.992576000
35.116389549,0.940630798,0.992533900
35.121140143,0.940630798,0.992531960
35.190023753,0.940630798,0.992498700
35.190023753,0.942486085,0.992497300
35.244655582,0.942486085,0.992479900
35.249406176,0.942486085,0.992479100
35.353919240,0.942486085,0.992426160
35.358669834,0.942486085,0.992422760
35.363420428,0.942486085,0.992418500
35.368171021,0.942486085,0.992418170
35.543942993,0.942486085,0.992332800
35.548693587,0.942486085,0.992332600
35.598574822,0.942486085,0.992291300
35.603325416,0.942486085,0.992290200
35.672209026,0.942486085,0.992253100
35.676959620,0.942486085,0.992252770
35.707838480,0.942486085,0.992229400
35.712589074,0.942486085,0.992229160
35.750593824,0.942486085,0.992216350
35.755344418,0.942486085,0.992212600
35.783847981,0.942486085,0.992197330
35.788598575,0.942486085,0.992196900
35.807600950,0.942486085,0.992182800
35.812351544,0.942486085,0.992182430
35.833729216,0.942486085,0.992169800
35.838479810,0.942486085,0.992168100
35.921615202,0.942486085,0.992122600
35.931116390,0.942486085,0.992121340
35.950118765,0.942486085,0.992114600
35.954869359,0.942486085,0.992113100
35.969121140,0.942486085,0.992108400
35.973871734,0.942486085,0.992107030
35.978622328,0.942486085,0.992105700
35.983372922,0.942486085,0.992104530
35.988123515,0.942486085,0.992101500
35.992874109,0.942486085,0.992100400
36.068883610,0.942486085,0.992060800
36.073634204,0.942486085,0.992060300
36.080760095,0.942486085,0.992057600
36.085510689,0.942486085,0.992057500
36.125890736,0.942486085,0.992036700
36.135391924,0.942486085,0.992033400
36.175771971,0.942486085,0.992018000
36.180522565,0.942486085,0.992016430
36.182897862,0.942486085,0.992014500
36.187648456,0.942486085,0.992013500
36.194774347,0.942486085,0.992010100
36.199524941,0.942486085,0.992009040
36.220902613,0.942486085,0.991996200
36.225653207,0.942486085,0.991995200
36.330166271,0.942486085,0.991944850
36.334916865,0.942486085,0.991942640
36.370546318,0.942486085,0.991924700
36.375296912,0.942486085,0.991924200
36.448931116,0.942486085,0.991883900
36.453681710,0.942486085,0.991882600
36.491686461,0.942486085,0.991861100
36.496437055,0.942486085,0.991860450
36.593824228,0.942486085,0.991794500
36.598574822,0.942486085,0.991791600
36.603325416,0.942486085,0.991789600
36.608076010,0.942486085,0.991786800
36.619952494,0.942486085,0.991782300
36.624703088,0.942486085,0.991781200
36.653206651,0.942486085,0.991763950
36.657957245,0.942486085,0.991760600
36.726840855,0.942486085,0.991723700
36.731591449,0.942486085,0.991723000
36.819477435,0.942486085,0.991673500
36.824228029,0.942486085,0.991672340
36.852731591,0.942486085,0.991656060
36.857482185,0.942486085,0.991654300
36.864608076,0.942486085,0.991650100
36.869358670,0.942486085,0.991649600
36.876484561,0.942486085,0.991647100
36.881235154,0.942486085,0.991646900
36.895486936,0.942486085,0.991640000
36.900237530,0.942486085,0.991638600
36.926365796,0.942486085,0.991630500
36.931116390,0.942486085,0.991630260
36.954869359,0.942486085,0.991622750
36.959619952,0.942486085,0.991620800
36.983372922,0.942486085,0.991607300
36.988123515,0.942486085,0.991607200
37.002375297,0.942486085,0.991604270
37.007125891,0.942486085,0.991602000
37.045130641,0.942486085,0.991575200
37.049881235,0.942486085,0.991575060
37.109263658,0.942486085,0.991555300
37.118764846,0.942486085,0.991553250
37.140142518,0.942486085,0.991541700
37.144893112,0.942486085,0.991540130
37.147268409,0.942486085,0.991538170
37.152019002,0.942486085,0.991537900
37.159144893,0.942486085,0.991535400
37.163895487,0.942486085,0.991534530
37.242280285,0.942486085,0.991499250
37.249406176,0.942486085,0.991498650
37.330166271,0.942486085,0.991455200
37.334916865,0.942486085,0.991454840
37.339667458,0.942486085,0.991453770
37.344418052,0.942486085,0.991452700
37.389548694,0.942486085,0.991430940
37.394299287,0.942486085,0.991429870
37.410926366,0.942486085,0.991422600
37.415676960,0.942486085,0.991422100
37.458432304,0.942486085,0.991402900
37.463182898,0.942486085,0.991400900
37.503562945,0.942486085,0.991380300
37.508313539,0.942486085,0.991380040
37.524940618,0.942486085,0.991374430
37.529691211,0.942486085,0.991374100
37.539192399,0.942486085,0.991371750
37.543942993,0.942486085,0.991368600
37.574821853,0.942486085,0.991347970
37.579572447,0.942486085,0.991347500
37.605700713,0.942486085,0.991336700
37.610451306,0.942486085,0.991334740
37.631828979,0.942486085,0.991312300
37.636579572,0.942486085,0.991311900
37.672209026,0.942486085,0.991292400
37.676959620,0.942486085,0.991292300
37.684085511,0.942486085,0.991286000
37.688836105,0.942486085,0.991285400
37.726840855,0.942486085,0.991267400
37.731591449,0.942486085,0.991264760
37.800475059,0.942486085,0.991227700
37.805225653,0.942486085,0.991226140
37.807600950,0.942486085,0.991223930
37.812351544,0.942486085,0.991223600
37.831353919,0.942486085,0.991211100
37.836104513,0.942486085,0.991210700
37.864608076,0.942486085,0.991199100
37.869358670,0.942486085,0.991198840
37.888361045,0.942486085,0.991185500
37.897862233,0.942486085,0.991183760
38.149643705,0.942486085,0.991042500
38.154394299,0.942486085,0.991041840
38.220902613,0.942486085,0.991000700
38.225653207,0.942486085,0.990998740
38.251781473,0.942486085,0.990982230
38.256532067,0.942486085,0.990981900
38.332541568,0.942486085,0.990944150
38.337292162,0.942486085,0.990943500
38.356294537,0.942486085,0.990933540
38.361045131,0.942486085,0.990930400
38.389548694,0.942486085,0.990915500
38.394299287,0.942486085,0.990914000
38.501187648,0.942486085,0.990843400
38.505938242,0.942486085,0.990843200
38.522565321,0.942486085,0.990827900
38.527315914,0.942486085,0.990827740
38.562945368,0.942486085,0.990804100
38.562945368,0.944341373,0.990802200
38.705463183,0.944341373,0.990717000
38.710213777,0.944341373,0.990716500
38.793349169,0.944341373,0.990655960
38.798099762,0.944341373,0.990654200
38.893111639,0.944341373,0.990602730
38.897862233,0.944341373,0.990602500
38.904988124,0.944341373,0.990598500
38.909738717,0.944341373,0.990594860
38.950118765,0.944341373,0.990564200
38.954869359,0.944341373,0.990563630
38.983372922,0.944341373,0.990543960
38.988123515,0.944341373,0.990543660
39.121140143,0.944341373,0.990454500
39.125890736,0.944341373,0.990453960
39.140142518,0.944341373,0.990448400
39.144893112,0.944341373,0.990448300
39.152019002,0.944341373,0.990446100
39.156769596,0.944341373,0.990445000
39.187648456,0.944341373,0.990430060
39.192399050,0.944341373,0.990427260
39.209026128,0.944341373,0.990421800
39.213776722,0.944341373,0.990421530
39.325415677,0.944341373,0.990354200
39.330166271,0.944341373,0.990353700
39.337292162,0.944341373,0.990351000
39.342042755,0.944341373,0.990350900
39.380047506,0.944341373,0.990327200
39.384798100,0.944341373,0.990326340
39.432304038,0.944341373,0.990301500
39.437054632,0.944341373,0.990301250
39.529691211,0.944341373,0.990235750
39.534441805,0.944341373,0.990235500
39.584323040,0.944341373,0.990198730
39.589073634,0.944341373,0.990195330
39.643705463,0.944341373,0.990167260
39.648456057,0.944341373,0.990160700
39.662707838,0.944341373,0.990150000
39.665083135,0.946196660,0.990149000
39.686460808,0.946196660,0.990134300
39.691211401,0.946196660,0.990134060
39.700712589,0.946196660,0.990126400
39.705463183,0.946196660,0.990126130
39.788598575,0.946196660,0.990085240
39.793349169,0.946196660,0.990083460
39.866983373,0.946196660,0.990036250
39.871733967,0.946196660,0.990030770
39.907363420,0.946196660,0.990017240
39.912114014,0.946196660,0.990015200
39.957244656,0.946196660,0.989996700
39.961995249,0.946196660,0.989995500
40.125890736,0.946196660,0.989890340
40.130641330,0.946196660,0.989887540
40.218527316,0.946196660,0.989841760
40.223277910,0.946196660,0.989841500
40.289786223,0.946196660,0.989813600
40.294536817,0.946196660,0.989812100
40.337292162,0.946196660,0.989782700
40.342042755,0.946196660,0.989781400
40.396674584,0.946196660,0.989744600
40.401425178,0.946196660,0.989741800
40.415676960,0.946196660,0.989726960
40.420427553,0.946196660,0.989726360
40.496437055,0.946196660,0.989678140
40.501187648,0.946196660,0.989675460
40.520190024,0.946196660,0.989661800
40.524940618,0.946196660,0.989659370
40.586698337,0.946196660,0.989621900
40.591448931,0.946196660,0.989621160
40.653206651,0.946196660,0.989587550
40.657957245,0.946196660,0.989586950
40.665083135,0.946196660,0.989583500
40.669833729,0.946196660,0.989583250
40.688836105,0.946196660,0.989573800
40.693586698,0.946196660,0.989570140
40.722090261,0.946196660,0.989547500
40.726840855,0.946196660,0.989546840
40.786223278,0.946196660,0.989506200
40.790973872,0.946196660,0.989503600
40.857482185,0.946196660,0.989452840
40.862232779,0.946196660,0.989451470
40.942992874,0.946196660,0.989383160
40.947743468,0.946196660,0.989381300
41.061757720,0.946196660,0.989331500
41.066508314,0.946196660,0.989329400
41.085510689,0.946196660,0.989315600
41.090261283,0.946196660,0.989314300
41.118764846,0.946196660,0.989302600
41.123515439,0.946196660,0.989302200
41.142517815,0.946196660,0.989285900
41.147268409,0.946196660,0.989283200
41.163895487,0.946196660,0.989270570
41.171021378,0.946196660,0.989270150
41.182897862,0.946196660,0.989268000
41.187648456,0.946196660,0.989267400
41.228028504,0.946196660,0.989241800
41.232779097,0.946196660,0.989241400
41.235154394,0.946196660,0.989241300
41.239904988,0.946196660,0.989239200
41.363420428,0.946196660,0.989164300
41.363420428,0.948051948,0.989164000
41.418052257,0.948051948,0.989128200
41.422802850,0.948051948,0.989123170
41.501187648,0.948051948,0.989084660
41.505938242,0.948051948,0.989084400
41.622327791,0.948051948,0.989016650
41.627078385,0.948051948,0.989015500
41.653206651,0.948051948,0.989002470
41.657957245,0.948051948,0.988999200
41.672209026,0.948051948,0.988990200
41.679334917,0.948051948,0.988989950
41.750593824,0.948051948,0.988942400
41.755344418,0.948051948,0.988942270
41.800475059,0.948051948,0.988902400
41.805225653,0.948051948,0.988901400
41.814726841,0.948051948,0.988894160
41.819477435,0.948051948,0.988892730
41.826603325,0.948051948,0.988891500
41.831353919,0.948051948,0.988891360
41.966745843,0.948051948,0.988807300
41.971496437,0.948051948,0.988806840
42.009501188,0.948051948,0.988771140
42.016627078,0.948051948,0.988769900
42.035629454,0.948051948,0.988761000
42.040380048,0.948051948,0.988758200
42.080760095,0.948051948,0.988737340
42.085510689,0.948051948,0.988733300
42.349168646,0.948051948,0.988568800
42.353919240,0.948051948,0.988566700
42.460807601,0.948051948,0.988499000
42.465558195,0.948051948,0.988496800
42.479809976,0.948051948,0.988483250
42.484560570,0.948051948,0.988478960
42.489311164,0.948051948,0.988473950
42.494061758,0.948051948,0.988473600
42.551068884,0.948051948,0.988444270
42.555819477,0.948051948,0.988441000
42.691211401,0.948051948,0.988376200
42.695961995,0.948051948,0.988375540
42.710213777,0.948051948,0.988363300
42.714964371,0.948051948,0.988361300
42.752969121,0.948051948,0.988335700
42.757719715,0.948051948,0.988334200
42.807600950,0.948051948,0.988310100
42.812351544,0.948051948,0.988308550
42.819477435,0.948051948,0.988307800
42.824228029,0.948051948,0.988306100
42.836104513,0.948051948,0.988297050
42.836104513,0.949907236,0.988296900
42.947743468,0.949907236,0.988232800
42.952494062,0.949907236,0.988230700
43.004750594,0.949907236,0.988198100
43.009501188,0.949907236,0.988195400
43.223277910,0.949907236,0.988028400
43.228028504,0.949907236,0.988026600
43.292161520,0.949907236,0.987978600
43.296912114,0.949907236,0.987978340
43.311163895,0.949907236,0.987963900
43.320665083,0.949907236,0.987963300
43.334916865,0.949907236,0.987956200
43.339667458,0.949907236,0.987948800
43.384798100,0.949907236,0.987920760
43.389548694,0.949907236,0.987920300
43.406175772,0.949907236,0.987909800
43.410926366,0.949907236,0.987909500
43.501187648,0.949907236,0.987855850
43.505938242,0.949907236,0.987855730
43.539192399,0.949907236,0.987835200
43.543942993,0.949907236,0.987834200
43.560570071,0.949907236,0.987824300
43.565320665,0.949907236,0.987823600
43.631828979,0.949907236,0.987779740
43.636579572,0.949907236,0.987779440
43.695961995,0.949907236,0.987743700
43.700712589,0.949907236,0.987743140
43.731591449,0.949907236,0.987715900
43.736342043,0.949907236,0.987714650
43.807600950,0.949907236,0.987664300
43.812351544,0.949907236,0.987663700
43.821852732,0.949907236,0.987661100
43.826603325,0.949907236,0.987660000
43.881235154,0.949907236,0.987608130
43.885985748,0.949907236,0.987605600
44.009501188,0.949907236,0.987548700
44.014251781,0.949907236,0.987548600
44.166270784,0.949907236,0.987442900
44.171021378,0.949907236,0.987441660
44.289786223,0.949907236,0.987358400
44.294536817,0.949907236,0.987353440
44.301662708,0.949907236,0.987351500
44.306413302,0.949907236,0.987351240
44.344418052,0.949907236,0.987339000
44.349168646,0.949907236,0.987338400
44.558194774,0.949907236,0.987189600
44.562945368,0.949907236,0.987187740
44.643705463,0.949907236,0.987139170
44.648456057,0.949907236,0.987135470
44.650831354,0.949907236,0.987131700
44.655581948,0.949907236,0.987131300
44.691211401,0.949907236,0.987093270
44.695961995,0.949907236,0.987092850
44.700712589,0.949907236,0.987085160
44.705463183,0.949907236,0.987084800
44.707838480,0.949907236,0.987084570
44.712589074,0.949907236,0.987083800
44.771971496,0.949907236,0.987053100
44.776722090,0.949907236,0.987052400
44.933491686,0.949907236,0.986933470
44.935866983,0.951762523,0.986932100
45.000000000,0.951762523,0.986886700
45.004750594,0.951762523,0.986884360
45.049881235,0.951762523,0.986849550
45.054631829,0.951762523,0.986848950
45.099762470,0.951762523,0.986814500
45.104513064,0.951762523,0.986813660
45.106888361,0.951762523,0.986813000
45.111638955,0.951762523,0.986812650
45.142517815,0.951762523,0.986787440
45.147268409,0.951762523,0.986787100
45.178147268,0.951762523,0.986767000
45.182897862,0.951762523,0.986765860
45.251781473,0.951762523,0.986706440
45.256532067,0.951762523,0.986704800
45.273159145,0.951762523,0.986689900
45.277909739,0.951762523,0.986689270
45.334916865,0.951762523,0.986646530
45.339667458,0.951762523,0.986645160
45.363420428,0.951762523,0.986622870
45.368171021,0.951762523,0.986622630
45.584323040,0.951762523,0.986462300
45.593824228,0.951762523,0.986461940
45.705463183,0.951762523,0.986386400
45.710213777,0.951762523,0.986375750
45.755344418,0.951762523,0.986338100
45.760095012,0.951762523,0.986334800
45.817102138,0.951762523,0.986305500
45.821852732,0.951762523,0.986305240
45.883610451,0.951762523,0.986263500
45.888361045,0.951762523,0.986262560
45.961995249,0.951762523,0.986210050
45.966745843,0.951762523,0.986209100
46.133016627,0.951762523,0.986094240
46.137767221,0.951762523,0.986093300
46.422802850,0.951762523,0.985890500
46.427553444,0.951762523,0.985890400
46.529691211,0.951762523,0.985831100
46.534441805,0.951762523,0.985830000
46.546318290,0.951762523,0.985827450
46.551068884,0.951762523,0.985826200
46.574821853,0.951762523,0.985815400
46.579572447,0.951762523,0.985814030
46.638954869,0.951762523,0.985780400
46.643705463,0.951762523,0.985780060
46.653206651,0.951762523,0.985773700
46.657957245,0.951762523,0.985773600
46.959619952,0.951762523,0.985565250
46.964370546,0.951762523,0.985564400
47.049881235,0.951762523,0.985492050
47.054631829,0.951762523,0.985490200
47.085510689,0.951762523,0.985458730
47.090261283,0.951762523,0.985458500
47.175771971,0.951762523,0.985397460
47.175771971,0.953617811,0.985395500
47.242280285,0.953617811,0.985353700
47.247030879,0.953617811,0.985352600
47.277909739,0.953617811,0.985326400
47.282660333,0.953617811,0.985324560
47.323040380,0.953617811,0.985289900
47.327790974,0.953617811,0.985286500
47.372921615,0.953617811,0.985254100
47.377672209,0.953617811,0.985249600
47.610451306,0.953617811,0.985088770
47.615201900,0.953617811,0.985087600
47.724465558,0.953617811,0.985013400
47.729216152,0.953617811,0.985011800
47.757719715,0.953617811,0.984990800
47.762470309,0.953617811,0.984989300
47.764845606,0.953617811,0.984988030
47.769596200,0.953617811,0.984985100
47.824228029,0.953617811,0.984955970
47.828978622,0.953617811,0.984955600
47.836104513,0.953617811,0.984952500
47.840855107,0.953617811,0.984952030
47.864608076,0.953617811,0.984931470
47.869358670,0.953617811,0.984927800
47.897862233,0.953617811,0.984899900
47.902612827,0.953617811,0.984898600
47.952494062,0.953617811,0.984858630
47.961995249,0.953617811,0.984853000
48.057007126,0.953617811,0.984779540
48.061757720,0.953617811,0.984779060
48.071258907,0.953617811,0.984764040
48.076009501,0.953617811,0.984762670
48.220902613,0.953617811,0.984647630
48.225653207,0.953617811,0.984644200
48.249406176,0.953617811,0.984629900
48.254156770,0.953617811,0.984628900
48.280285036,0.953617811,0.984600700
48.285035629,0.953617811,0.984599530
48.301662708,0.953617811,0.984588100
48.306413302,0.953617811,0.984585200
48.560570071,0.953617811,0.984386740
48.565320665,0.953617811,0.984386600
48.627078385,0.953617811,0.984330240
48.631828979,0.953617811,0.984327600
48.693586698,0.953617811,0.984272100
48.698337292,0.953617811,0.984269260
48.750593824,0.953617811,0.984224300
48.755344418,0.953617811,0.984222050
48.783847981,0.953617811,0.984204100
48.788598575,0.953617811,0.984199640
48.964370546,0.953617811,0.984055100
48.969121140,0.953617811,0.984052660
49.014251781,0.953617811,0.984019760
49.019002375,0.953617811,0.984018000
49.173396675,0.953617811,0.983905260
49.178147268,0.953617811,0.983905140
49.216152019,0.953617811,0.983864550
49.220902613,0.953617811,0.983859100
49.247030879,0.953617811,0.983841000
49.251781473,0.953617811,0.983831900
49.268408551,0.953617811,0.983815600
49.273159145,0.953617811,0.983814000
49.427553444,0.953617811,0.983698840
49.432304038,0.953617811,0.983696500
49.482185273,0.953617811,0.983645900
49.486935867,0.953617811,0.983643600
49.524940618,0.953617811,0.983624800
49.529691211,0.953617811,0.983623860
49.553444181,0.953617811,0.983595970
49.558194774,0.953617811,0.983595600
49.662707838,0.953617811,0.983528140
49.667458432,0.953617811,0.983526000
49.752969121,0.953617811,0.983431760
49.757719715,0.953617811,0.983430740
49.826603325,0.953617811,0.983362000
49.833729216,0.953617811,0.983355200
49.874109264,0.953617811,0.983327570
49.878859857,0.953617811,0.983325500
49.923990499,0.953617811,0.983292040
49.928741093,0.953617811,0.983289300
50.030878860,0.953617811,0.983211800
50.035629454,0.953617811,0.983211600
50.052256532,0.953617811,0.983200300
50.057007126,0.953617811,0.983200100
50.161520190,0.953617811,0.983132660
50.166270784,0.953617811,0.983131770
50.270783848,0.953617811,0.983024100
50.275534442,0.953617811,0.983024000
50.318289786,0.953617811,0.982998250
50.323040380,0.953617811,0.982997400
50.406175772,0.953617811,0.982936860
50.410926366,0.953617811,0.982935300
50.460807601,0.953617811,0.982895850
50.465558195,0.953617811,0.982894800
50.574821853,0.953617811,0.982797900
50.574821853,0.955473098,0.982797860
50.612826603,0.955473098,0.982765000
50.617577197,0.955473098,0.982764300
50.859857482,0.955473098,0.982563900
50.866983373,0.955473098,0.982563800
50.893111639,0.955473098,0.982537800
50.897862233,0.955473098,0.982534200
50.926365796,0.955473098,0.982512350
50.935866983,0.955473098,0.982508800
51.035629454,0.955473098,0.982416300
51.040380048,0.955473098,0.982414540
51.156769596,0.955473098,0.982331300
51.161520190,0.955473098,0.982329300
51.190023753,0.955473098,0.982306800
51.194774347,0.955473098,0.982305470
51.394299287,0.955473098,0.982150900
51.399049881,0.955473098,0.982149060
51.422802850,0.955473098,0.982112400
51.427553444,0.955473098,0.982112170
51.470308789,0.955473098,0.982076400
51.475059382,0.955473098,0.982075150
51.505938242,0.955473098,0.982050900
51.510688836,0.955473098,0.982050540
51.529691211,0.955473098,0.982022600
51.534441805,0.955473098,0.982013300
51.577197150,0.955473098,0.981982050
51.581947743,0.955473098,0.981981930
51.593824228,0.955473098,0.981974660
51.598574822,0.955473098,0.981971900
51.679334917,0.955473098,0.981914700
51.684085511,0.955473098,0.981913000
51.876484561,0.955473098,0.981732960
51.881235154,0.955473098,0.981731830
51.973871734,0.955473098,0.981633600
51.978622328,0.955473098,0.981632950
52.076009501,0.955473098,0.981555300
52.080760095,0.955473098,0.981554800
52.218527316,0.955473098,0.981453300
52.223277910,0.955473098,0.981451030
52.301662708,0.955473098,0.981388700
52.306413302,0.955473098,0.981387850
52.308788599,0.955473098,0.981386960
52.313539192,0.955473098,0.981381650
52.456057007,0.955473098,0.981245160
52.460807601,0.955473098,0.981242660
52.503562945,0.955473098,0.981197400
52.508313539,0.955473098,0.981192950
52.593824228,0.955473098,0.981123400
52.598574822,0.955473098,0.981122730
52.698337292,0.955473098,0.981044800
52.703087886,0.955473098,0.981044230
52.717339667,0.955473098,0.981035400
52.726840855,0.955473098,0.981034460
52.876484561,0.955473098,0.980903000
52.881235154,0.955473098,0.980901840
53.140142518,0.955473098,0.980668200
53.144893112,0.955473098,0.980666900
53.382422803,0.955473098,0.980406400
53.387173397,0.955473098,0.980403660
53.622327791,0.955473098,0.980146100
53.627078385,0.955473098,0.980145750
53.693586698,0.955473098,0.980074000
53.698337292,0.955473098,0.980073630
53.731591449,0.955473098,0.980023800
53.736342043,0.955473098,0.980021660
53.783847981,0.955473098,0.979985500
53.793349169,0.955473098,0.979978260
53.798099762,0.955473098,0.979971050
53.802850356,0.955473098,0.979966000
53.883610451,0.955473098,0.979911270
53.888361045,0.955473098,0.979908900
53.926365796,0.955473098,0.979881500
53.931116390,0.955473098,0.979879560
53.985748219,0.955473098,0.979806240
53.990498812,0.955473098,0.979803440
54.004750594,0.955473098,0.979791600
54.009501188,0.955473098,0.979784600
54.028503563,0.955473098,0.979769470
54.033254157,0.955473098,0.979767300
54.071258907,0.955473098,0.979749560
54.076009501,0.955473098,0.979749200
54.090261283,0.955473098,0.979733500
54.095011876,0.955473098,0.979730600
54.239904988,0.955473098,0.979587140
54.244655582,0.955473098,0.979584800
54.344418052,0.955473098,0.979507600
54.349168646,0.955473098,0.979506700
54.368171021,0.955473098,0.979496300
54.372921615,0.955473098,0.979495940
54.384798100,0.955473098,0.979479250
54.391923990,0.955473098,0.979474400
54.465558195,0.955473098,0.979413800
54.472684086,0.955473098,0.979412400
54.508313539,0.955473098,0.979386030
54.513064133,0.955473098,0.979385600
54.539192399,0.955473098,0.979361360
54.543942993,0.955473098,0.979359750
54.634204276,0.955473098,0.979280950
54.641330166,0.955473098,0.979280530
54.741092637,0.955473098,0.979216900
54.745843230,0.955473098,0.979212800
54.878859857,0.955473098,0.979085200
54.883610451,0.955473098,0.979079840
54.931116390,0.955473098,0.979041500
54.935866983,0.955473098,0.979040400
54.976247031,0.955473098,0.978987160
54.980997625,0.955473098,0.978981440
55.019002375,0.955473098,0.978938200
55.023752969,0.955473098,0.978934600
55.223277910,0.955473098,0.978737350
55.228028504,0.955473098,0.978736100
55.296912114,0.955473098,0.978671430
55.301662708,0.955473098,0.978668500
55.622327791,0.955473098,0.978374500
55.627078385,0.955473098,0.978369530
55.757719715,0.955473098,0.978238900
55.762470309,0.955473098,0.978235360
55.845605701,0.955473098,0.978169440
55.850356295,0.955473098,0.978168800
56.000000000,0.955473098,0.978006960
56.004750594,0.955473098,0.978006700
56.026128266,0.955473098,0.977985860
56.030878860,0.955473098,0.977973640
56.175771971,0.955473098,0.977828200
56.180522565,0.955473098,0.977825900
56.242280285,0.955473098,0.977769400
56.247030879,0.955473098,0.977767300
56.477434679,0.955473098,0.977535000
56.482185273,0.955473098,0.977534530
56.612826603,0.955473098,0.977407200
56.617577197,0.955473098,0.977402600
56.665083135,0.955473098,0.977356100
56.669833729,0.955473098,0.977354200
56.672209026,0.955473098,0.977350600
56.676959620,0.955473098,0.977347850
56.783847981,0.955473098,0.977252000
56.788598575,0.955473098,0.977251000
56.902612827,0.955473098,0.977158670
56.907363420,0.955473098,0.977157650
56.916864608,0.955473098,0.977142600
56.921615202,0.955473098,0.977141140
56.931116390,0.955473098,0.977130400
56.935866983,0.955473098,0.977126300
56.985748219,0.955473098,0.977078740
56.990498812,0.955473098,0.977076950
56.997624703,0.955473098,0.977070100
57.002375297,0.955473098,0.977067230
57.040380048,0.955473098,0.977022650
57.045130641,0.955473098,0.977018900
57.087885986,0.955473098,0.976984740
57.092636580,0.955473098,0.976981100
57.311163895,0.955473098,0.976789060
57.315914489,0.955473098,0.976788760
57.477434679,0.955473098,0.976631800
57.482185273,0.955473098,0.976626600
57.546318290,0.955473098,0.976568700
57.551068884,0.955473098,0.976568160
57.584323040,0.955473098,0.976529700
57.589073634,0.955473098,0.976529360
57.657957245,0.955473098,0.976485250
57.662707838,0.955473098,0.976484000
57.805225653,0.955473098,0.976341960
57.809976247,0.955473098,0.976339600
57.928741093,0.955473098,0.976202400
57.933491686,0.955473098,0.976200500
57.985748219,0.955473098,0.976155300
57.990498812,0.955473098,0.976152300
58.000000000,0.955473098,0.976144600
58.004750594,0.955473098,0.976142760
58.149643705,0.955473098,0.976020200
58.154394299,0.955473098,0.976018970
58.225653207,0.955473098,0.975958350
58.230403800,0.955473098,0.975953600
58.586698337,0.955473098,0.975599000
58.591448931,0.955473098,0.975598630
58.828978622,0.955473098,0.975392400
58.833729216,0.955473098,0.975390140
59.016627078,0.955473098,0.975194000
59.021377672,0.955473098,0.975192960
59.057007126,0.955473098,0.975166200
59.061757720,0.955473098,0.975161700
59.078384798,0.955473098,0.975144450
59.083135392,0.955473098,0.975141300
59.216152019,0.955473098,0.975021960
59.220902613,0.955473098,0.975021700
59.389548694,0.955473098,0.974834400
59.394299287,0.955473098,0.974833600
59.484560570,0.955473098,0.974758740
59.489311164,0.955473098,0.974758100
59.539192399,0.955473098,0.974711840
59.543942993,0.955473098,0.974703000
59.760095012,0.955473098,0.974446800
59.764845606,0.955473098,0.974446240
59.895486936,0.955473098,0.974293100
59.895486936,0.957328386,0.974292500
59.919239905,0.957328386,0.974272600
59.923990499,0.957328386,0.974272100
59.978622328,0.957328386,0.974224400
59.983372922,0.957328386,0.974222840
60.123515439,0.957328386,0.974060060
60.128266033,0.957328386,0.974058030
60.197149644,0.957328386,0.973989900
60.201900238,0.957328386,0.973987340
60.204275534,0.957328386,0.973987000
60.209026128,0.957328386,0.973984500
60.403800475,0.957328386,0.973738900
60.408551069,0.957328386,0.973737660
60.439429929,0.957328386,0.973698700
60.444180523,0.957328386,0.973696900
60.498812352,0.957328386,0.973662850
60.508313539,0.957328386,0.973653400
60.541567696,0.957328386,0.973624000
60.546318290,0.957328386,0.973623500
60.558194774,0.957328386,0.973604300
60.562945368,0.957328386,0.973604200
60.634204276,0.957328386,0.973548950
60.638954869,0.957328386,0.973547940
60.686460808,0.957328386,0.973499700
60.691211401,0.957328386,0.973499500
60.805225653,0.957328386,0.973368900
60.809976247,0.957328386,0.973366860
61.109263658,0.957328386,0.973005240
61.114014252,0.957328386,0.972999160
61.425178147,0.957328386,0.972632170
61.429928741,0.957328386,0.972626150
61.437054632,0.957328386,0.972620550
61.441805226,0.957328386,0.972614770
61.482185273,0.957328386,0.972548100
61.486935867,0.957328386,0.972547230
62.002375297,0.957328386,0.971959950
62.007125891,0.957328386,0.971959800
62.009501188,0.957328386,0.971957900
62.014251781,0.957328386,0.971951840
62.239904988,0.957328386,0.971657500
62.244655582,0.957328386,0.971649500
62.258907363,0.957328386,0.971637500
62.263657957,0.957328386,0.971630900
62.304038005,0.957328386,0.971572900
62.308788599,0.957328386,0.971569060
62.330166271,0.957328386,0.971533200
62.334916865,0.957328386,0.971532300
62.365795724,0.957328386,0.971495300
62.370546318,0.957328386,0.971493500
62.451306413,0.957328386,0.971411900
62.456057007,0.957328386,0.971409200
62.496437055,0.957328386,0.971351400
62.501187648,0.957328386,0.971351270
62.560570071,0.957328386,0.971299770
62.565320665,0.957328386,0.971295830
62.653206651,0.957328386,0.971202850
62.657957245,0.957328386,0.971201000
62.712589074,0.957328386,0.971137300
62.712589074,0.959183673,0.971131860
62.992874109,0.959183673,0.970792600
62.997624703,0.959183673,0.970791800
63.114014252,0.959183673,0.970654400
63.118764846,0.959183673,0.970650730
63.178147268,0.959183673,0.970598300
63.182897862,0.959183673,0.970588800
63.213776722,0.959183673,0.970560700
63.218527316,0.959183673,0.970560550
63.479809976,0.959183673,0.970272660
63.484560570,0.959183673,0.970271700
63.513064133,0.959183673,0.970240500
63.520190024,0.959183673,0.970237700
63.669833729,0.959183673,0.970044900
63.674584323,0.959183673,0.970044600
63.864608076,0.959183673,0.969809800
63.869358670,0.959183673,0.969806730
63.971496437,0.959183673,0.969679060
63.976247031,0.959183673,0.969671400
64.344418052,0.959183673,0.969291030
64.349168646,0.959183673,0.969290800
64.591448931,0.959183673,0.969007730
64.596199525,0.959183673,0.969002700
64.676959620,0.959183673,0.968906460
64.686460808,0.959183673,0.968904100
64.703087886,0.959183673,0.968884500
64.707838480,0.959183673,0.968883160
64.736342043,0.959183673,0.968828440
64.741092637,0.959183673,0.968827100
64.935866983,0.959183673,0.968651240
64.940617577,0.959183673,0.968649570
65.000000000,0.959183673,0.968572740
65.004750594,0.959183673,0.968564200
65.038004751,0.959183673,0.968539200
65.042755344,0.959183673,0.968524460
65.106888361,0.959183673,0.968441500
65.111638955,0.959183673,0.968440500
65.130641330,0.959183673,0.968428400
65.135391924,0.959183673,0.968426170
65.294536817,0.959183673,0.968236800
65.299287411,0.959183673,0.968236450
65.382422803,0.959183673,0.968141700
65.387173397,0.959183673,0.968141600
65.482185273,0.959183673,0.968044160
65.486935867,0.959183673,0.968041240
65.489311164,0.959183673,0.968040600
65.494061758,0.959183673,0.968038260
65.524940618,0.959183673,0.968008640
65.529691211,0.959183673,0.968008300
65.596199525,0.959183673,0.967933000
65.600950119,0.959183673,0.967932100
65.655581948,0.959183673,0.967847470
65.660332542,0.959183673,0.967839100
65.954869359,0.959183673,0.967454700
65.959619952,0.959183673,0.967451100
66.002375297,0.959183673,0.967421230
66.007125891,0.959183673,0.967415630
66.071258907,0.959183673,0.967363200
66.076009501,0.959183673,0.967363060
66.263657957,0.959183673,0.967137200
66.268408551,0.959183673,0.967137160
66.353919240,0.959183673,0.967013700
66.358669834,0.959183673,0.967012300
66.536817102,0.959183673,0.966827600
66.541567696,0.959183673,0.966826260
66.551068884,0.959183673,0.966819600
66.555819477,0.959183673,0.966818700
66.641330166,0.959183673,0.966688630
66.646080760,0.959183673,0.966688200
66.726840855,0.959183673,0.966581600
66.731591449,0.959183673,0.966581400
66.736342043,0.959183673,0.966576700
66.741092637,0.959183673,0.966576300
66.752969121,0.959183673,0.966541050
66.757719715,0.959183673,0.966540930
66.814726841,0.959183673,0.966457660
66.819477435,0.959183673,0.966455500
66.950118765,0.959183673,0.966287700
66.954869359,0.959183673,0.966283800
66.961995249,0.959183673,0.966276650
66.966745843,0.959183673,0.966275400
67.097387173,0.959183673,0.966119700
67.097387173,0.961038961,0.966113900
67.230403800,0.961038961,0.965960440
67.235154394,0.961038961,0.965960300
67.581947743,0.961038961,0.965509830
67.586698337,0.961038961,0.965500950
67.598574822,0.961038961,0.965479140
67.603325416,0.961038961,0.965476300
67.686460808,0.961038961,0.965385600
67.691211401,0.961038961,0.965380900
67.712589074,0.961038961,0.965335500
67.717339667,0.961038961,0.965335130
67.807600950,0.961038961,0.965238900
67.812351544,0.961038961,0.965234000
67.959619952,0.961038961,0.965075970
67.964370546,0.961038961,0.965075100
68.304038005,0.961038961,0.964626250
68.308788599,0.961038961,0.964618400
68.339667458,0.961038961,0.964551600
68.344418052,0.961038961,0.964543900
68.363420428,0.961038961,0.964516700
68.368171021,0.961038961,0.964516460
68.439429929,0.961038961,0.964417900
68.439429929,0.962894249,0.964410000
68.624703088,0.962894249,0.964216600
68.629453682,0.962894249,0.964216100
68.805225653,0.962894249,0.964015250
68.809976247,0.962894249,0.964013340
68.912114014,0.962894249,0.963870900
68.916864608,0.962894249,0.963869450
68.919239905,0.962894249,0.963866900
68.928741093,0.962894249,0.963864700
69.092636580,0.962894249,0.963679430
69.097387173,0.962894249,0.963675140
69.102137767,0.962894249,0.963669500
69.106888361,0.962894249,0.963668700
69.282660333,0.962894249,0.963422360
69.287410926,0.962894249,0.963420030
69.615201900,0.962894249,0.963017760
69.619952494,0.962894249,0.963015000
69.636579572,0.962894249,0.963002400
69.641330166,0.962894249,0.962998600
69.802850356,0.962894249,0.962795600
69.807600950,0.962894249,0.962792400
69.954869359,0.962894249,0.962645230
69.959619952,0.962894249,0.962643150
70.109263658,0.962894249,0.962443650
70.114014252,0.962894249,0.962443350
70.149643705,0.962894249,0.962395200
70.154394299,0.962894249,0.962394000
70.294536817,0.962894249,0.962224400
70.299287411,0.962894249,0.962218760
70.657957245,0.962894249,0.961777270
70.662707838,0.962894249,0.961776100
70.691211401,0.962894249,0.961733640
70.695961995,0.962894249,0.961733300
71.059382423,0.962894249,0.961202000
71.068883610,0.962894249,0.961197100
71.147268409,0.962894249,0.961091000
71.152019002,0.962894249,0.961089800
71.178147268,0.962894249,0.961070200
71.182897862,0.962894249,0.961067200
71.235154394,0.962894249,0.961017670
71.239904988,0.962894249,0.961017400
71.289786223,0.962894249,0.960933800
71.294536817,0.962894249,0.960932700
71.420427553,0.962894249,0.960791200
71.425178147,0.962894249,0.960790930
71.553444181,0.962894249,0.960614440
71.558194774,0.962894249,0.960612100
71.617577197,0.962894249,0.960531000
71.622327791,0.962894249,0.960530400
71.795724466,0.962894249,0.960312370
71.800475059,0.962894249,0.960302900
71.840855107,0.962894249,0.960251570
71.845605701,0.962894249,0.960238400
71.947743468,0.962894249,0.960092540
71.952494062,0.962894249,0.960085200
71.988123515,0.962894249,0.960023340
71.992874109,0.962894249,0.960019700
71.995249406,0.962894249,0.960019350
72.000000000,0.962894249,0.960016850
72.413301663,0.962894249,0.959508540
72.418052257,0.962894249,0.959508300
72.434679335,0.962894249,0.959474300
72.439429929,0.962894249,0.959471760
72.698337292,0.962894249,0.959115560
72.703087886,0.962894249,0.959114700
72.805225653,0.962894249,0.958947960
72.812351544,0.962894249,0.958946940
72.864608076,0.962894249,0.958896200
72.869358670,0.962894249,0.958896100
73.330166271,0.962894249,0.958224950
73.330166271,0.964749536,0.958213450
73.382422803,0.964749536,0.958131100
73.387173397,0.964749536,0.958128200
73.415676960,0.964749536,0.958088700
73.420427553,0.964749536,0.958083200
73.456057007,0.964749536,0.958029600
73.460807601,0.964749536,0.958023970
73.843230404,0.964749536,0.957480800
73.847980998,0.964749536,0.957480400
73.914489311,0.964749536,0.957366170
73.919239905,0.964749536,0.957360900
73.969121140,0.964749536,0.957284330
73.976247031,0.964749536,0.957279100
74.073634204,0.964749536,0.957175140
74.078384798,0.964749536,0.957174800
74.111638955,0.964749536,0.957137500
74.116389549,0.964749536,0.957137400
74.187648456,0.964749536,0.957033340
74.192399050,0.964749536,0.957027900
74.201900238,0.964749536,0.957008360
74.206650831,0.964749536,0.957007700
74.223277910,0.964749536,0.956978140
74.228028504,0.964749536,0.956969500
74.306413302,0.964749536,0.956856700
74.311163895,0.964749536,0.956852140
74.351543943,0.964749536,0.956797100
74.356294537,0.964749536,0.956795750
74.577197150,0.964749536,0.956489400
74.581947743,0.964749536,0.956483700
74.705463183,0.964749536,0.956311640
74.710213777,0.964749536,0.956310600
74.807600950,0.964749536,0.956155540
74.812351544,0.964749536,0.956144870
74.902612827,0.964749536,0.956052100
74.907363420,0.964749536,0.956040800
74.938242280,0.964749536,0.955970200
74.942992874,0.964749536,0.955967370
75.109263658,0.964749536,0.955736460
75.114014252,0.964749536,0.955736300
75.372921615,0.964749536,0.955355300
75.377672209,0.964749536,0.955354630
75.463182898,0.964749536,0.955240550
75.467933492,0.964749536,0.955237570
75.648456057,0.964749536,0.954928200
75.653206651,0.964749536,0.954920050
75.776722090,0.964749536,0.954783300
75.781472684,0.964749536,0.954782660
75.814726841,0.964749536,0.954748870
75.819477435,0.964749536,0.954747700
76.251781473,0.964749536,0.954096800
76.258907363,0.964749536,0.954093000
76.439429929,0.964749536,0.953832300
76.444180523,0.964749536,0.953827740
76.543942993,0.964749536,0.953672600
76.548693587,0.964749536,0.953671300
76.619952494,0.964749536,0.953577700
76.624703088,0.964749536,0.953575800
77.019002375,0.964749536,0.953005500
77.023752969,0.964749536,0.953002150
77.033254157,0.964749536,0.952986240
77.038004751,0.964749536,0.952977240
77.085510689,0.964749536,0.952887700
77.085510689,0.966604824,0.952886400
77.508313539,0.966604824,0.952261100
77.513064133,0.966604824,0.952261000
77.783847981,0.966604824,0.951881800
77.788598575,0.966604824,0.951878130
77.933491686,0.966604824,0.951659000
77.938242280,0.966604824,0.951658600
78.192399050,0.966604824,0.951270100
78.197149644,0.966604824,0.951269450
78.199524941,0.966604824,0.951269270
78.204275534,0.966604824,0.951261040
78.266033254,0.966604824,0.951176700
78.270783848,0.966604824,0.951176050
78.501187648,0.966604824,0.950854000
78.505938242,0.966604824,0.950853770
78.985748219,0.966604824,0.950128300
78.990498812,0.966604824,0.950116160
79.204275534,0.966604824,0.949784000
79.209026128,0.966604824,0.949779700
79.489311164,0.966604824,0.949349100
79.494061758,0.966604824,0.949347400
79.660332542,0.966604824,0.949094700
79.667458432,0.966604824,0.949082730
79.779097387,0.966604824,0.948881500
79.783847981,0.966604824,0.948875600
80.199524941,0.966604824,0.948187600
80.204275534,0.966604824,0.948186200
80.361045131,0.966604824,0.947959800
80.365795724,0.966604824,0.947956700
80.665083135,0.966604824,0.947508160
80.669833729,0.966604824,0.947507800
81.019002375,0.966604824,0.946953100
81.023752969,0.966604824,0.946952000
81.180522565,0.966604824,0.946750600
81.185273159,0.966604824,0.946737650
81.296912114,0.966604824,0.946570160
81.301662708,0.966604824,0.946560860
81.686460808,0.966604824,0.945972500
81.691211401,0.966604824,0.945971800
81.698337292,0.966604824,0.945957660
81.703087886,0.966604824,0.945956100
81.779097387,0.966604824,0.945849960
81.783847981,0.966604824,0.945846700
81.826603325,0.966604824,0.945755600
81.831353919,0.966604824,0.945752800
82.574821853,0.966604824,0.944632800
82.579572447,0.966604824,0.944629670
82.631828979,0.966604824,0.944561060
82.636579572,0.966604824,0.944556360
83.114014252,0.966604824,0.943750140
83.118764846,0.966604824,0.943748000
83.349168646,0.966604824,0.943294760
83.353919240,0.966604824,0.943286200
83.358669834,0.966604824,0.943278550
83.363420428,0.966604824,0.943270700
83.743467933,0.966604824,0.942668500
83.748218527,0.966604824,0.942661940
83.935866983,0.966604824,0.942369760
83.940617577,0.966604824,0.942363400
84.771971496,0.966604824,0.940921840
84.776722090,0.966604824,0.940913600
84.966745843,0.966604824,0.940559450
84.971496437,0.966604824,0.940558500
85.009501188,0.966604824,0.940489950
85.014251781,0.966604824,0.940488600
85.135391924,0.966604824,0.940326150
85.140142518,0.966604824,0.940314950
85.173396675,0.966604824,0.940253730
85.178147268,0.966604824,0.940253200
85.206650831,0.966604824,0.940214750
85.211401425,0.966604824,0.940214400
85.313539192,0.966604824,0.939979550
85.318289786,0.966604824,0.939974400
85.596199525,0.966604824,0.939455030
85.600950119,0.966604824,0.939452900
86.612826603,0.966604824,0.937667700
86.617577197,0.966604824,0.937662600
87.144893112,0.966604824,0.936730600
87.149643705,0.966604824,0.936724540
87.876484561,0.966604824,0.935465600
87.881235154,0.966604824,0.935463800
88.045130641,0.966604824,0.935144300
88.049881235,0.966604824,0.935143230
88.163895487,0.966604824,0.934925300
88.168646081,0.966604824,0.934911970
88.363420428,0.966604824,0.934498900
88.368171021,0.966604824,0.934497900
88.396674584,0.966604824,0.934463740
88.401425178,0.966604824,0.934462670
88.406175772,0.966604824,0.934457300
88.410926366,0.966604824,0.934457060
88.655581948,0.966604824,0.933953800
88.660332542,0.966604824,0.933953640
88.988123515,0.966604824,0.933333040
88.992874109,0.966604824,0.933331700
89.118764846,0.966604824,0.933124500
89.123515439,0.966604824,0.933123100
89.249406176,0.966604824,0.932923440
89.254156770,0.966604824,0.932918200
89.422802850,0.966604824,0.932634400
89.427553444,0.966604824,0.932633460
89.646080760,0.966604824,0.932237740
89.650831354,0.966604824,0.932235100
90.125890736,0.966604824,0.931345050
90.130641330,0.966604824,0.931341400
90.489311164,0.966604824,0.930727700
90.498812352,0.966604824,0.930720100
90.629453682,0.966604824,0.930505450
90.634204276,0.966604824,0.930491300
90.883610451,0.966604824,0.930047800
90.888361045,0.966604824,0.930039940
90.938242280,0.966604824,0.929955100
90.942992874,0.966604824,0.929952600
90.971496437,0.966604824,0.929926460
90.971496437,0.968460111,0.929900350
91.028503563,0.968460111,0.929816200
91.033254157,0.968460111,0.929812430
91.263657957,0.968460111,0.929390600
91.268408551,0.968460111,0.929387400
91.456057007,0.968460111,0.929017360
91.460807601,0.968460111,0.929007700
91.517814727,0.968460111,0.928867940
91.522565321,0.968460111,0.928866700
91.603325416,0.968460111,0.928740400
91.608076010,0.968460111,0.928738360
91.641330166,0.968460111,0.928701640
91.646080760,0.968460111,0.928700400
91.655581948,0.968460111,0.928673400
91.660332542,0.968460111,0.928670000
92.000000000,0.968460111,0.928098900
92.004750594,0.968460111,0.928093400
92.209026128,0.968460111,0.927775860
92.213776722,0.968460111,0.927766200
92.330166271,0.968460111,0.927578570
92.334916865,0.968460111,0.927571300
92.831353919,0.968460111,0.926630900
92.836104513,0.968460111,0.926628230
92.923990499,0.968460111,0.926421100
92.928741093,0.968460111,0.926419800
93.187648456,0.968460111,0.925860000
93.192399050,0.968460111,0.925847700
93.299287411,0.968460111,0.925632240
93.304038005,0.968460111,0.925631640
93.548693587,0.968460111,0.925167300
93.553444181,0.968460111,0.925162730
93.605700713,0.968460111,0.925059500
93.610451306,0.968460111,0.925049840
93.653206651,0.968460111,0.924957200
93.657957245,0.968460111,0.924950960
94.102137767,0.968460111,0.924090500
94.106888361,0.968460111,0.924087800
94.368171021,0.968460111,0.923647050
94.372921615,0.968460111,0.923646030
94.498812352,0.968460111,0.923387200
94.503562945,0.968460111,0.923385140
94.667458432,0.968460111,0.923083900
94.672209026,0.968460111,0.923075560
94.710213777,0.968460111,0.923026300
94.714964371,0.968460111,0.923020400
94.722090261,0.968460111,0.923009900
94.726840855,0.968460111,0.923004000
94.973871734,0.968460111,0.922538640
94.978622328,0.968460111,0.922538340
95.099762470,0.968460111,0.922286400
95.104513064,0.968460111,0.922285700
95.377672209,0.968460111,0.921763200
95.382422803,0.968460111,0.921760440
95.470308789,0.968460111,0.921558000
95.475059382,0.968460111,0.921546640
95.871733967,0.968460111,0.920778400
95.876484561,0.968460111,0.920777300
95.878859857,0.968460111,0.920770500
95.883610451,0.968460111,0.920769700
95.926365796,0.968460111,0.920677960
95.931116390,0.968460111,0.920666200
95.959619952,0.968460111,0.920622050
95.964370546,0.968460111,0.920620740
96.225653207,0.968460111,0.920055100
96.230403800,0.968460111,0.920052100
96.306413302,0.968460111,0.919910600
96.311163895,0.968460111,0.919909000
96.752969121,0.968460111,0.919016500
96.757719715,0.968460111,0.919011900
96.781472684,0.968460111,0.918980500
96.786223278,0.968460111,0.918977000
97.130641330,0.968460111,0.918257600
97.135391924,0.968460111,0.918254400
97.254156770,0.968460111,0.918010350
97.258907363,0.968460111,0.918003260
97.273159145,0.968460111,0.917969700
97.277909739,0.968460111,0.917963700
97.280285036,0.968460111,0.917959030
97.285035629,0.968460111,0.917958260
97.299287411,0.968460111,0.917916660
97.304038005,0.968460111,0.917913900
97.358669834,0.968460111,0.917829160
97.363420428,0.968460111,0.917824030
97.415676960,0.968460111,0.917723700
97.420427553,0.968460111,0.917721900
97.596199525,0.968460111,0.917379600
97.600950119,0.968460111,0.917371450
97.643705463,0.968460111,0.917304040
97.648456057,0.968460111,0.917303700
97.878859857,0.968460111,0.916853670
97.883610451,0.968460111,0.916852600
98.028503563,0.968460111,0.916566400
98.033254157,0.968460111,0.916566250
98.513064133,0.968460111,0.915574670
98.517814727,0.968460111,0.915570000
98.893111639,0.968460111,0.914769300
98.897862233,0.968460111,0.914767440
99.527315914,0.968460111,0.913564440
99.532066508,0.968460111,0.913561640
99.814726841,0.968460111,0.912947500
99.819477435,0.968460111,0.912945030
100.486935867,0.968460111,0.911534000
100.491686461,0.968460111,0.911532340
100.731591449,0.968460111,0.910946850
100.736342043,0.968460111,0.910944000
100.790973872,0.968460111,0.910853860
100.795724466,0.968460111,0.910850700
101.068883610,0.968460111,0.910209360
101.073634204,0.968460111,0.910193100
101.092636580,0.968460111,0.910179100
101.097387173,0.968460111,0.910176300
101.190023753,0.968460111,0.909996700
101.194774347,0.968460111,0.909992160
101.313539192,0.968460111,0.909643800
101.318289786,0.968460111,0.909642160
101.351543943,0.968460111,0.909586000
101.356294537,0.968460111,0.909579200
101.458432304,0.968460111,0.909313500
101.463182898,0.968460111,0.909308400
101.498812352,0.968460111,0.909199600
101.503562945,0.968460111,0.909191370
101.567695962,0.968460111,0.909075740
101.572446556,0.968460111,0.909075300
101.752969121,0.968460111,0.908764240
101.757719715,0.968460111,0.908755840
101.783847981,0.968460111,0.908693130
101.783847981,0.970315399,0.908691760
102.000000000,0.970315399,0.908143340
102.004750594,0.970315399,0.908138330
102.299287411,0.970315399,0.907450850
102.304038005,0.970315399,0.907448500
102.446555819,0.970315399,0.907184800
102.451306413,0.970315399,0.907181740
102.950118765,0.970315399,0.906076130
102.954869359,0.970315399,0.906075660
103.009501188,0.970315399,0.905994240
103.014251781,0.970315399,0.905988700
103.047505938,0.970315399,0.905905800
103.052256532,0.970315399,0.905905500
103.258907363,0.970315399,0.905429300
103.263657957,0.970315399,0.905422870
103.515439430,0.970315399,0.904851300
103.520190024,0.970315399,0.904850500
103.641330166,0.970315399,0.904564100
103.646080760,0.970315399,0.904561760
103.857482185,0.970315399,0.904011700
103.862232779,0.970315399,0.903991300
104.033254157,0.970315399,0.903637900
104.038004751,0.970315399,0.903629900
104.137767221,0.970315399,0.903514400
104.142517815,0.970315399,0.903503900
104.294536817,0.970315399,0.903159800
104.299287411,0.970315399,0.903146700
104.548693587,0.970315399,0.902574540
104.553444181,0.970315399,0.902572400
104.619952494,0.970315399,0.902397040
104.624703088,0.970315399,0.902392400
105.465558195,0.970315399,0.900666700
105.470308789,0.970315399,0.900666100
106.140142518,0.970315399,0.899038550
106.144893112,0.970315399,0.899033960
106.320665083,0.970315399,0.898595900
106.325415677,0.970315399,0.898594000
107.885985748,0.970315399,0.895087300
107.890736342,0.970315399,0.895084440
107.971496437,0.970315399,0.894924700
107.976247031,0.970315399,0.894921540
108.463182898,0.970315399,0.893816650
108.467933492,0.970315399,0.893813800
108.491686461,0.970315399,0.893781240
108.496437055,0.970315399,0.893780770
108.714964371,0.970315399,0.893261700
108.719714964,0.970315399,0.893256200
108.817102138,0.970315399,0.893045840
108.821852732,0.970315399,0.893039940
108.947743468,0.970315399,0.892763560
108.952494062,0.970315399,0.892754000
109.952494062,0.970315399,0.890289250
109.957244656,0.970315399,0.890287000
109.971496437,0.970315399,0.890249400
109.976247031,0.970315399,0.890242760
110.004750594,0.970315399,0.890210800
110.009501188,0.970315399,0.890209300
110.496437055,0.970315399,0.889009000
110.501187648,0.970315399,0.889008700
111.057007126,0.970315399,0.887596900
111.061757720,0.970315399,0.887593030
111.085510689,0.970315399,0.887551800
111.090261283,0.970315399,0.887550650
111.116389549,0.970315399,0.887459700
111.121140143,0.970315399,0.887450930
111.456057007,0.970315399,0.886787060
111.460807601,0.970315399,0.886772750
111.501187648,0.970315399,0.886639100
111.505938242,0.970315399,0.886635660
111.570071259,0.970315399,0.886486900
111.574821853,0.970315399,0.886483970
112.140142518,0.970315399,0.885071460
112.144893112,0.970315399,0.885071040
112.439429929,0.970315399,0.884388000
112.444180523,0.970315399,0.884382370
112.467933492,0.970315399,0.884311700
112.472684086,0.970315399,0.884302900
113.087885986,0.970315399,0.882611900
113.092636580,0.970315399,0.882602900
113.318289786,0.970315399,0.882025240
113.323040380,0.970315399,0.882021840
113.551068884,0.970315399,0.881418100
113.555819477,0.970315399,0.881414900
113.662707838,0.970315399,0.881137100
113.667458432,0.970315399,0.881135100
114.320665083,0.970315399,0.879579070
114.325415677,0.970315399,0.879570800
114.427553444,0.970315399,0.879324000
114.432304038,0.970315399,0.879323500
114.517814727,0.970315399,0.879069100
114.522565321,0.970315399,0.879065630
114.971496437,0.970315399,0.877964900
114.976247031,0.970315399,0.877955100
115.080760095,0.970315399,0.877701640
115.085510689,0.970315399,0.877701300
115.353919240,0.970315399,0.877074500
115.358669834,0.970315399,0.877072750
115.577197150,0.970315399,0.876566950
115.586698337,0.970315399,0.876554130
115.933491686,0.970315399,0.875794200
115.938242280,0.970315399,0.875793500
116.057007126,0.970315399,0.875504140
116.061757720,0.970315399,0.875493700
116.964370546,0.970315399,0.873108740
116.969121140,0.970315399,0.873107900
117.800475059,0.970315399,0.870937940
117.805225653,0.970315399,0.870935100
118.038004751,0.970315399,0.870317940
118.042755344,0.970315399,0.870312200
118.268408551,0.970315399,0.869747500
118.273159145,0.970315399,0.869745900
118.344418052,0.970315399,0.869544700
118.349168646,0.970315399,0.869525850
118.439429929,0.970315399,0.869227950
118.444180523,0.970315399,0.869219500
118.581947743,0.970315399,0.868845460
118.586698337,0.970315399,0.868840700
118.864608076,0.970315399,0.868085440
118.869358670,0.970315399,0.868079840
119.004750594,0.970315399,0.867804050
119.009501188,0.970315399,0.867797100
119.168646081,0.970315399,0.867400500
119.173396675,0.970315399,0.867388100
120.427553444,0.970315399,0.863922100
120.432304038,0.970315399,0.863908500
120.698337292,0.970315399,0.863096900
120.703087886,0.970315399,0.863094330
120.767220903,0.970315399,0.862955750
120.771971496,0.970315399,0.862943100
120.836104513,0.970315399,0.862771400
120.840855107,0.970315399,0.862765970
121.038004751,0.970315399,0.862258100
121.042755344,0.970315399,0.862257300
121.301662708,0.970315399,0.861584600
121.306413302,0.970315399,0.861565000
121.591448931,0.970315399,0.860734460
121.596199525,0.970315399,0.860732400
121.786223278,0.970315399,0.860287300
121.790973872,0.970315399,0.860278500
122.695961995,0.970315399,0.857723000
122.700712589,0.970315399,0.857717750
123.299287411,0.970315399,0.855939500
123.304038005,0.970315399,0.855935300
123.703087886,0.970315399,0.854756000
123.707838480,0.970315399,0.854754500
123.726840855,0.970315399,0.854679200
123.731591449,0.970315399,0.854673100
123.752969121,0.970315399,0.854633400
123.757719715,0.970315399,0.854627200
124.798099762,0.970315399,0.851968770
124.807600950,0.970315399,0.851966000
124.855106888,0.970315399,0.851836860
124.859857482,0.970315399,0.851828800
124.992874109,0.970315399,0.851435900
124.997624703,0.970315399,0.851435500
125.356294537,0.970315399,0.850379940
125.361045131,0.970315399,0.850373860
125.380047506,0.970315399,0.850320400
125.384798100,0.970315399,0.850314100
125.971496437,0.970315399,0.848641340
125.971496437,0.972170686,0.848616000
126.144893112,0.972170686,0.848160700
126.149643705,0.972170686,0.848160270
126.453681710,0.972170686,0.847315900
126.458432304,0.972170686,0.847308300
126.657957245,0.972170686,0.846851700
126.662707838,0.972170686,0.846839700
126.940617577,0.972170686,0.846018200
126.945368171,0.972170686,0.846013800
127.201900238,0.972170686,0.845327300
127.206650831,0.972170686,0.845292570
128.308788599,0.972170686,0.842149140
128.313539192,0.972170686,0.842135370
128.555819477,0.972170686,0.841344360
128.560570071,0.972170686,0.841341850
128.893111639,0.972170686,0.840350600
128.897862233,0.972170686,0.840341570
128.912114014,0.972170686,0.840306460
128.916864608,0.972170686,0.840298350
129.059382423,0.972170686,0.839883700
129.064133017,0.972170686,0.839880350
129.608076010,0.972170686,0.838209150
129.608076010,0.974025974,0.838208500
129.795724466,0.974025974,0.837553860
129.800475059,0.974025974,0.837543500
130.453681710,0.974025974,0.835519970
130.458432304,0.974025974,0.835516200
130.579572447,0.974025974,0.835103400
130.584323040,0.974025974,0.835094450
130.947743468,0.974025974,0.834012300
130.952494062,0.974025974,0.834002300
131.933491686,0.974025974,0.831094740
131.938242280,0.974025974,0.831088360
132.125890736,0.974025974,0.830468650
132.130641330,0.974025974,0.830462340
133.118764846,0.974025974,0.827641600
133.123515439,0.974025974,0.827641100
133.218527316,0.974025974,0.827428700
133.223277910,0.974025974,0.827407840
133.382422803,0.974025974,0.826971650
133.387173397,0.974025974,0.826971000
133.548693587,0.974025974,0.826430400
133.553444181,0.974025974,0.826415500
133.555819477,0.974025974,0.826414350
133.560570071,0.974025974,0.826405400
133.961995249,0.974025974,0.825186850
133.966745843,0.974025974,0.825179340
134.900237530,0.974025974,0.822456660
134.900237530,0.975881262,0.822456360
135.840855107,0.975881262,0.819233200
135.845605701,0.975881262,0.819225200
136.415676960,0.975881262,0.817369760
136.420427553,0.975881262,0.817366060
136.764845606,0.975881262,0.816314760
136.769596200,0.975881262,0.816313150
136.985748219,0.975881262,0.815525900
136.990498812,0.975881262,0.815525650
137.102137767,0.975881262,0.815111400
137.106888361,0.975881262,0.815110400
137.149643705,0.975881262,0.814972600
137.154394299,0.975881262,0.814969960
140.166270784,0.975881262,0.805688400
140.171021378,0.975881262,0.805677650
140.636579572,0.975881262,0.804141040
140.641330166,0.975881262,0.804135500
140.776722090,0.975881262,0.803799900
140.781472684,0.975881262,0.803787800
140.852731591,0.975881262,0.803516400
140.857482185,0.975881262,0.803507450
140.888361045,0.975881262,0.803438800
140.893111639,0.975881262,0.803434300
141.235154394,0.975881262,0.802372200
141.239904988,0.975881262,0.802361300
141.933491686,0.975881262,0.799858500
141.938242280,0.975881262,0.799845200
142.439429929,0.975881262,0.798217240
142.444180523,0.975881262,0.798209600
143.073634204,0.975881262,0.795849140
143.078384798,0.975881262,0.795847950
143.926365796,0.975881262,0.792847040
143.931116390,0.975881262,0.792844650
144.213776722,0.975881262,0.791889250
144.218527316,0.975881262,0.791871000
144.688836105,0.975881262,0.790193000
144.688836105,0.977736549,0.790174200
145.401425178,0.977736549,0.787614350
145.406175772,0.977736549,0.787611540
145.513064133,0.977736549,0.787217500
145.517814727,0.977736549,0.787204000
145.866983373,0.977736549,0.786221860
145.871733967,0.977736549,0.786216260
146.415676960,0.977736549,0.784301100
146.420427553,0.977736549,0.784280360
146.470308789,0.977736549,0.784140350
146.475059382,0.977736549,0.784134270
147.387173397,0.977736549,0.781229700
147.391923990,0.977736549,0.781222200
148.622327791,0.977736549,0.776922940
148.627078385,0.977736549,0.776903450
149.370546318,0.977736549,0.774323800
149.375296912,0.977736549,0.774306360
150.080760095,0.977736549,0.771861800
150.085510689,0.977736549,0.771855900
152.429928741,0.977736549,0.763084600
152.434679335,0.977736549,0.763074300
152.562945368,0.977736549,0.762540400
152.567695962,0.977736549,0.762519100
155.458432304,0.977736549,0.751662730
155.463182898,0.977736549,0.751655000
156.249406176,0.977736549,0.748573060
156.254156770,0.977736549,0.748553630
156.337292162,0.977736549,0.748120600
156.342042755,0.977736549,0.748118800
156.375296912,0.977736549,0.748027740
156.380047506,0.977736549,0.748021800
156.634204276,0.977736549,0.747189460
156.638954869,0.977736549,0.747189160
157.342042755,0.977736549,0.744533060
157.346793349,0.977736549,0.744522000
158.954869359,0.977736549,0.738321540
158.959619952,0.977736549,0.738305100
159.007125891,0.977736549,0.738127470
159.011876485,0.977736549,0.738117700
159.258907363,0.977736549,0.737103600
159.263657957,0.977736549,0.737094340
159.693586698,0.977736549,0.735413700
159.698337292,0.977736549,0.735408960
160.788598575,0.977736549,0.730946360
160.793349169,0.977736549,0.730936500
160.897862233,0.977736549,0.730452100
160.902612827,0.977736549,0.730446340
162.529691211,0.977736549,0.723870100
162.534441805,0.977736549,0.723867600
162.660332542,0.977736549,0.723401670
162.665083135,0.977736549,0.723398700
163.719714964,0.977736549,0.718650000
163.724465558,0.977736549,0.718631300
164.432304038,0.977736549,0.715440030
164.437054632,0.977736549,0.715431100
166.154394299,0.977736549,0.707976400
166.159144893,0.977736549,0.707952100
166.365795724,0.977736549,0.707116700
166.370546318,0.977736549,0.707116100
166.741092637,0.977736549,0.705364640
166.745843230,0.977736549,0.705364600
169.534441805,0.977736549,0.692039200
169.539192399,0.977736549,0.692037400
169.871733967,0.977736549,0.690478440
169.876484561,0.977736549,0.690471530
171.185273159,0.977736549,0.684330460
171.190023753,0.977736549,0.684318300
171.244655582,0.977736549,0.684081730
171.249406176,0.977736549,0.684069200
171.261282660,0.977736549,0.684000970
171.266033254,0.977736549,0.683989800
171.463182898,0.977736549,0.683017730
171.467933492,0.977736549,0.683017130
171.684085511,0.977736549,0.681962100
171.688836105,0.977736549,0.681961200
171.980997625,0.977736549,0.680512370
171.985748219,0.977736549,0.680454970
172.320665083,0.977736549,0.678744200
172.325415677,0.977736549,0.678706200
172.522565321,0.977736549,0.677668200
172.527315914,0.977736549,0.677663900
172.643705463,0.977736549,0.677272740
172.648456057,0.977736549,0.677260460
172.883610451,0.977736549,0.675995900
172.888361045,0.977736549,0.675990200
173.712589074,0.977736549,0.671323900
173.717339667,0.977736549,0.671301900
174.615201900,0.977736549,0.666609940
174.619952494,0.977736549,0.666606700
175.258907363,0.977736549,0.663076600
175.263657957,0.977736549,0.663074430
175.638954869,0.977736549,0.661028740
175.643705463,0.977736549,0.660982200
175.855106888,0.977736549,0.659783360
175.859857482,0.977736549,0.659770900
176.002375297,0.977736549,0.659090200
176.007125891,0.977736549,0.659080100
176.534441805,0.977736549,0.656138500
176.539192399,0.977736549,0.656131860
177.159144893,0.977736549,0.652588000
177.163895487,0.977736549,0.652576400
177.427553444,0.977736549,0.650989000
177.432304038,0.977736549,0.650986600
177.458432304,0.977736549,0.650840760
177.463182898,0.977736549,0.650825260
177.909738717,0.977736549,0.648113100
177.914489311,0.977736549,0.648110870
178.085510689,0.977736549,0.647199400
178.090261283,0.977736549,0.647186760
178.634204276,0.977736549,0.643908200
178.638954869,0.977736549,0.643884360
180.320665083,0.977736549,0.633399900
180.320665083,0.979591837,0.633393100
180.365795724,0.979591837,0.633075500
180.370546318,0.979591837,0.633045400
180.703087886,0.979591837,0.631199540
180.707838480,0.979591837,0.631178560
181.111638955,0.979591837,0.628661500
181.116389549,0.979591837,0.628659670
181.866983373,0.979591837,0.624352040
181.871733967,0.979591837,0.624346850
181.957244656,0.979591837,0.623733640
181.961995249,0.979591837,0.623731000
182.016627078,0.979591837,0.623474400
182.021377672,0.979591837,0.623469900
182.190023753,0.979591837,0.622583000
182.194774347,0.979591837,0.622576950
182.235154394,0.979591837,0.622375900
182.239904988,0.979591837,0.622368930
182.275534442,0.979591837,0.622064800
182.280285036,0.979591837,0.622041500
184.249406176,0.979591837,0.609602630
184.254156770,0.979591837,0.609587130
185.344418052,0.979591837,0.602915900
185.349168646,0.979591837,0.602891700
186.332541568,0.979591837,0.596178400
186.337292162,0.979591837,0.596176200
188.931116390,0.979591837,0.578620700
188.935866983,0.979591837,0.578578500
189.280285036,0.979591837,0.576168840
189.285035629,0.979591837,0.576154770
189.377672209,0.979591837,0.575596750
189.382422803,0.979591837,0.575593800
190.460807601,0.979591837,0.567787500
190.460807601,0.981447124,0.567783650
190.767220903,0.981447124,0.565631750
190.771971496,0.981447124,0.565591400
191.344418052,0.981447124,0.561323400
191.349168646,0.981447124,0.561315240
192.353919240,0.981447124,0.554196900
192.358669834,0.981447124,0.554195050
193.676959620,0.981447124,0.543719950
193.681710214,0.981447124,0.543718900
196.401425178,0.981447124,0.522989700
196.406175772,0.981447124,0.522983730
196.648456057,0.981447124,0.521367850
196.653206651,0.981447124,0.521366400
197.251781473,0.981447124,0.516416200
197.256532067,0.981447124,0.516412440
197.781472684,0.981447124,0.512470200
197.786223278,0.981447124,0.512457800
197.826603325,0.981447124,0.512216450
197.831353919,0.981447124,0.512157860
199.270783848,0.981447124,0.500813700
199.275534442,0.981447124,0.500808240
203.137767221,0.981447124,0.466871860
203.142517815,0.981447124,0.466842230
205.897862233,0.981447124,0.437140430
205.902612827,0.981447124,0.437086220
206.380047506,0.981447124,0.431674960
206.384798100,0.981447124,0.431656630
206.885985748,0.981447124,0.426156820
206.890736342,0.981447124,0.426139300
209.451306413,0.981447124,0.391460540
209.456057007,0.981447124,0.391388950
213.135391924,0.981447124,0.323358630
213.140142518,0.981447124,0.323351620
216.228028504,0.981447124,0.153790410
