0.000000000,0.000000000,2.000000000
0.142857143,0.234741784,1.000000000
0.226324238,0.294600939,0.999999900
0.298555377,0.319248826,0.999999760
0.332263242,0.342723005,0.999999640
0.373996790,0.357981221,0.999999500
0.412520064,0.370892019,0.999999400
0.447833066,0.382629108,0.999999300
0.487961477,0.394366197,0.999999170
0.513643660,0.401408451,0.999999050
0.542536116,0.415492958,0.999998900
0.569823435,0.423708920,0.999998800
0.598715891,0.429577465,0.999998700
0.622792937,0.436619718,0.999998570
0.643659711,0.438967136,0.999998450
0.662921348,0.441314554,0.999998330
0.685393258,0.444835681,0.999998200
0.711075441,0.447183099,0.999998100
0.733547352,0.449530516,0.999998000
0.751203852,0.455399061,0.999997850
0.768860353,0.458920188,0.999997740
0.789727127,0.462441315,0.999997600
0.805778491,0.468309859,0.999997500
0.817014446,0.473004695,0.999997400
0.842696629,0.476525822,0.999997260
0.866773676,0.476525822,0.999997140
0.892455859,0.477699531,0.999997000
0.919743178,0.481220657,0.999996900
0.942215088,0.483568075,0.999996800
0.956661316,0.489436620,0.999996660
0.974317817,0.489436620,0.999996540
0.987158909,0.491784038,0.999996400
1.004815409,0.495305164,0.999996300
1.016051364,0.498826291,0.999996200
1.020866774,0.502347418,0.999996070
1.035313002,0.503521127,0.999995950
1.054574639,0.507042254,0.999995800
1.069020867,0.507042254,0.999995700
1.080256822,0.509389671,0.999995600
1.093097913,0.514084507,0.999995470
1.102728732,0.515258216,0.999995350
1.113964687,0.516431925,0.999995230
1.125200642,0.516431925,0.999995100
1.142857143,0.516431925,0.999995000
1.149277689,0.519953052,0.999994900
1.170144462,0.521126761,0.999994750
1.176565008,0.522300469,0.999994640
1.205457464,0.525821596,0.999994300
1.216693419,0.529342723,0.999994160
1.231139647,0.529342723,0.999994040
1.235955056,0.532863850,0.999993900
1.250401284,0.532863850,0.999993800
1.261637239,0.532863850,0.999993700
1.266452648,0.532863850,0.999993560
1.276083467,0.535211268,0.999993440
1.287319422,0.536384977,0.999993300
1.300160514,0.536384977,0.999993200
1.311396469,0.537558685,0.999993100
1.317817014,0.537558685,0.999992970
1.325842697,0.542253521,0.999992850
1.333868379,0.543427230,0.999992700
1.340288925,0.543427230,0.999992600
1.351524880,0.543427230,0.999992500
1.365971108,0.544600939,0.999992400
1.380417335,0.544600939,0.999992250
1.393258427,0.545774648,0.999992130
1.415730337,0.545774648,0.999991900
1.418940610,0.546948357,0.999991800
1.425361156,0.546948357,0.999991660
1.444622793,0.549295775,0.999991400
1.451043339,0.550469484,0.999991300
1.459069021,0.550469484,0.999991200
1.467094703,0.551643192,0.999991060
1.473515249,0.552816901,0.999990940
1.481540931,0.552816901,0.999990800
1.497592295,0.553990610,0.999990700
1.507223114,0.555164319,0.999990600
1.513643660,0.558685446,0.999990460
1.518459069,0.558685446,0.999990340
1.531300161,0.559859155,0.999990200
1.540930979,0.561032864,0.999990100
1.553772071,0.562206573,0.999990000
1.555377207,0.562206573,0.999989870
1.568218299,0.564553991,0.999989750
1.577849117,0.564553991,0.999989600
1.582664526,0.566901408,0.999989500
1.595505618,0.568075117,0.999989400
1.603531300,0.568075117,0.999989300
1.609951846,0.568075117,0.999989150
1.611556982,0.568075117,0.999989030
1.634028892,0.568075117,0.999988800
1.646869984,0.569248826,0.999988700
1.669341894,0.569248826,0.999988440
1.677367576,0.571596244,0.999988300
1.683788122,0.571596244,0.999988200
1.693418941,0.572769953,0.999988100
1.706260032,0.575117371,0.999987840
1.717495987,0.576291080,0.999987700
1.723916533,0.577464789,0.999987600
1.728731942,0.577464789,0.999987500
1.733547352,0.578638498,0.999987360
1.739967897,0.579812207,0.999987240
1.746388443,0.579812207,0.999987100
1.757624398,0.580985915,0.999987000
1.764044944,0.580985915,0.999986900
1.772070626,0.582159624,0.999986770
1.778491172,0.582159624,0.999986650
1.786516854,0.582159624,0.999986500
1.797752809,0.582159624,0.999986400
1.805778491,0.582159624,0.999986300
1.813804173,0.583333333,0.999986200
1.818619583,0.584507042,0.999986050
1.823434992,0.584507042,0.999985930
1.829855538,0.585680751,0.999985800
1.842696629,0.585680751,0.999985700
1.849117175,0.585680751,0.999985600
1.850722311,0.586854460,0.999985460
1.866773676,0.586854460,0.999985340
1.871589085,0.588028169,0.999985200
1.881219904,0.588028169,0.999985100
1.886035313,0.589201878,0.999985000
1.895666132,0.590375587,0.999984860
1.906902087,0.590375587,0.999984740
1.911717496,0.590375587,0.999984600
1.922953451,0.590375587,0.999984500
1.934189406,0.591549296,0.999984400
1.940609952,0.592723005,0.999984260
1.948635634,0.592723005,0.999984150
1.948635634,0.593896714,0.999984000
1.958266453,0.593896714,0.999983900
1.963081862,0.593896714,0.999983800
1.969502408,0.595070423,0.999983670
1.985553772,0.595070423,0.999983550
1.993579454,0.598591549,0.999983430
2.000000000,0.598591549,0.999983300
2.012841091,0.598591549,0.999983200
2.014446228,0.598591549,0.999983100
2.020866774,0.598591549,0.999982950
2.030497592,0.599765258,0.999982830
2.035313002,0.600938967,0.999982700
2.038523274,0.600938967,0.999982600
2.043338684,0.600938967,0.999982500
2.046548957,0.602112676,0.999982360
2.052969502,0.603286385,0.999982240
2.062600321,0.603286385,0.999982100
2.069020867,0.603286385,0.999982000
2.078651685,0.603286385,0.999981900
2.081861958,0.603286385,0.999981760
2.096308186,0.603286385,0.999981640
2.104333868,0.603286385,0.999981500
2.115569823,0.603286385,0.999981400
2.118780096,0.603286385,0.999981300
2.133226324,0.604460094,0.999981160
2.141252006,0.606807512,0.999981050
2.154093098,0.607981221,0.999980900
2.163723917,0.607981221,0.999980800
2.171749599,0.607981221,0.999980700
2.176565008,0.609154930,0.999980570
2.184590690,0.609154930,0.999980450
2.195826645,0.609154930,0.999980330
2.197431782,0.610328638,0.999980200
2.205457464,0.610328638,0.999980100
2.213483146,0.611502347,0.999980000
2.219903692,0.612676056,0.999979850
2.229534510,0.612676056,0.999979730
2.234349920,0.615023474,0.999979600
2.245585875,0.615023474,0.999979500
2.255216693,0.616197183,0.999979400
2.261637239,0.617370892,0.999979260
2.274478331,0.617370892,0.999979000
2.279293740,0.617370892,0.999978900
2.288924559,0.617370892,0.999978800
2.296950241,0.617370892,0.999978660
2.300160514,0.617370892,0.999978540
2.313001605,0.619718310,0.999978300
2.319422151,0.619718310,0.999978200
2.321027287,0.619718310,0.999978070
2.330658106,0.619718310,0.999977800
2.337078652,0.620892019,0.999977700
2.341894061,0.620892019,0.999977600
2.356340289,0.620892019,0.999977470
2.365971108,0.622065728,0.999977350
2.367576244,0.622065728,0.999977230
2.373996790,0.622065728,0.999977100
2.385232745,0.622065728,0.999977000
2.388443018,0.622065728,0.999976900
2.391653291,0.623239437,0.999976750
2.402889246,0.624413146,0.999976630
2.407704655,0.624413146,0.999976500
2.420545746,0.624413146,0.999976400
2.423756019,0.624413146,0.999976300
2.433386838,0.624413146,0.999976160
2.444622793,0.625586854,0.999976040
2.447833066,0.625586854,0.999975900
2.454253612,0.625586854,0.999975800
2.459069021,0.626760563,0.999975700
2.465489567,0.626760563,0.999975560
2.468699839,0.626760563,0.999975440
2.475120385,0.626760563,0.999975300
2.478330658,0.626760563,0.999975200
2.484751204,0.626760563,0.999975100
2.491171750,0.627934272,0.999974970
2.495987159,0.627934272,0.999974850
2.499197432,0.627934272,0.999974700
2.504012841,0.627934272,0.999974600
2.505617978,0.630281690,0.999974500
2.507223114,0.631455399,0.999974370
2.513643660,0.632629108,0.999974250
2.520064205,0.632629108,0.999974130
2.528089888,0.632629108,0.999974000
2.531300161,0.632629108,0.999973900
2.542536116,0.632629108,0.999973800
2.545746388,0.632629108,0.999973650
2.548956661,0.633802817,0.999973540
2.550561798,0.633802817,0.999973400
2.561797753,0.634976526,0.999973300
2.574638844,0.634976526,0.999973060
2.576243981,0.637323944,0.999972940
2.581059390,0.637323944,0.999972800
2.585874799,0.638497653,0.999972700
2.590690209,0.638497653,0.999972600
2.590690209,0.640845070,0.999972340
2.600321027,0.640845070,0.999972200
2.608346709,0.642018779,0.999972100
2.614767255,0.642018779,0.999972000
2.619582665,0.642018779,0.999971870
2.626003210,0.642018779,0.999971750
2.629213483,0.642018779,0.999971600
2.634028892,0.642018779,0.999971500
2.643659711,0.642018779,0.999971400
2.650080257,0.642018779,0.999971300
2.656500803,0.643192488,0.999971150
2.661316212,0.644366197,0.999971030
2.667736758,0.644366197,0.999970900
2.675762440,0.644366197,0.999970800
2.682182986,0.644366197,0.999970700
2.691813804,0.644366197,0.999970560
2.693418941,0.645539906,0.999970440
2.699839486,0.645539906,0.999970300
2.715890851,0.645539906,0.999970100
2.719101124,0.647887324,0.999969960
2.722311396,0.647887324,0.999969840
2.728731942,0.647887324,0.999969700
2.733547352,0.649061033,0.999969600
2.738362761,0.649061033,0.999969500
2.744783307,0.649061033,0.999969360
2.751203852,0.650234742,0.999969240
2.757624398,0.650234742,0.999969100
2.760834671,0.650234742,0.999969000
2.780096308,0.650234742,0.999968400
2.781701445,0.650234742,0.999968300
2.791332263,0.650234742,0.999968200
2.796147673,0.650234742,0.999968050
2.804173355,0.650234742,0.999967930
2.817014446,0.650234742,0.999967800
2.825040128,0.650234742,0.999967700
2.828250401,0.651408451,0.999967600
2.836276083,0.651408451,0.999967460
2.842696629,0.651408451,0.999967340
2.844301766,0.651408451,0.999967200
2.850722311,0.651408451,0.999967100
2.852327448,0.651408451,0.999967000
2.855537721,0.651408451,0.999966860
2.863563403,0.651408451,0.999966740
2.868378812,0.652582160,0.999966600
2.869983949,0.653755869,0.999966500
2.876404494,0.654929577,0.999966400
2.884430177,0.654929577,0.999966260
2.886035313,0.654929577,0.999966140
2.894060995,0.654929577,0.999966000
2.897271268,0.654929577,0.999965900
2.906902087,0.654929577,0.999965670
2.914927769,0.654929577,0.999965550
2.921348315,0.654929577,0.999965400
2.926163724,0.654929577,0.999965300
2.934189406,0.654929577,0.999965200
2.940609952,0.654929577,0.999965100
2.945425361,0.654929577,0.999964950
2.951845907,0.654929577,0.999964830
2.955056180,0.654929577,0.999964700
2.958266453,0.656103286,0.999964600
2.961476726,0.656103286,0.999964500
2.966292135,0.657276995,0.999964360
2.974317817,0.657276995,0.999964240
2.975922953,0.657276995,0.999964100
2.975922953,0.658450704,0.999964000
2.979133226,0.658450704,0.999963900
2.985553772,0.659624413,0.999963760
2.988764045,0.660798122,0.999963640
2.990369181,0.660798122,0.999963500
2.991974318,0.661971831,0.999963400
2.996789727,0.661971831,0.999963300
3.001605136,0.663145540,0.999963160
3.008025682,0.663145540,0.999962900
3.014446228,0.663145540,0.999962800
3.020866774,0.663145540,0.999962570
3.027287319,0.663145540,0.999962450
3.030497592,0.663145540,0.999962330
3.035313002,0.663145540,0.999962200
3.038523274,0.663145540,0.999962100
3.044943820,0.663145540,0.999962000
3.048154093,0.664319249,0.999961850
3.051364366,0.664319249,0.999961730
3.056179775,0.664319249,0.999961600
3.057784912,0.664319249,0.999961500
3.062600321,0.664319249,0.999961400
3.075441413,0.664319249,0.999961140
3.078651685,0.664319249,0.999961000
3.083467095,0.664319249,0.999960900
3.091492777,0.664319249,0.999960800
3.094703050,0.664319249,0.999960660
3.102728732,0.665492958,0.999960540
3.117174960,0.665492958,0.999960200
3.120385233,0.665492958,0.999960060
3.126805778,0.665492958,0.999959950
3.131621188,0.665492958,0.999959800
3.138041734,0.665492958,0.999959700
3.144462279,0.666666667,0.999959600
3.149277689,0.666666667,0.999959470
3.150882825,0.666666667,0.999959350
3.157303371,0.666666667,0.999959230
3.166934189,0.666666667,0.999959100
3.171749599,0.667840376,0.999959000
3.179775281,0.667840376,0.999958900
3.181380417,0.667840376,0.999958750
3.186195827,0.667840376,0.999958630
3.189406100,0.667840376,0.999958500
3.197431782,0.667840376,0.999958400
3.202247191,0.667840376,0.999958300
3.205457464,0.667840376,0.999958040
3.210272873,0.667840376,0.999957900
3.216693419,0.667840376,0.999957700
3.218298555,0.667840376,0.999957560
3.221508828,0.669014085,0.999957440
3.223113965,0.669014085,0.999957300
3.231139647,0.669014085,0.999957200
3.232744783,0.669014085,0.999957100
3.239165329,0.669014085,0.999956970
3.243980738,0.669014085,0.999956850
3.248796148,0.669014085,0.999956500
3.253611557,0.669014085,0.999956370
3.261637239,0.669014085,0.999956250
3.263242376,0.669014085,0.999956130
3.266452648,0.669014085,0.999956000
3.268057785,0.669014085,0.999955900
3.272873194,0.669014085,0.999955800
3.279293740,0.669014085,0.999955650
3.287319422,0.670187793,0.999955530
3.290529695,0.670187793,0.999955300
3.293739968,0.672535211,0.999955200
3.296950241,0.672535211,0.999955060
3.301765650,0.673708920,0.999954940
3.308186196,0.674882629,0.999954800
3.314606742,0.674882629,0.999954700
3.319422151,0.674882629,0.999954600
3.322632424,0.674882629,0.999954460
3.329052970,0.674882629,0.999954340
3.333868379,0.674882629,0.999954200
3.345104334,0.674882629,0.999954100
3.353130016,0.674882629,0.999954000
3.357945425,0.676056338,0.999953870
3.361155698,0.676056338,0.999953750
3.375601926,0.676056338,0.999953400
3.394863563,0.676056338,0.999952700
3.399678973,0.676056338,0.999952550
3.402889246,0.676056338,0.999952440
3.404494382,0.676056338,0.999952200
3.412520064,0.676056338,0.999952100
3.418940610,0.676056338,0.999951960
3.428571429,0.676056338,0.999951600
3.452648475,0.676056338,0.999951000
3.468699839,0.676056338,0.999950770
3.475120385,0.676056338,0.999950500
3.478330658,0.676056338,0.999950300
3.481540931,0.677230047,0.999950200
3.483146067,0.678403756,0.999950050
3.487961477,0.678403756,0.999949930
3.489566613,0.678403756,0.999949800
3.494382022,0.678403756,0.999949700
3.495987159,0.678403756,0.999949600
3.504012841,0.678403756,0.999949460
3.505617978,0.678403756,0.999949340
3.508828250,0.678403756,0.999949200
3.528089888,0.678403756,0.999948740
3.529695024,0.678403756,0.999948600
3.532905297,0.678403756,0.999948500
3.534510433,0.678403756,0.999948400
3.540930979,0.678403756,0.999948260
3.547351525,0.680751174,0.999948000
3.552166934,0.680751174,0.999947900
3.553772071,0.681924883,0.999947800
3.560192616,0.683098592,0.999947670
3.568218299,0.683098592,0.999947550
3.569823435,0.683098592,0.999947400
3.574638844,0.683098592,0.999947300
3.587479936,0.683098592,0.999946950
3.593900482,0.683098592,0.999946700
3.598715891,0.683098592,0.999946600
3.605136437,0.683098592,0.999946500
3.606741573,0.684272300,0.999946360
3.609951846,0.685446009,0.999946240
3.616372392,0.685446009,0.999946100
3.619582665,0.685446009,0.999945900
3.621187801,0.686619718,0.999945760
3.624398074,0.686619718,0.999945640
3.626003210,0.686619718,0.999945500
3.632423756,0.686619718,0.999945400
3.642054575,0.686619718,0.999945300
3.648475120,0.686619718,0.999945040
3.653290530,0.686619718,0.999944900
3.654895666,0.687793427,0.999944800
3.658105939,0.688967136,0.999944700
3.666131621,0.688967136,0.999944570
3.667736758,0.688967136,0.999944300
3.670947030,0.688967136,0.999944200
3.670947030,0.691314554,0.999944100
3.674157303,0.691314554,0.999944000
3.680577849,0.691314554,0.999943850
3.686998395,0.691314554,0.999943600
3.691813804,0.691314554,0.999943260
3.696629213,0.691314554,0.999943140
3.698234350,0.691314554,0.999943000
3.698234350,0.692488263,0.999942900
3.707865169,0.692488263,0.999942660
3.709470305,0.692488263,0.999942540
3.714285714,0.692488263,0.999942400
3.720706260,0.692488263,0.999942300
3.722311396,0.692488263,0.999942200
3.725521669,0.692488263,0.999942060
3.733547352,0.692488263,0.999941950
3.747993579,0.692488263,0.999941600
3.752808989,0.693661972,0.999941470
3.754414125,0.693661972,0.999941350
3.762439807,0.693661972,0.999941100
3.765650080,0.693661972,0.999941000
3.767255217,0.693661972,0.999940750
3.770465490,0.694835681,0.999940630
3.775280899,0.694835681,0.999940500
3.781701445,0.696009390,0.999940400
3.783306581,0.696009390,0.999940300
3.786516854,0.696009390,0.999940160
3.788121990,0.696009390,0.999940040
3.796147673,0.697183099,0.999939900
3.796147673,0.698356808,0.999939800
3.808988764,0.699530516,0.999939700
3.815409310,0.700704225,0.999939560
3.818619583,0.700704225,0.999939440
3.831460674,0.700704225,0.999939200
3.836276083,0.700704225,0.999938850
3.841091493,0.700704225,0.999938700
3.844301766,0.700704225,0.999938600
3.847512039,0.701877934,0.999938500
3.850722311,0.701877934,0.999938370
3.852327448,0.703051643,0.999938250
3.855537721,0.703051643,0.999938130
3.857142857,0.703051643,0.999938000
3.861958266,0.703051643,0.999937800
3.865168539,0.703051643,0.999937530
3.868378812,0.704225352,0.999937300
3.871589085,0.704225352,0.999936940
3.876404494,0.705399061,0.999936800
3.878009631,0.705399061,0.999936700
3.884430177,0.705399061,0.999936460
3.889245586,0.705399061,0.999936340
3.892455859,0.705399061,0.999936200
3.900481541,0.705399061,0.999936100
3.902086677,0.705399061,0.999935870
3.906902087,0.705399061,0.999935750
3.918138042,0.706572770,0.999935600
3.919743178,0.706572770,0.999935500
3.927768860,0.707746479,0.999935400
3.932584270,0.707746479,0.999935270
3.939004815,0.707746479,0.999935030
3.943820225,0.707746479,0.999934900
3.945425361,0.707746479,0.999934800
3.955056180,0.707746479,0.999934700
3.959871589,0.707746479,0.999934300
3.963081862,0.707746479,0.999934100
3.964686998,0.707746479,0.999933960
3.977528090,0.707746479,0.999933700
3.983948636,0.707746479,0.999933500
3.988764045,0.707746479,0.999933360
3.995184591,0.707746479,0.999933240
3.998394864,0.707746479,0.999933100
4.001605136,0.708920188,0.999932900
4.009630819,0.708920188,0.999932770
4.012841091,0.708920188,0.999932650
4.017656501,0.708920188,0.999932500
4.025682183,0.708920188,0.999932400
4.032102729,0.708920188,0.999932300
4.033707865,0.708920188,0.999932170
4.040128411,0.708920188,0.999932050
4.043338684,0.708920188,0.999931800
4.052969502,0.708920188,0.999931450
4.057784912,0.708920188,0.999931340
4.070626003,0.708920188,0.999931200
4.073836276,0.708920188,0.999931100
4.077046549,0.708920188,0.999930860
4.083467095,0.708920188,0.999930740
4.085072231,0.708920188,0.999930600
4.088282504,0.708920188,0.999930400
4.094703050,0.708920188,0.999930260
4.097913323,0.708920188,0.999930140
4.102728732,0.708920188,0.999930000
4.107544141,0.708920188,0.999929670
4.112359551,0.708920188,0.999929550
4.113964687,0.710093897,0.999929400
4.117174960,0.710093897,0.999929300
4.121990369,0.710093897,0.999929200
4.123595506,0.710093897,0.999929100
4.126805778,0.710093897,0.999928950
4.131621188,0.710093897,0.999928830
4.133226324,0.710093897,0.999928700
4.136436597,0.710093897,0.999928600
4.141252006,0.710093897,0.999928500
4.147672552,0.710093897,0.999928360
4.147672552,0.711267606,0.999928240
4.149277689,0.711267606,0.999928100
4.154093098,0.711267606,0.999928000
4.157303371,0.711267606,0.999927900
4.158908507,0.711267606,0.999927760
4.162118780,0.711267606,0.999927640
4.165329053,0.711267606,0.999927400
4.170144462,0.711267606,0.999927300
4.173354735,0.711267606,0.999927160
4.176565008,0.713615023,0.999927040
4.178170144,0.713615023,0.999926900
4.181380417,0.713615023,0.999926800
4.182985554,0.713615023,0.999926700
4.186195827,0.713615023,0.999926450
4.187800963,0.713615023,0.999926200
4.192616372,0.713615023,0.999925850
4.195826645,0.713615023,0.999925730
4.197431782,0.713615023,0.999925600
4.200642055,0.713615023,0.999925500
4.207062600,0.713615023,0.999925400
4.210272873,0.714788732,0.999925260
4.211878010,0.714788732,0.999925140
4.221508828,0.714788732,0.999924900
4.224719101,0.714788732,0.999924800
4.226324238,0.714788732,0.999924660
4.226324238,0.715962441,0.999924540
4.229534510,0.715962441,0.999924400
4.231139647,0.715962441,0.999924300
4.234349920,0.715962441,0.999924200
4.235955056,0.715962441,0.999924060
4.243980738,0.715962441,0.999923940
4.247191011,0.715962441,0.999923700
4.250401284,0.715962441,0.999923600
4.252006421,0.715962441,0.999923470
4.256821830,0.715962441,0.999923200
4.260032103,0.715962441,0.999923100
4.261637239,0.715962441,0.999923000
4.266452648,0.715962441,0.999922900
4.269662921,0.715962441,0.999922750
4.274478331,0.715962441,0.999922500
4.277688604,0.715962441,0.999922300
4.279293740,0.715962441,0.999922160
4.287319422,0.715962441,0.999922040
4.296950241,0.715962441,0.999921900
4.300160514,0.715962441,0.999921800
4.301765650,0.715962441,0.999921700
4.306581059,0.715962441,0.999921560
4.308186196,0.715962441,0.999921440
4.311396469,0.717136150,0.999921300
4.316211878,0.717136150,0.999921200
4.317817014,0.717136150,0.999920960
4.321027287,0.717136150,0.999920850
4.322632424,0.717136150,0.999920700
4.335473515,0.717136150,0.999920500
4.338683788,0.717136150,0.999920370
4.346709470,0.717136150,0.999920250
4.351524880,0.717136150,0.999920100
4.357945425,0.717136150,0.999919900
4.364365971,0.717136150,0.999919800
4.373996790,0.717136150,0.999919530
4.380417335,0.717136150,0.999919400
4.383627608,0.717136150,0.999919300
4.390048154,0.717136150,0.999919200
4.391653291,0.717136150,0.999919060
4.401284109,0.717136150,0.999918700
4.407704655,0.717136150,0.999918600
4.410914928,0.717136150,0.999918340
4.412520064,0.718309859,0.999918200
4.414125201,0.718309859,0.999918100
4.423756019,0.718309859,0.999917860
4.426966292,0.718309859,0.999917750
4.441412520,0.718309859,0.999917270
4.446227929,0.718309859,0.999916900
4.451043339,0.718309859,0.999916800
4.452648475,0.718309859,0.999916700
4.459069021,0.718309859,0.999916550
4.462279294,0.718309859,0.999916430
4.463884430,0.718309859,0.999916300
4.467094703,0.718309859,0.999916200
4.471910112,0.718309859,0.999916100
4.481540931,0.718309859,0.999915600
4.487961477,0.718309859,0.999915360
4.497592295,0.718309859,0.999915000
4.499197432,0.718309859,0.999914900
4.505617978,0.718309859,0.999914650
4.507223114,0.718309859,0.999914500
4.510433387,0.718309859,0.999914400
4.520064205,0.718309859,0.999914300
4.526484751,0.718309859,0.999914170
4.531300161,0.718309859,0.999914050
4.537720706,0.718309859,0.999913930
4.547351525,0.718309859,0.999913600
4.550561798,0.718309859,0.999913330
4.555377207,0.718309859,0.999913200
4.556982343,0.718309859,0.999913100
4.565008026,0.718309859,0.999913000
4.568218299,0.718309859,0.999912740
4.577849117,0.718309859,0.999912500
4.581059390,0.718309859,0.999912400
4.584269663,0.719483568,0.999912260
4.589085072,0.719483568,0.999912000
4.592295345,0.719483568,0.999911900
4.601926164,0.719483568,0.999911670
4.603531300,0.719483568,0.999911550
4.609951846,0.719483568,0.999911400
4.613162119,0.721830986,0.999911300
4.619582665,0.721830986,0.999911200
4.621187801,0.721830986,0.999911070
4.630818620,0.721830986,0.999910700
4.643659711,0.721830986,0.999910600
4.648475120,0.721830986,0.999910000
4.654895666,0.721830986,0.999909760
4.656500803,0.721830986,0.999909640
4.659711075,0.721830986,0.999909500
4.661316212,0.721830986,0.999909400
4.669341894,0.721830986,0.999909300
4.674157303,0.721830986,0.999908900
4.675762440,0.721830986,0.999908800
4.678972713,0.721830986,0.999908700
4.682182986,0.721830986,0.999908450
4.685393258,0.721830986,0.999908300
4.691813804,0.721830986,0.999907730
4.696629213,0.721830986,0.999907500
4.699839486,0.721830986,0.999907400
4.701444623,0.721830986,0.999907260
4.706260032,0.721830986,0.999907140
4.709470305,0.721830986,0.999906900
4.719101124,0.721830986,0.999906540
4.720706260,0.721830986,0.999906400
4.739967897,0.721830986,0.999905800
4.744783307,0.723004695,0.999905700
4.746388443,0.723004695,0.999905600
4.749598716,0.723004695,0.999905470
4.754414125,0.723004695,0.999905350
4.757624398,0.723004695,0.999905100
4.762439807,0.723004695,0.999905000
4.764044944,0.724178404,0.999904900
4.768860353,0.724178404,0.999904750
4.770465490,0.725352113,0.999904630
4.776886035,0.725352113,0.999904400
4.781701445,0.725352113,0.999904040
4.789727127,0.726525822,0.999903900
4.796147673,0.726525822,0.999903700
4.800963082,0.727699531,0.999903560
4.807383628,0.727699531,0.999903300
4.812199037,0.727699531,0.999903100
4.828250401,0.727699531,0.999902700
4.831460674,0.727699531,0.999902370
4.831460674,0.728873239,0.999902250
4.834670947,0.728873239,0.999902100
4.837881220,0.728873239,0.999901900
4.841091493,0.728873239,0.999901800
4.842696629,0.728873239,0.999901650
4.845906902,0.728873239,0.999901530
4.850722311,0.728873239,0.999901400
4.853932584,0.728873239,0.999901300
4.858747994,0.728873239,0.999901200
4.860353130,0.728873239,0.999901060
4.869983949,0.728873239,0.999900800
4.873194222,0.728873239,0.999900700
4.874799358,0.728873239,0.999900600
4.878009631,0.728873239,0.999900460
4.882825040,0.728873239,0.999900340
4.884430177,0.728873239,0.999900200
4.898876404,0.728873239,0.999899600
4.902086677,0.728873239,0.999899500
4.906902087,0.728873239,0.999899270
4.911717496,0.728873239,0.999898900
4.914927769,0.728873239,0.999898800
4.919743178,0.728873239,0.999898700
4.922953451,0.728873239,0.999898550
4.927768860,0.728873239,0.999898430
4.932584270,0.728873239,0.999898100
4.935794543,0.728873239,0.999897960
4.939004815,0.728873239,0.999897700
4.939004815,0.730046948,0.999897600
4.942215088,0.730046948,0.999897500
4.951845907,0.730046948,0.999897240
4.958266453,0.730046948,0.999897000
4.963081862,0.730046948,0.999896900
4.966292135,0.730046948,0.999896760
4.975922953,0.730046948,0.999896400
4.982343499,0.730046948,0.999896300
4.985553772,0.730046948,0.999896170
4.987158909,0.730046948,0.999896050
4.988764045,0.731220657,0.999895930
4.995184591,0.731220657,0.999895800
4.998394864,0.731220657,0.999895600
5.001605136,0.731220657,0.999895450
5.003210273,0.731220657,0.999895200
5.006420546,0.731220657,0.999895000
5.016051364,0.731220657,0.999894740
5.017656501,0.731220657,0.999894600
5.020866774,0.731220657,0.999894500
5.022471910,0.731220657,0.999894400
5.032102729,0.731220657,0.999894260
5.041733547,0.731220657,0.999894000
5.048154093,0.731220657,0.999893670
5.049759230,0.731220657,0.999893550
5.057784912,0.732394366,0.999893400
5.060995185,0.732394366,0.999893300
5.070626003,0.732394366,0.999893200
5.072231140,0.732394366,0.999893070
5.078651685,0.732394366,0.999892700
5.081861958,0.732394366,0.999892100
5.097913323,0.732394366,0.999891500
5.099518459,0.732394366,0.999891400
5.105939005,0.732394366,0.999891040
5.110754414,0.733568075,0.999890900
5.112359551,0.734741784,0.999890800
5.115569823,0.734741784,0.999890570
5.118780096,0.734741784,0.999890300
5.123595506,0.734741784,0.999890200
5.125200642,0.734741784,0.999889970
5.130016051,0.734741784,0.999889850
5.139646870,0.734741784,0.999889500
5.141252006,0.734741784,0.999889400
5.147672552,0.734741784,0.999889000
5.149277689,0.734741784,0.999888900
5.154093098,0.734741784,0.999888800
5.155698234,0.734741784,0.999888660
5.158908507,0.734741784,0.999888400
5.163723917,0.734741784,0.999888200
5.165329053,0.734741784,0.999888060
5.168539326,0.734741784,0.999887940
5.170144462,0.734741784,0.999887800
5.176565008,0.734741784,0.999887700
5.178170144,0.734741784,0.999887600
5.181380417,0.734741784,0.999887470
5.182985554,0.734741784,0.999887350
5.187800963,0.734741784,0.999887200
5.189406100,0.734741784,0.999887100
5.192616372,0.734741784,0.999887000
5.199036918,0.734741784,0.999886900
5.202247191,0.734741784,0.999886630
5.211878010,0.734741784,0.999886300
5.215088283,0.734741784,0.999885900
5.218298555,0.734741784,0.999885800
5.219903692,0.735915493,0.999885700
5.224719101,0.735915493,0.999885440
5.226324238,0.735915493,0.999885300
5.239165329,0.735915493,0.999884700
5.240770465,0.735915493,0.999884600
5.247191011,0.735915493,0.999884500
5.250401284,0.735915493,0.999884100
5.263242376,0.735915493,0.999883530
5.269662921,0.735915493,0.999883200
5.276083467,0.735915493,0.999883060
5.280898876,0.735915493,0.999882700
5.282504013,0.737089202,0.999882600
5.285714286,0.737089202,0.999882460
5.288924559,0.737089202,0.999882200
5.292134831,0.737089202,0.999882100
5.296950241,0.738262911,0.999881860
5.301765650,0.738262911,0.999881740
5.303370787,0.738262911,0.999881500
5.309791332,0.739436620,0.999881400
5.314606742,0.739436620,0.999881000
5.317817014,0.739436620,0.999880800
5.322632424,0.739436620,0.999880550
5.325842697,0.739436620,0.999880300
5.332263242,0.739436620,0.999880100
5.333868379,0.740610329,0.999879960
5.337078652,0.740610329,0.999879840
5.341894061,0.740610329,0.999879700
5.351524880,0.740610329,0.999879100
5.356340289,0.740610329,0.999879000
5.364365971,0.740610329,0.999878170
5.369181380,0.740610329,0.999878050
5.375601926,0.740610329,0.999877600
5.380417335,0.740610329,0.999877450
5.386837881,0.740610329,0.999877100
5.388443018,0.740610329,0.999877000
5.393258427,0.741784038,0.999876860
5.398073836,0.741784038,0.999876740
5.404494382,0.741784038,0.999876500
5.406099518,0.741784038,0.999876400
5.409309791,0.741784038,0.999876260
5.414125201,0.741784038,0.999876140
5.415730337,0.741784038,0.999875900
5.420545746,0.741784038,0.999875800
5.422150883,0.741784038,0.999875660
5.426966292,0.741784038,0.999875550
5.433386838,0.741784038,0.999875400
5.436597111,0.741784038,0.999875200
5.443017657,0.742957746,0.999875070
5.446227929,0.742957746,0.999874830
5.452648475,0.742957746,0.999874700
5.457463884,0.742957746,0.999874600
5.463884430,0.742957746,0.999874500
5.468699839,0.742957746,0.999874350
5.470304976,0.742957746,0.999874230
5.473515249,0.742957746,0.999874100
5.473515249,0.744131455,0.999874000
5.476725522,0.744131455,0.999873640
5.483146067,0.744131455,0.999873160
5.486356340,0.745305164,0.999873040
5.489566613,0.745305164,0.999872700
5.492776886,0.745305164,0.999872570
5.495987159,0.745305164,0.999872300
5.502407705,0.745305164,0.999872200
5.505617978,0.745305164,0.999872100
5.507223114,0.745305164,0.999871970
5.510433387,0.745305164,0.999871600
5.515248796,0.745305164,0.999871400
5.521669342,0.745305164,0.999871000
5.529695024,0.745305164,0.999870900
5.534510433,0.745305164,0.999870800
5.537720706,0.745305164,0.999870660
5.547351525,0.745305164,0.999870400
5.550561798,0.745305164,0.999870300
5.555377207,0.745305164,0.999869700
5.561797753,0.745305164,0.999869600
5.569823435,0.745305164,0.999869470
5.573033708,0.745305164,0.999869350
5.576243981,0.745305164,0.999869100
5.581059390,0.745305164,0.999869000
5.587479936,0.745305164,0.999868750
5.593900482,0.745305164,0.999868300
5.598715891,0.745305164,0.999868150
5.601926164,0.745305164,0.999867900
5.605136437,0.745305164,0.999867800
5.609951846,0.745305164,0.999867440
5.613162119,0.745305164,0.999867200
5.617977528,0.746478873,0.999867100
5.621187801,0.746478873,0.999866700
5.627608347,0.746478873,0.999866600
5.629213483,0.746478873,0.999866500
5.638844302,0.746478873,0.999866250
5.643659711,0.746478873,0.999865900
5.653290530,0.746478873,0.999865650
5.659711075,0.746478873,0.999865200
5.664526485,0.746478873,0.999865060
5.666131621,0.746478873,0.999864940
5.669341894,0.746478873,0.999864800
5.669341894,0.747652582,0.999864700
5.678972713,0.747652582,0.999864340
5.680577849,0.747652582,0.999864200
5.683788122,0.747652582,0.999864100
5.693418941,0.747652582,0.999863860
5.696629213,0.747652582,0.999863740
5.699839486,0.747652582,0.999863400
5.703049759,0.747652582,0.999863270
5.706260032,0.747652582,0.999863000
5.711075441,0.747652582,0.999862900
5.719101124,0.747652582,0.999862300
5.725521669,0.747652582,0.999862200
5.727126806,0.747652582,0.999862100
5.730337079,0.747652582,0.999861840
5.731942215,0.747652582,0.999861700
5.751203852,0.747652582,0.999861100
5.756019262,0.747652582,0.999860760
5.759229535,0.747652582,0.999860640
5.768860353,0.747652582,0.999859700
5.772070626,0.748826291,0.999859600
5.776886035,0.748826291,0.999859450
5.778491172,0.748826291,0.999859330
5.783306581,0.748826291,0.999859200
5.786516854,0.748826291,0.999858860
5.788121990,0.748826291,0.999858740
5.792937400,0.748826291,0.999858500
5.796147673,0.748826291,0.999858400
5.797752809,0.748826291,0.999858140
5.802568218,0.748826291,0.999857900
5.805778491,0.748826291,0.999857800
5.813804173,0.748826291,0.999857200
5.820224719,0.748826291,0.999856950
5.821829856,0.748826291,0.999856700
5.825040128,0.748826291,0.999856500
5.826645265,0.748826291,0.999856350
5.833065811,0.748826291,0.999856100
5.837881220,0.748826291,0.999855900
5.850722311,0.748826291,0.999855640
5.852327448,0.748826291,0.999855500
5.857142857,0.748826291,0.999855400
5.863563403,0.748826291,0.999854900
5.868378812,0.748826291,0.999854800
5.871589085,0.748826291,0.999854700
5.874799358,0.748826291,0.999854200
5.884430177,0.748826291,0.999853970
5.890850722,0.748826291,0.999853730
5.892455859,0.748826291,0.999853600
5.897271268,0.748826291,0.999853500
5.898876404,0.750000000,0.999853250
5.905296950,0.750000000,0.999853130
5.908507223,0.750000000,0.999852900
5.911717496,0.750000000,0.999852800
5.922953451,0.750000000,0.999851800
5.927768860,0.750000000,0.999851600
5.929373997,0.750000000,0.999851470
5.934189406,0.751173709,0.999851350
5.935794543,0.751173709,0.999851200
5.939004815,0.751173709,0.999851100
5.940609952,0.751173709,0.999850870
5.947030498,0.751173709,0.999850750
5.950240770,0.751173709,0.999850500
5.955056180,0.751173709,0.999850400
5.958266453,0.751173709,0.999850300
5.959871589,0.751173709,0.999850150
5.963081862,0.751173709,0.999850030
5.964686998,0.752347418,0.999849900
5.969502408,0.752347418,0.999849800
5.975922953,0.752347418,0.999849440
5.977528090,0.752347418,0.999849300
5.980738363,0.752347418,0.999849100
5.982343499,0.752347418,0.999848960
5.988764045,0.752347418,0.999848600
5.993579454,0.752347418,0.999848370
5.996789727,0.752347418,0.999848100
6.000000000,0.752347418,0.999848000
6.006420546,0.752347418,0.999847530
6.012841091,0.752347418,0.999847300
6.014446228,0.752347418,0.999847200
6.019261637,0.752347418,0.999847050
6.024077047,0.752347418,0.999846460
6.025682183,0.753521127,0.999846200
6.027287319,0.753521127,0.999846100
6.036918138,0.753521127,0.999845860
6.038523274,0.753521127,0.999845740
6.041733547,0.753521127,0.999845600
6.048154093,0.753521127,0.999845500
6.051364366,0.753521127,0.999844800
6.056179775,0.753521127,0.999844700
6.057784912,0.754694836,0.999844550
6.060995185,0.754694836,0.999844200
6.067415730,0.754694836,0.999844100
6.077046549,0.754694836,0.999843240
6.083467095,0.754694836,0.999843100
6.086677368,0.754694836,0.999843000
6.088282504,0.754694836,0.999842900
6.088282504,0.755868545,0.999842760
6.093097913,0.755868545,0.999842640
6.094703050,0.755868545,0.999842500
6.104333868,0.755868545,0.999842170
6.115569823,0.755868545,0.999841200
6.120385233,0.755868545,0.999841100
6.123595506,0.755868545,0.999841000
6.126805778,0.755868545,0.999840740
6.131621188,0.755868545,0.999840600
6.134831461,0.755868545,0.999840500
6.136436597,0.755868545,0.999840400
6.152487961,0.755868545,0.999839540
6.154093098,0.755868545,0.999839300
6.157303371,0.755868545,0.999839200
6.158908507,0.755868545,0.999839070
6.163723917,0.755868545,0.999838800
6.166934189,0.755868545,0.999838600
6.170144462,0.755868545,0.999838350
6.171749599,0.755868545,0.999838230
6.178170144,0.755868545,0.999837900
6.179775281,0.755868545,0.999837760
6.182985554,0.755868545,0.999837640
6.187800963,0.755868545,0.999836900
6.191011236,0.755868545,0.999836800
6.195826645,0.755868545,0.999836700
6.202247191,0.755868545,0.999836300
6.205457464,0.757042254,0.999836200
6.215088283,0.757042254,0.999835850
6.219903692,0.757042254,0.999835700
6.224719101,0.757042254,0.999835400
6.227929374,0.757042254,0.999835250
6.229534510,0.757042254,0.999835000
6.235955056,0.757042254,0.999834900
6.239165329,0.757042254,0.999834800
6.243980738,0.757042254,0.999834660
6.247191011,0.757042254,0.999834400
6.252006421,0.757042254,0.999834300
6.253611557,0.757042254,0.999833700
6.258426966,0.757042254,0.999833460
6.260032103,0.757042254,0.999833200
6.263242376,0.757042254,0.999833100
6.264847512,0.757042254,0.999833000
6.268057785,0.757042254,0.999832870
6.272873194,0.757042254,0.999832750
6.280898876,0.757042254,0.999832030
6.284109149,0.757042254,0.999831900
6.285714286,0.757042254,0.999831800
6.292134831,0.757042254,0.999831700
6.300160514,0.757042254,0.999831100
6.303370787,0.757042254,0.999830960
6.317817014,0.757042254,0.999830600
6.325842697,0.757042254,0.999830370
6.327447833,0.757042254,0.999830250
6.329052970,0.758215962,0.999830100
6.333868379,0.758215962,0.999829900
6.335473515,0.758215962,0.999829770
6.338683788,0.758215962,0.999829400
6.346709470,0.758215962,0.999829300
6.349919743,0.758215962,0.999829050
6.353130016,0.758215962,0.999828930
6.353130016,0.759389671,0.999828800
6.362760835,0.759389671,0.999828460
6.364365971,0.759389671,0.999828340
6.372391653,0.760563380,0.999828200
6.382022472,0.760563380,0.999827860
6.385232745,0.760563380,0.999827600
6.388443018,0.760563380,0.999827500
6.393258427,0.760563380,0.999827400
6.394863563,0.760563380,0.999827300
6.396468700,0.761737089,0.999827200
6.399678973,0.761737089,0.999827100
6.407704655,0.761737089,0.999826400
6.410914928,0.761737089,0.999826250
6.422150883,0.761737089,0.999826000
6.423756019,0.761737089,0.999825900
6.426966292,0.761737089,0.999825800
6.433386838,0.761737089,0.999825660
6.438202247,0.761737089,0.999825540
6.443017657,0.761737089,0.999825060
6.449438202,0.761737089,0.999824940
6.452648475,0.761737089,0.999824800
6.454253612,0.761737089,0.999824600
6.457463884,0.761737089,0.999824460
6.459069021,0.761737089,0.999824350
6.465489567,0.761737089,0.999824200
6.471910112,0.761737089,0.999823750
6.473515249,0.761737089,0.999823630
6.478330658,0.761737089,0.999823500
6.478330658,0.762910798,0.999823300
6.479935795,0.762910798,0.999823150
6.484751204,0.762910798,0.999822900
6.486356340,0.762910798,0.999822800
6.492776886,0.762910798,0.999822560
6.494382022,0.762910798,0.999822440
6.500802568,0.762910798,0.999822200
6.502407705,0.762910798,0.999821960
6.505617978,0.762910798,0.999821840
6.507223114,0.762910798,0.999821700
6.512038523,0.762910798,0.999821500
6.518459069,0.762910798,0.999821100
6.520064205,0.762910798,0.999821000
6.524879615,0.762910798,0.999820900
6.526484751,0.764084507,0.999820770
6.534510433,0.764084507,0.999820200
6.540930979,0.764084507,0.999819930
6.545746388,0.764084507,0.999819600
6.558587480,0.764084507,0.999818400
6.568218299,0.764084507,0.999818150
6.569823435,0.764084507,0.999818000
6.574638844,0.765258216,0.999817800
6.576243981,0.765258216,0.999817550
6.579454254,0.765258216,0.999817430
6.584269663,0.765258216,0.999817300
6.585874799,0.765258216,0.999817200
6.589085072,0.765258216,0.999817100
6.590690209,0.765258216,0.999816950
6.593900482,0.765258216,0.999816830
6.593900482,0.766431925,0.999816700
6.597110754,0.766431925,0.999816500
6.600321027,0.766431925,0.999816240
6.606741573,0.766431925,0.999815500
6.613162119,0.766431925,0.999815400
6.614767255,0.766431925,0.999815300
6.617977528,0.766431925,0.999815170
6.619582665,0.766431925,0.999814900
6.622792937,0.766431925,0.999814800
6.627608347,0.766431925,0.999814450
6.630818620,0.766431925,0.999814330
6.635634029,0.766431925,0.999813850
6.642054575,0.766431925,0.999813600
6.646869984,0.766431925,0.999813500
6.656500803,0.766431925,0.999812660
6.659711075,0.766431925,0.999812540
6.664526485,0.766431925,0.999812400
6.670947030,0.766431925,0.999812200
6.677367576,0.766431925,0.999812070
6.678972713,0.766431925,0.999811950
6.688603531,0.766431925,0.999811800
6.695024077,0.766431925,0.999811500
6.701444623,0.766431925,0.999810900
6.707865169,0.766431925,0.999810500
6.709470305,0.766431925,0.999810300
6.712680578,0.766431925,0.999810160
6.714285714,0.766431925,0.999810040
6.720706260,0.766431925,0.999809800
6.725521669,0.766431925,0.999809700
6.728731942,0.766431925,0.999809560
6.730337079,0.766431925,0.999809440
6.733547352,0.766431925,0.999809200
6.735152488,0.766431925,0.999809100
6.736757624,0.767605634,0.999808970
6.739967897,0.767605634,0.999808850
6.744783307,0.767605634,0.999808400
6.751203852,0.767605634,0.999808130
6.754414125,0.767605634,0.999807900
6.757624398,0.767605634,0.999807800
6.762439807,0.767605634,0.999807400
6.765650080,0.769953052,0.999807200
6.768860353,0.769953052,0.999807060
6.768860353,0.771126761,0.999806940
6.784911717,0.771126761,0.999805150
6.789727127,0.771126761,0.999805030
6.791332263,0.771126761,0.999804800
6.794542536,0.771126761,0.999804700
6.797752809,0.771126761,0.999804300
6.800963082,0.771126761,0.999803960
6.805778491,0.771126761,0.999803840
6.808988764,0.771126761,0.999803250
6.812199037,0.771126761,0.999803100
6.813804173,0.771126761,0.999803000
6.818619583,0.771126761,0.999802900
6.825040128,0.771126761,0.999802650
6.829855538,0.771126761,0.999802530
6.831460674,0.771126761,0.999802400
6.837881220,0.771126761,0.999802200
6.839486356,0.771126761,0.999802050
6.844301766,0.771126761,0.999801930
6.847512039,0.771126761,0.999801700
6.850722311,0.771126761,0.999801600
6.852327448,0.771126761,0.999801460
6.855537721,0.771126761,0.999801200
6.857142857,0.771126761,0.999801100
6.863563403,0.771126761,0.999800860
6.868378812,0.771126761,0.999800740
6.873194222,0.771126761,0.999800400
6.876404494,0.771126761,0.999800260
6.878009631,0.771126761,0.999800150
6.884430177,0.771126761,0.999799800
6.886035313,0.771126761,0.999799670
6.895666132,0.771126761,0.999798950
6.900481541,0.771126761,0.999798700
6.906902087,0.771126761,0.999798360
6.911717496,0.771126761,0.999798000
6.913322632,0.771126761,0.999797760
6.916532905,0.771126761,0.999797500
6.918138042,0.771126761,0.999797400
6.921348315,0.771126761,0.999797050
6.924558587,0.771126761,0.999796570
6.929373997,0.772300469,0.999796200
6.939004815,0.772300469,0.999794900
6.942215088,0.772300469,0.999794800
6.945425361,0.772300469,0.999793950
6.948635634,0.772300469,0.999793800
6.953451043,0.772300469,0.999793470
6.956661316,0.772300469,0.999793350
6.963081862,0.772300469,0.999793230
6.964686998,0.772300469,0.999793100
6.967897271,0.772300469,0.999792900
6.969502408,0.772300469,0.999792750
6.974317817,0.772300469,0.999792640
6.977528090,0.772300469,0.999792500
6.979133226,0.772300469,0.999792400
6.982343499,0.772300469,0.999792160
6.987158909,0.772300469,0.999792040
6.990369181,0.772300469,0.999791900
6.991974318,0.772300469,0.999791800
6.996789727,0.772300469,0.999791560
7.000000000,0.772300469,0.999791300
7.003210273,0.772300469,0.999790850
7.008025682,0.772300469,0.999790400
7.011235955,0.772300469,0.999790250
7.016051364,0.772300469,0.999790130
7.019261637,0.772300469,0.999790000
7.020866774,0.772300469,0.999789900
7.025682183,0.772300469,0.999789800
7.028892456,0.772300469,0.999789660
7.033707865,0.772300469,0.999789300
7.036918138,0.772300469,0.999789200
7.038523274,0.772300469,0.999788940
7.041733547,0.772300469,0.999788700
7.046548957,0.772300469,0.999788000
7.052969502,0.772300469,0.999787870
7.065810594,0.772300469,0.999786900
7.067415730,0.772300469,0.999786800
7.081861958,0.772300469,0.999786440
7.085072231,0.772300469,0.999786300
7.094703050,0.772300469,0.999786100
7.101123596,0.772300469,0.999785960
7.107544141,0.772300469,0.999785700
7.110754414,0.772300469,0.999785500
7.117174960,0.772300469,0.999785100
7.121990369,0.772300469,0.999784770
7.125200642,0.772300469,0.999784650
7.128410915,0.772300469,0.999784200
7.133226324,0.772300469,0.999784050
7.136436597,0.772300469,0.999783700
7.141252006,0.772300469,0.999783600
7.144462279,0.772300469,0.999783460
7.149277689,0.772300469,0.999782400
7.150882825,0.772300469,0.999782260
7.154093098,0.772300469,0.999782150
7.158908507,0.772300469,0.999782000
7.160513644,0.772300469,0.999781800
7.163723917,0.772300469,0.999781670
7.165329053,0.772300469,0.999781300
7.171749599,0.772300469,0.999780950
7.173354735,0.772300469,0.999780600
7.176565008,0.772300469,0.999780500
7.179775281,0.772300469,0.999780100
7.182985554,0.772300469,0.999780000
7.184590690,0.772300469,0.999779900
7.187800963,0.772300469,0.999779760
7.192616372,0.772300469,0.999779640
7.195826645,0.772300469,0.999779500
7.208667737,0.772300469,0.999779300
7.211878010,0.772300469,0.999779050
7.215088283,0.772300469,0.999778900
7.219903692,0.772300469,0.999778700
7.223113965,0.772300469,0.999778330
7.226324238,0.772300469,0.999778200
7.227929374,0.772300469,0.999778100
7.237560193,0.772300469,0.999777730
7.243980738,0.772300469,0.999777500
7.245585875,0.772300469,0.999777140
7.250401284,0.772300469,0.999777000
7.260032103,0.772300469,0.999775800
7.269662921,0.772300469,0.999775470
7.276083467,0.772300469,0.999775100
7.277688604,0.772300469,0.999775000
7.280898876,0.772300469,0.999774750
7.282504013,0.772300469,0.999774630
7.287319422,0.774647887,0.999774500
7.293739968,0.774647887,0.999773800
7.295345104,0.775821596,0.999773700
7.296950241,0.775821596,0.999773560
7.300160514,0.775821596,0.999773440
7.303370787,0.775821596,0.999772970
7.308186196,0.775821596,0.999772850
7.317817014,0.775821596,0.999771650
7.321027287,0.775821596,0.999771540
7.322632424,0.775821596,0.999771400
7.324237560,0.776995305,0.999771300
7.329052970,0.776995305,0.999770940
7.332263242,0.776995305,0.999770700
7.338683788,0.778169014,0.999770460
7.340288925,0.778169014,0.999770200
7.345104334,0.778169014,0.999770100
7.346709470,0.779342723,0.999770000
7.353130016,0.779342723,0.999769500
7.356340289,0.779342723,0.999769300
7.359550562,0.779342723,0.999768900
7.364365971,0.779342723,0.999768700
7.367576244,0.779342723,0.999768200
7.377207063,0.779342723,0.999767600
7.380417335,0.779342723,0.999767240
7.380417335,0.780516432,0.999767100
7.383627608,0.780516432,0.999767000
7.386837881,0.780516432,0.999766200
7.393258427,0.780516432,0.999765700
7.394863563,0.780516432,0.999765600
7.401284109,0.780516432,0.999765460
7.404494382,0.781690141,0.999765340
7.407704655,0.781690141,0.999765100
7.410914928,0.781690141,0.999765000
7.423756019,0.781690141,0.999764740
7.426966292,0.781690141,0.999764600
7.434991974,0.781690141,0.999763670
7.439807384,0.781690141,0.999763550
7.444622793,0.781690141,0.999763200
7.447833066,0.781690141,0.999762950
7.454253612,0.781690141,0.999762000
7.457463884,0.781690141,0.999761760
7.459069021,0.781690141,0.999761640
7.468699839,0.781690141,0.999761160
7.471910112,0.782863850,0.999760700
7.475120385,0.782863850,0.999760570
7.479935795,0.782863850,0.999760450
7.483146067,0.782863850,0.999760200
7.484751204,0.782863850,0.999760000
7.487961477,0.782863850,0.999759850
7.489566613,0.782863850,0.999759730
7.492776886,0.784037559,0.999759500
7.495987159,0.784037559,0.999759000
7.500802568,0.784037559,0.999758900
7.504012841,0.784037559,0.999758400
7.508828250,0.784037559,0.999757950
7.512038523,0.784037559,0.999757800
7.515248796,0.784037559,0.999757350
7.518459069,0.784037559,0.999757230
7.524879615,0.784037559,0.999757100
7.531300161,0.784037559,0.999756900
7.532905297,0.784037559,0.999756750
7.539325843,0.784037559,0.999756500
7.545746388,0.784037559,0.999756040
7.548956661,0.784037559,0.999755800
7.552166934,0.784037559,0.999755300
7.558587480,0.784037559,0.999755100
7.560192616,0.784037559,0.999754970
7.566613162,0.784037559,0.999754850
7.571428571,0.784037559,0.999754370
7.574638844,0.784037559,0.999754250
7.577849117,0.784037559,0.999753650
7.582664526,0.784037559,0.999753530
7.584269663,0.784037559,0.999753400
7.589085072,0.784037559,0.999753300
7.592295345,0.784037559,0.999752940
7.595505618,0.785211268,0.999752800
7.597110754,0.785211268,0.999752700
7.603531300,0.785211268,0.999752460
7.605136437,0.786384977,0.999752340
7.606741573,0.786384977,0.999752100
7.609951846,0.786384977,0.999751870
7.614767255,0.786384977,0.999750900
7.616372392,0.786384977,0.999750800
7.619582665,0.786384977,0.999750700
7.621187801,0.786384977,0.999750550
7.626003210,0.786384977,0.999750200
7.630818620,0.786384977,0.999749600
7.637239165,0.786384977,0.999749240
7.638844302,0.786384977,0.999748770
7.638844302,0.788732394,0.999748650
7.642054575,0.788732394,0.999748200
7.650080257,0.788732394,0.999748050
7.656500803,0.788732394,0.999747930
7.658105939,0.788732394,0.999747700
7.667736758,0.788732394,0.999747100
7.669341894,0.788732394,0.999747000
7.674157303,0.788732394,0.999746740
7.675762440,0.788732394,0.999746600
7.682182986,0.788732394,0.999746400
7.685393258,0.788732394,0.999745900
7.688603531,0.788732394,0.999745670
7.695024077,0.788732394,0.999745550
7.698234350,0.788732394,0.999745400
7.701444623,0.788732394,0.999745200
7.706260032,0.788732394,0.999744950
7.707865169,0.788732394,0.999744700
7.714285714,0.788732394,0.999744500
7.715890851,0.788732394,0.999744360
7.719101124,0.788732394,0.999744100
7.720706260,0.788732394,0.999744000
7.727126806,0.788732394,0.999743760
7.730337079,0.788732394,0.999743040
7.736757624,0.788732394,0.999742800
7.746388443,0.788732394,0.999741600
7.749598716,0.788732394,0.999741500
7.751203852,0.788732394,0.999741400
7.754414125,0.788732394,0.999741140
7.756019262,0.788732394,0.999741000
7.762439807,0.788732394,0.999740800
7.764044944,0.788732394,0.999740540
7.767255217,0.788732394,0.999740400
7.768860353,0.788732394,0.999740300
7.772070626,0.788732394,0.999740060
7.775280899,0.788732394,0.999739800
7.778491172,0.788732394,0.999739700
7.783306581,0.788732394,0.999739200
7.786516854,0.788732394,0.999739000
7.788121990,0.788732394,0.999738900
7.791332263,0.788732394,0.999738750
7.792937400,0.788732394,0.999738630
7.796147673,0.788732394,0.999738400
7.800963082,0.788732394,0.999738160
7.805778491,0.788732394,0.999737700
7.808988764,0.788732394,0.999737560
7.810593900,0.789906103,0.999737440
7.817014446,0.789906103,0.999736960
7.818619583,0.789906103,0.999736850
7.821829856,0.789906103,0.999736700
7.826645265,0.789906103,0.999736250
7.831460674,0.789906103,0.999736000
7.834670947,0.789906103,0.999735900
7.841091493,0.789906103,0.999735400
7.844301766,0.789906103,0.999734940
7.847512039,0.789906103,0.999734700
7.852327448,0.789906103,0.999734340
7.853932584,0.789906103,0.999734100
7.858747994,0.789906103,0.999734000
7.865168539,0.789906103,0.999733600
7.866773676,0.789906103,0.999733150
7.869983949,0.789906103,0.999733030
7.876404494,0.789906103,0.999732900
7.879614767,0.789906103,0.999732800
7.882825040,0.789906103,0.999732550
7.889245586,0.789906103,0.999732200
7.892455859,0.789906103,0.999731960
7.895666132,0.789906103,0.999731840
7.897271268,0.789906103,0.999731700
7.897271268,0.791079812,0.999731500
7.898876404,0.791079812,0.999731360
7.902086677,0.791079812,0.999731240
7.903691814,0.791079812,0.999731100
7.903691814,0.793427230,0.999731000
7.910112360,0.793427230,0.999730300
7.913322632,0.793427230,0.999730170
7.916532905,0.793427230,0.999729600
7.922953451,0.793427230,0.999729000
7.924558587,0.793427230,0.999728600
7.927768860,0.793427230,0.999728500
7.929373997,0.793427230,0.999728400
7.932584270,0.793427230,0.999728140
7.937399679,0.793427230,0.999727670
7.940609952,0.793427230,0.999727200
7.942215088,0.793427230,0.999727100
7.945425361,0.793427230,0.999726950
7.948635634,0.793427230,0.999726700
7.955056180,0.793427230,0.999726500
7.958266453,0.793427230,0.999726100
7.964686998,0.793427230,0.999725760
7.966292135,0.793427230,0.999725640
7.971107544,0.793427230,0.999725500
7.977528090,0.793427230,0.999725300
7.979133226,0.793427230,0.999725160
7.983948636,0.793427230,0.999725040
7.987158909,0.793427230,0.999724800
7.990369181,0.793427230,0.999724450
7.993579454,0.793427230,0.999724300
7.995184591,0.793427230,0.999723850
8.004815409,0.793427230,0.999723600
8.012841091,0.793427230,0.999722400
8.016051364,0.793427230,0.999722300
8.017656501,0.793427230,0.999722060
8.033707865,0.793427230,0.999720630
8.035313002,0.793427230,0.999720500
8.040128411,0.793427230,0.999720300
8.043338684,0.793427230,0.999720040
8.048154093,0.793427230,0.999719900
8.052969502,0.793427230,0.999719300
8.059390048,0.793427230,0.999718960
8.060995185,0.793427230,0.999718840
8.064205457,0.793427230,0.999718700
8.070626003,0.793427230,0.999718250
8.075441413,0.793427230,0.999717900
8.081861958,0.793427230,0.999716800
8.085072231,0.793427230,0.999716600
8.086677368,0.793427230,0.999716340
8.089887640,0.793427230,0.999716200
8.091492777,0.793427230,0.999716100
8.097913323,0.793427230,0.999715860
8.101123596,0.793427230,0.999715150
8.105939005,0.793427230,0.999714900
8.115569823,0.793427230,0.999713840
8.115569823,0.794600939,0.999713600
8.120385233,0.794600939,0.999713500
8.121990369,0.794600939,0.999713360
8.131621188,0.794600939,0.999712650
8.133226324,0.794600939,0.999712400
8.142857143,0.794600939,0.999711600
8.147672552,0.794600939,0.999711000
8.154093098,0.794600939,0.999710740
8.157303371,0.794600939,0.999710400
8.162118780,0.794600939,0.999710260
8.165329053,0.794600939,0.999709900
8.170144462,0.794600939,0.999709800
8.173354735,0.794600939,0.999709670
8.174959872,0.794600939,0.999709550
8.187800963,0.794600939,0.999708950
8.191011236,0.794600939,0.999708700
8.192616372,0.794600939,0.999708600
8.199036918,0.794600939,0.999708240
8.203852327,0.794600939,0.999707400
8.207062600,0.794600939,0.999707040
8.210272873,0.794600939,0.999706800
8.210272873,0.795774648,0.999706450
8.213483146,0.795774648,0.999706300
8.218298555,0.795774648,0.999706000
8.224719101,0.795774648,0.999705730
8.231139647,0.795774648,0.999704400
8.231139647,0.796948357,0.999704300
8.237560193,0.796948357,0.999703000
8.242375602,0.796948357,0.999702900
8.247191011,0.796948357,0.999702300
8.253611557,0.796948357,0.999701900
8.255216693,0.796948357,0.999701800
8.258426966,0.796948357,0.999701560
8.263242376,0.796948357,0.999700670
8.272873194,0.796948357,0.999699950
8.287319422,0.796948357,0.999698040
8.290529695,0.796948357,0.999697800
8.295345104,0.796948357,0.999697570
8.296950241,0.796948357,0.999697450
8.306581059,0.796948357,0.999697100
8.309791332,0.796948357,0.999696600
8.314606742,0.798122066,0.999696500
8.317817014,0.798122066,0.999696250
8.322632424,0.798122066,0.999696140
8.325842697,0.798122066,0.999696000
8.332263242,0.798122066,0.999695300
8.337078652,0.798122066,0.999695200
8.338683788,0.798122066,0.999694700
8.343499197,0.798122066,0.999694200
8.345104334,0.799295775,0.999694100
8.351524880,0.799295775,0.999693750
8.353130016,0.799295775,0.999693500
8.356340289,0.799295775,0.999693400
8.359550562,0.799295775,0.999693160
8.362760835,0.799295775,0.999692900
8.364365971,0.799295775,0.999692700
8.367576244,0.799295775,0.999692560
8.369181380,0.799295775,0.999692440
8.372391653,0.799295775,0.999691700
8.373996790,0.799295775,0.999691600
8.377207063,0.799295775,0.999691370
8.380417335,0.799295775,0.999691000
8.386837881,0.799295775,0.999690650
8.390048154,0.799295775,0.999690200
8.393258427,0.799295775,0.999690060
8.402889246,0.799295775,0.999688860
8.409309791,0.799295775,0.999688400
8.410914928,0.799295775,0.999688150
8.414125201,0.799295775,0.999687900
8.417335474,0.799295775,0.999687700
8.422150883,0.799295775,0.999687550
8.430176565,0.799295775,0.999686960
8.433386838,0.799295775,0.999686840
8.436597111,0.799295775,0.999686600
8.439807384,0.799295775,0.999686500
8.441412520,0.799295775,0.999686360
8.444622793,0.799295775,0.999686240
8.449438202,0.799295775,0.999686100
8.459069021,0.799295775,0.999685650
8.460674157,0.799295775,0.999685170
8.463884430,0.799295775,0.999685050
8.468699839,0.799295775,0.999684930
8.475120385,0.799295775,0.999684100
8.478330658,0.799295775,0.999684000
8.491171750,0.799295775,0.999682200
8.495987159,0.799295775,0.999681950
8.497592295,0.799295775,0.999681830
8.500802568,0.799295775,0.999681500
8.504012841,0.800469484,0.999681350
8.505617978,0.800469484,0.999681230
8.508828250,0.800469484,0.999681000
8.510433387,0.800469484,0.999680760
8.513643660,0.800469484,0.999680640
8.516853933,0.800469484,0.999680400
8.520064205,0.800469484,0.999680300
8.521669342,0.800469484,0.999680040
8.524879615,0.800469484,0.999679900
8.526484751,0.800469484,0.999679700
8.529695024,0.800469484,0.999679200
8.532905297,0.800469484,0.999678600
8.537720706,0.800469484,0.999678500
8.540930979,0.800469484,0.999678250
8.547351525,0.801643192,0.999678000
8.552166934,0.801643192,0.999677800
8.555377207,0.801643192,0.999677540
8.556982343,0.801643192,0.999677400
8.560192616,0.801643192,0.999677300
8.561797753,0.801643192,0.999676800
8.565008026,0.801643192,0.999676470
8.571428571,0.801643192,0.999675500
8.574638844,0.801643192,0.999675150
8.579454254,0.801643192,0.999674900
8.581059390,0.801643192,0.999674800
8.590690209,0.801643192,0.999674300
8.595505618,0.801643192,0.999673840
8.598715891,0.801643192,0.999673700
8.603531300,0.801643192,0.999673600
8.606741573,0.801643192,0.999673370
8.611556982,0.801643192,0.999673250
8.617977528,0.801643192,0.999672900
8.621187801,0.801643192,0.999672400
8.626003210,0.801643192,0.999671940
8.627608347,0.801643192,0.999671600
8.630818620,0.801643192,0.999671200
8.635634029,0.801643192,0.999671100
8.638844302,0.801643192,0.999670860
8.648475120,0.801643192,0.999670000
8.651685393,0.801643192,0.999669900
8.653290530,0.801643192,0.999669700
8.656500803,0.801643192,0.999669550
8.661316212,0.801643192,0.999669100
8.666131621,0.801643192,0.999668960
8.669341894,0.801643192,0.999668840
8.672552167,0.801643192,0.999668500
8.675762440,0.801643192,0.999668360
8.682182986,0.801643192,0.999667640
8.698234350,0.801643192,0.999666450
8.699839486,0.801643192,0.999666330
8.703049759,0.801643192,0.999666000
8.707865169,0.801643192,0.999665500
8.711075441,0.801643192,0.999665400
8.715890851,0.801643192,0.999664800
8.719101124,0.801643192,0.999664660
8.720706260,0.801643192,0.999664550
8.723916533,0.801643192,0.999664400
8.733547352,0.801643192,0.999664200
8.735152488,0.801643192,0.999664070
8.738362761,0.801643192,0.999663950
8.739967897,0.801643192,0.999663830
8.743178170,0.801643192,0.999663700
8.744783307,0.801643192,0.999662900
8.751203852,0.801643192,0.999662400
8.757624398,0.801643192,0.999662160
8.764044944,0.801643192,0.999661450
8.770465490,0.801643192,0.999661300
8.772070626,0.801643192,0.999660850
8.775280899,0.801643192,0.999660730
8.776886035,0.801643192,0.999660600
8.783306581,0.801643192,0.999660130
8.786516854,0.801643192,0.999659900
8.789727127,0.801643192,0.999659660
8.794542536,0.801643192,0.999659200
8.797752809,0.801643192,0.999658940
8.799357945,0.801643192,0.999658800
8.802568218,0.801643192,0.999658700
8.805778491,0.801643192,0.999658350
8.812199037,0.801643192,0.999658100
8.812199037,0.802816901,0.999657750
8.815409310,0.802816901,0.999657300
8.817014446,0.802816901,0.999657150
8.820224719,0.802816901,0.999657030
8.821829856,0.802816901,0.999656800
8.828250401,0.802816901,0.999656560
8.837881220,0.802816901,0.999655250
8.844301766,0.802816901,0.999655000
8.850722311,0.802816901,0.999654650
8.853932584,0.802816901,0.999654050
8.858747994,0.802816901,0.999653800
8.861958266,0.802816901,0.999653700
8.866773676,0.802816901,0.999653340
8.869983949,0.802816901,0.999652860
8.873194222,0.802816901,0.999652500
8.876404494,0.802816901,0.999652400
8.879614767,0.802816901,0.999652000
8.882825040,0.802816901,0.999651800
8.887640449,0.802816901,0.999651700
8.890850722,0.802816901,0.999651430
8.897271268,0.802816901,0.999651300
8.900481541,0.802816901,0.999651200
8.905296950,0.802816901,0.999650700
8.908507223,0.802816901,0.999650500
8.913322632,0.802816901,0.999649640
8.916532905,0.802816901,0.999649500
8.918138042,0.802816901,0.999649400
8.922953451,0.802816901,0.999649300
8.926163724,0.802816901,0.999649170
8.927768860,0.802816901,0.999649050
8.930979133,0.802816901,0.999648700
8.934189406,0.802816901,0.999648100
8.939004815,0.802816901,0.999648000
8.942215088,0.802816901,0.999647740
8.948635634,0.802816901,0.999647400
8.958266453,0.802816901,0.999646300
8.961476726,0.802816901,0.999646200
8.961476726,0.803990610,0.999645800
8.963081862,0.803990610,0.999645700
8.966292135,0.803990610,0.999645600
8.967897271,0.803990610,0.999645350
8.971107544,0.803990610,0.999645230
8.977528090,0.803990610,0.999645000
8.980738363,0.803990610,0.999644760
8.987158909,0.803990610,0.999643900
8.988764045,0.803990610,0.999643800
8.991974318,0.803990610,0.999643700
8.993579454,0.803990610,0.999643560
9.000000000,0.803990610,0.999643300
9.004815409,0.803990610,0.999642600
9.011235955,0.803990610,0.999642250
9.025682183,0.803990610,0.999640200
9.028892456,0.803990610,0.999639630
9.032102729,0.803990610,0.999639400
9.035313002,0.803990610,0.999639030
9.036918138,0.803990610,0.999638560
9.040128411,0.803990610,0.999638440
9.041733547,0.803990610,0.999638200
9.051364366,0.803990610,0.999637840
9.052969502,0.803990610,0.999637700
9.059390048,0.803990610,0.999637600
9.062600321,0.803990610,0.999637250
9.064205457,0.803990610,0.999637100
9.067415730,0.805164319,0.999637000
9.070626003,0.805164319,0.999636650
9.075441413,0.805164319,0.999636400
9.078651685,0.805164319,0.999635930
9.085072231,0.805164319,0.999635800
9.086677368,0.805164319,0.999635700
9.093097913,0.805164319,0.999635460
9.099518459,0.805164319,0.999634860
9.102728732,0.805164319,0.999634740
9.105939005,0.805164319,0.999634270
9.109149278,0.805164319,0.999634150
9.113964687,0.805164319,0.999633800
9.118780096,0.805164319,0.999633550
9.120385233,0.805164319,0.999633430
9.133226324,0.805164319,0.999632950
9.142857143,0.805164319,0.999631400
9.146067416,0.805164319,0.999631300
9.154093098,0.805164319,0.999629600
9.158908507,0.805164319,0.999629260
9.165329053,0.805164319,0.999628900
9.166934189,0.805164319,0.999628660
9.171749599,0.805164319,0.999628540
9.173354735,0.805164319,0.999628400
9.178170144,0.805164319,0.999627800
9.179775281,0.805164319,0.999627700
9.186195827,0.805164319,0.999627500
9.192616372,0.805164319,0.999627230
9.194221509,0.805164319,0.999626900
9.199036918,0.805164319,0.999626760
9.200642055,0.805164319,0.999626640
9.203852327,0.805164319,0.999626500
9.213483146,0.805164319,0.999625200
9.218298555,0.805164319,0.999624600
9.227929374,0.805164319,0.999624000
9.242375602,0.805164319,0.999622700
9.248796148,0.805164319,0.999622460
9.253611557,0.805164319,0.999622340
9.261637239,0.805164319,0.999620900
9.264847512,0.805164319,0.999620440
9.274478331,0.805164319,0.999619000
9.279293740,0.805164319,0.999618900
9.282504013,0.805164319,0.999618650
9.290529695,0.805164319,0.999617600
9.293739968,0.805164319,0.999617460
9.295345104,0.805164319,0.999617340
9.300160514,0.805164319,0.999617200
9.303370787,0.805164319,0.999616600
9.308186196,0.805164319,0.999616400
9.311396469,0.805164319,0.999615900
9.314606742,0.805164319,0.999615550
9.321027287,0.805164319,0.999615300
9.325842697,0.805164319,0.999614830
9.330658106,0.805164319,0.999614600
9.332263242,0.805164319,0.999614500
9.335473515,0.805164319,0.999614360
9.338683788,0.805164319,0.999614100
9.341894061,0.805164319,0.999614060
9.346709470,0.805164319,0.999613700
9.348314607,0.806338028,0.999613600
9.351524880,0.806338028,0.999613340
9.359550562,0.806338028,0.999612400
9.364365971,0.806338028,0.999612150
9.369181380,0.806338028,0.999611100
9.372391653,0.806338028,0.999610960
9.373996790,0.806338028,0.999610700
9.377207063,0.806338028,0.999610600
9.380417335,0.807511737,0.999610500
9.385232745,0.807511737,0.999610100
9.388443018,0.807511737,0.999610000
9.393258427,0.807511737,0.999609770
9.396468700,0.807511737,0.999609530
9.398073836,0.807511737,0.999609300
9.406099518,0.807511737,0.999609200
9.412520064,0.807511737,0.999608800
9.414125201,0.807511737,0.999608340
9.417335474,0.807511737,0.999608200
9.422150883,0.807511737,0.999608000
9.423756019,0.807511737,0.999607860
9.430176565,0.807511737,0.999607500
9.434991974,0.807511737,0.999607000
9.441412520,0.807511737,0.999606300
9.443017657,0.807511737,0.999606200
9.443017657,0.808685446,0.999606100
9.452648475,0.808685446,0.999605600
9.457463884,0.808685446,0.999605100
9.459069021,0.809859155,0.999605000
9.463884430,0.809859155,0.999604640
9.467094703,0.809859155,0.999604400
9.471910112,0.809859155,0.999603700
9.484751204,0.809859155,0.999602600
9.489566613,0.809859155,0.999601800
9.492776886,0.809859155,0.999601660
9.504012841,0.809859155,0.999599750
9.507223114,0.809859155,0.999599640
9.510433387,0.809859155,0.999599400
9.513643660,0.809859155,0.999599040
9.515248796,0.809859155,0.999598900
9.518459069,0.809859155,0.999598300
9.529695024,0.809859155,0.999597000
9.536115570,0.809859155,0.999596540
9.540930979,0.809859155,0.999596200
9.544141252,0.809859155,0.999595940
9.552166934,0.809859155,0.999594870
9.556982343,0.809859155,0.999594750
9.563402889,0.809859155,0.999593900
9.569823435,0.809859155,0.999593800
9.571428571,0.811032864,0.999593700
9.573033708,0.811032864,0.999593200
9.576243981,0.811032864,0.999592960
9.581059390,0.811032864,0.999592360
9.584269663,0.811032864,0.999592240
9.593900482,0.811032864,0.999591400
9.598715891,0.811032864,0.999591300
9.601926164,0.811032864,0.999590600
9.606741573,0.811032864,0.999590100
9.613162119,0.811032864,0.999589860
9.617977528,0.811032864,0.999589600
9.624398074,0.811032864,0.999588900
9.629213483,0.811032864,0.999588800
9.634028892,0.811032864,0.999588430
9.640449438,0.811032864,0.999588300
9.650080257,0.811032864,0.999587830
9.651685393,0.811032864,0.999587240
9.658105939,0.811032864,0.999587100
9.659711075,0.811032864,0.999587000
9.666131621,0.811032864,0.999586640
9.667736758,0.811032864,0.999586400
9.672552167,0.811032864,0.999586300
9.682182986,0.811032864,0.999585330
9.685393258,0.811032864,0.999585200
9.690208668,0.811032864,0.999584500
9.693418941,0.811032864,0.999583660
9.703049759,0.811032864,0.999582470
9.709470305,0.811032864,0.999582230
9.714285714,0.811032864,0.999581630
9.717495987,0.811032864,0.999581500
9.719101124,0.811032864,0.999581400
9.725521669,0.811032864,0.999581160
9.728731942,0.811032864,0.999580300
9.731942215,0.811032864,0.999580200
9.733547352,0.811032864,0.999579970
9.738362761,0.811032864,0.999579850
9.741573034,0.811032864,0.999579600
9.744783307,0.811032864,0.999579250
9.749598716,0.811032864,0.999579130
9.752808989,0.811032864,0.999578800
9.754414125,0.812206573,0.999578650
9.757624398,0.812206573,0.999578300
9.760834671,0.812206573,0.999577940
9.762439807,0.812206573,0.999577600
9.765650080,0.812206573,0.999577340
9.767255217,0.812206573,0.999577200
9.770465490,0.812206573,0.999577000
9.773675762,0.812206573,0.999576300
9.776886035,0.812206573,0.999576150
9.783306581,0.812206573,0.999575800
9.784911717,0.812206573,0.999575700
9.791332263,0.812206573,0.999575560
9.794542536,0.812206573,0.999574960
9.794542536,0.813380282,0.999574840
9.799357945,0.813380282,0.999573900
9.802568218,0.813380282,0.999573770
9.804173355,0.813380282,0.999573650
9.810593900,0.813380282,0.999573400
9.813804173,0.813380282,0.999573050
9.818619583,0.813380282,0.999572930
9.821829856,0.813380282,0.999572800
9.826645265,0.813380282,0.999572700
9.836276083,0.813380282,0.999572200
9.839486356,0.813380282,0.999572000
9.842696629,0.813380282,0.999571600
9.844301766,0.813380282,0.999571400
9.849117175,0.813380282,0.999570900
9.852327448,0.813380282,0.999570550
9.855537721,0.813380282,0.999570300
9.861958266,0.813380282,0.999570200
9.866773676,0.813380282,0.999569700
9.869983949,0.813380282,0.999569100
9.881219904,0.813380282,0.999567570
9.887640449,0.813380282,0.999567330
9.889245586,0.813380282,0.999567200
9.889245586,0.814553991,0.999567100
9.890850722,0.814553991,0.999567000
9.894060995,0.814553991,0.999566850
9.897271268,0.814553991,0.999566140
9.900481541,0.814553991,0.999566000
9.910112360,0.814553991,0.999565300
9.913322632,0.814553991,0.999565060
9.926163724,0.814553991,0.999563160
9.929373997,0.814553991,0.999563040
9.930979133,0.814553991,0.999562900
9.934189406,0.814553991,0.999562800
9.943820225,0.814553991,0.999562560
9.947030498,0.814553991,0.999562440
9.951845907,0.814553991,0.999561700
9.951845907,0.815727700,0.999561600
9.958266453,0.815727700,0.999561130
9.964686998,0.815727700,0.999560900
9.966292135,0.815727700,0.999560800
9.969502408,0.815727700,0.999560400
9.971107544,0.815727700,0.999560300
9.977528090,0.815727700,0.999560200
9.980738363,0.815727700,0.999560060
9.985553772,0.815727700,0.999559100
9.988764045,0.815727700,0.999558870
9.995184591,0.815727700,0.999558750
9.998394864,0.815727700,0.999558600
10.003210273,0.815727700,0.999558500
10.004815409,0.815727700,0.999558400
10.008025682,0.815727700,0.999558270
10.009630819,0.815727700,0.999558150
10.019261637,0.815727700,0.999557440
10.022471910,0.815727700,0.999556840
10.027287319,0.815727700,0.999556600
10.030497592,0.815727700,0.999556500
10.048154093,0.815727700,0.999554700
10.051364366,0.815727700,0.999554600
10.052969502,0.815727700,0.999554340
10.056179775,0.815727700,0.999554100
10.065810594,0.815727700,0.999552800
10.072231140,0.815727700,0.999552300
10.073836276,0.815727700,0.999551950
10.077046549,0.815727700,0.999551700
10.078651685,0.815727700,0.999551500
10.081861958,0.815727700,0.999551360
10.085072231,0.815727700,0.999550760
10.086677368,0.816901408,0.999550640
10.093097913,0.816901408,0.999550160
10.097913323,0.816901408,0.999549300
10.104333868,0.816901408,0.999549100
10.105939005,0.816901408,0.999549000
10.109149278,0.816901408,0.999548730
10.113964687,0.816901408,0.999548600
10.115569823,0.818075117,0.999548140
10.121990369,0.818075117,0.999547900
10.128410915,0.818075117,0.999547400
10.131621188,0.818075117,0.999547300
10.133226324,0.818075117,0.999547200
10.136436597,0.818075117,0.999546470
10.139646870,0.818075117,0.999545630
10.142857143,0.818075117,0.999545400
10.144462279,0.818075117,0.999545300
10.147672552,0.818075117,0.999544800
10.162118780,0.818075117,0.999542950
10.165329053,0.818075117,0.999542700
10.166934189,0.818075117,0.999542600
10.170144462,0.818075117,0.999542100
10.173354735,0.818075117,0.999541760
10.182985554,0.818075117,0.999541300
10.186195827,0.818075117,0.999541040
10.189406100,0.818075117,0.999540570
10.191011236,0.818075117,0.999540450
10.194221509,0.818075117,0.999540100
10.199036918,0.818075117,0.999539600
10.202247191,0.818075117,0.999539400
10.203852327,0.818075117,0.999539140
10.207062600,0.818075117,0.999539000
10.208667737,0.818075117,0.999538900
10.218298555,0.818075117,0.999538540
10.223113965,0.818075117,0.999538400
10.226324238,0.818075117,0.999538060
10.232744783,0.818075117,0.999537940
10.235955056,0.818075117,0.999537700
10.237560193,0.819248826,0.999537350
10.240770465,0.819248826,0.999537100
10.243980738,0.819248826,0.999537000
10.248796148,0.819248826,0.999536630
10.252006421,0.819248826,0.999535900
10.255216693,0.819248826,0.999535800
10.260032103,0.819248826,0.999535560
10.263242376,0.819248826,0.999535440
10.264847512,0.819248826,0.999535100
10.268057785,0.819248826,0.999534960
10.272873194,0.819248826,0.999534370
10.276083467,0.819248826,0.999534250
10.277688604,0.819248826,0.999534000
10.284109149,0.819248826,0.999533400
10.285714286,0.819248826,0.999533300
10.288924559,0.819248826,0.999533200
10.290529695,0.819248826,0.999533060
10.293739968,0.819248826,0.999532940
10.298555377,0.819248826,0.999532600
10.300160514,0.819248826,0.999532100
10.303370787,0.819248826,0.999531500
10.306581059,0.819248826,0.999530550
10.309791332,0.819248826,0.999530430
10.321027287,0.819248826,0.999528900
10.324237560,0.819248826,0.999528770
10.329052970,0.819248826,0.999527800
10.332263242,0.819248826,0.999527700
10.333868379,0.819248826,0.999527450
10.340288925,0.819248826,0.999527100
10.345104334,0.819248826,0.999526400
10.348314607,0.819248826,0.999526140
10.356340289,0.819248826,0.999525400
10.359550562,0.819248826,0.999524950
10.372391653,0.819248826,0.999523400
10.375601926,0.819248826,0.999523160
10.380417335,0.819248826,0.999522450
10.383627608,0.819248826,0.999522300
10.393258427,0.819248826,0.999520660
10.399678973,0.819248826,0.999519700
10.404494382,0.819248826,0.999519200
10.410914928,0.819248826,0.999518750
10.415730337,0.819248826,0.999517700
10.422150883,0.819248826,0.999517560
10.425361156,0.819248826,0.999517100
10.428571429,0.819248826,0.999516960
10.433386838,0.819248826,0.999516840
10.434991974,0.819248826,0.999516600
10.438202247,0.819248826,0.999516500
10.439807384,0.819248826,0.999516100
10.446227929,0.819248826,0.999516000
10.451043339,0.819248826,0.999515400
10.454253612,0.819248826,0.999515300
10.462279294,0.819248826,0.999514000
10.465489567,0.819248826,0.999513750
10.467094703,0.819248826,0.999513600
10.473515249,0.819248826,0.999513400
10.478330658,0.819248826,0.999513030
10.481540931,0.819248826,0.999512900
10.484751204,0.819248826,0.999512550
10.487961477,0.819248826,0.999512430
10.505617978,0.819248826,0.999509800
10.508828250,0.819248826,0.999509700
10.512038523,0.819248826,0.999509100
10.521669342,0.819248826,0.999508400
10.523274478,0.819248826,0.999508260
10.526484751,0.819248826,0.999508140
10.528089888,0.819248826,0.999508000
10.531300161,0.819248826,0.999507900
10.537720706,0.819248826,0.999507300
10.542536116,0.819248826,0.999507200
10.548956661,0.819248826,0.999506830
10.553772071,0.819248826,0.999505640
10.560192616,0.819248826,0.999505300
10.565008026,0.819248826,0.999504900
10.566613162,0.819248826,0.999504800
10.573033708,0.819248826,0.999504300
10.574638844,0.819248826,0.999503970
10.581059390,0.819248826,0.999503500
10.584269663,0.819248826,0.999503000
10.587479936,0.819248826,0.999502900
10.592295345,0.819248826,0.999502300
10.592295345,0.820422535,0.999502200
10.593900482,0.820422535,0.999502060
10.597110754,0.820422535,0.999501800
10.601926164,0.820422535,0.999501350
10.605136437,0.820422535,0.999501200
10.606741573,0.820422535,0.999501000
10.609951846,0.820422535,0.999500630
10.611556982,0.820422535,0.999500160
10.621187801,0.820422535,0.999499440
10.624398074,0.820422535,0.999498840
10.627608347,0.820422535,0.999498700
10.632423756,0.820422535,0.999498500
10.635634029,0.820422535,0.999498250
10.640449438,0.820422535,0.999498100
10.646869984,0.820422535,0.999497900
10.653290530,0.820422535,0.999496700
10.656500803,0.820422535,0.999496200
10.656500803,0.821596244,0.999496100
10.659711075,0.821596244,0.999495740
10.664526485,0.821596244,0.999495270
10.669341894,0.821596244,0.999494900
10.672552167,0.821596244,0.999494700
10.674157303,0.821596244,0.999494550
10.678972713,0.821596244,0.999493840
10.685393258,0.821596244,0.999493000
10.695024077,0.821596244,0.999491700
10.698234350,0.821596244,0.999491600
10.699839486,0.821596244,0.999491450
10.704654896,0.821596244,0.999491330
10.711075441,0.821596244,0.999490000
10.714285714,0.821596244,0.999489800
10.720706260,0.821596244,0.999489200
10.727126806,0.821596244,0.999488950
10.733547352,0.821596244,0.999488830
10.736757624,0.821596244,0.999488500
10.739967897,0.821596244,0.999488000
10.746388443,0.821596244,0.999487760
10.751203852,0.821596244,0.999487160
10.754414125,0.821596244,0.999487040
10.760834671,0.821596244,0.999486450
10.765650080,0.821596244,0.999486300
10.768860353,0.822769953,0.999486200
10.773675762,0.822769953,0.999486100
10.775280899,0.822769953,0.999485970
10.778491172,0.822769953,0.999485850
10.784911717,0.822769953,0.999485600
10.789727127,0.822769953,0.999485140
10.794542536,0.822769953,0.999485000
10.796147673,0.822769953,0.999484900
10.800963082,0.822769953,0.999484800
10.807383628,0.822769953,0.999484060
10.810593900,0.822769953,0.999483800
10.815409310,0.822769953,0.999483600
10.817014446,0.822769953,0.999483470
10.820224719,0.822769953,0.999483200
10.826645265,0.822769953,0.999482400
10.829855538,0.822769953,0.999482300
10.831460674,0.822769953,0.999482200
10.834670947,0.822769953,0.999481860
10.847512039,0.822769953,0.999480070
10.852327448,0.822769953,0.999479830
10.865168539,0.822769953,0.999476970
10.865168539,0.823943662,0.999476850
10.866773676,0.823943662,0.999476730
10.871589085,0.823943662,0.999476130
10.874799358,0.823943662,0.999476000
10.876404494,0.825117371,0.999475900
10.879614767,0.825117371,0.999475660
10.882825040,0.825117371,0.999475400
10.887640449,0.825117371,0.999475300
10.897271268,0.825117371,0.999474100
10.898876404,0.826291080,0.999474000
10.900481541,0.826291080,0.999472900
10.903691814,0.826291080,0.999472800
10.906902087,0.826291080,0.999472440
10.910112360,0.826291080,0.999472300
10.911717496,0.826291080,0.999472200
10.913322632,0.827464789,0.999472100
10.914927769,0.827464789,0.999471370
10.919743178,0.827464789,0.999471100
10.922953451,0.827464789,0.999471000
10.924558587,0.827464789,0.999470800
10.929373997,0.827464789,0.999470650
10.932584270,0.827464789,0.999470200
10.935794543,0.827464789,0.999469940
10.937399679,0.827464789,0.999469600
10.942215088,0.827464789,0.999469460
10.951845907,0.827464789,0.999468400
10.955056180,0.827464789,0.999468270
10.974317817,0.827464789,0.999465760
10.977528090,0.827464789,0.999465400
10.982343499,0.827464789,0.999464800
10.985553772,0.827464789,0.999464450
10.990369181,0.827464789,0.999464330
10.995184591,0.827464789,0.999463740
10.998394864,0.827464789,0.999463500
11.008025682,0.827464789,0.999462800
11.008025682,0.828638498,0.999462540
11.009630819,0.828638498,0.999462400
11.012841091,0.828638498,0.999462300
11.016051364,0.828638498,0.999462070
11.019261637,0.828638498,0.999461950
11.022471910,0.828638498,0.999461700
11.025682183,0.828638498,0.999461600
11.028892456,0.828638498,0.999460900
11.032102729,0.828638498,0.999460760
11.033707865,0.828638498,0.999460400
11.036918138,0.829812207,0.999460300
11.044943820,0.829812207,0.999459450
11.049759230,0.829812207,0.999459200
11.051364366,0.829812207,0.999459100
11.054574639,0.829812207,0.999458730
11.054574639,0.830985915,0.999458600
11.056179775,0.830985915,0.999458500
11.059390048,0.830985915,0.999457800
11.060995185,0.830985915,0.999457540
11.064205457,0.830985915,0.999456700
11.065810594,0.830985915,0.999456350
11.069020867,0.830985915,0.999456200
11.072231140,0.830985915,0.999455870
11.075441413,0.830985915,0.999455750
11.077046549,0.830985915,0.999454900
11.083467095,0.830985915,0.999454440
11.085072231,0.830985915,0.999453600
11.088282504,0.830985915,0.999453370
11.105939005,0.830985915,0.999451000
11.112359551,0.830985915,0.999450740
11.113964687,0.830985915,0.999450600
11.118780096,0.830985915,0.999450400
11.125200642,0.830985915,0.999449800
11.146067416,0.830985915,0.999446700
11.149277689,0.830985915,0.999446600
11.154093098,0.830985915,0.999446450
11.157303371,0.830985915,0.999445860
11.166934189,0.830985915,0.999445500
11.168539326,0.830985915,0.999445400
11.174959872,0.830985915,0.999444800
11.179775281,0.830985915,0.999444300
11.182985554,0.830985915,0.999444200
11.187800963,0.830985915,0.999443500
11.191011236,0.830985915,0.999443350
11.195826645,0.830985915,0.999442640
11.199036918,0.830985915,0.999442400
11.207062600,0.830985915,0.999441700
11.210272873,0.830985915,0.999441440
11.215088283,0.830985915,0.999441300
11.229534510,0.830985915,0.999438800
11.234349920,0.830985915,0.999438700
11.235955056,0.830985915,0.999438350
11.242375602,0.830985915,0.999438200
11.247191011,0.830985915,0.999437870
11.252006421,0.830985915,0.999437750
11.255216693,0.830985915,0.999437400
11.258426966,0.830985915,0.999437030
11.260032103,0.830985915,0.999436800
11.263242376,0.830985915,0.999436440
11.266452648,0.830985915,0.999435840
11.271268058,0.830985915,0.999435700
11.272873194,0.830985915,0.999435600
11.276083467,0.830985915,0.999435000
11.279293740,0.830985915,0.999434770
11.282504013,0.830985915,0.999434650
11.288924559,0.830985915,0.999434050
11.293739968,0.830985915,0.999433930
11.300160514,0.830985915,0.999433340
11.306581059,0.830985915,0.999433100
11.306581059,0.832159624,0.999432740
11.309791332,0.832159624,0.999432150
11.309791332,0.833333333,0.999432000
11.313001605,0.833333333,0.999431670
11.322632424,0.833333333,0.999430700
11.325842697,0.833333333,0.999430360
11.327447833,0.833333333,0.999430000
11.332263242,0.833333333,0.999429900
11.337078652,0.833333333,0.999428900
11.341894061,0.834507042,0.999428700
11.348314607,0.834507042,0.999428450
11.351524880,0.834507042,0.999428200
11.354735152,0.834507042,0.999428000
11.357945425,0.834507042,0.999427560
11.361155698,0.834507042,0.999427440
11.362760835,0.834507042,0.999427100
11.367576244,0.834507042,0.999426840
11.373996790,0.834507042,0.999425900
11.380417335,0.834507042,0.999425530
11.394863563,0.834507042,0.999423270
11.398073836,0.834507042,0.999422900
11.399678973,0.834507042,0.999422800
11.406099518,0.834507042,0.999422430
11.407704655,0.834507042,0.999422300
11.410914928,0.834507042,0.999422200
11.412520064,0.834507042,0.999422100
11.415730337,0.834507042,0.999421700
11.418940610,0.834507042,0.999421500
11.422150883,0.834507042,0.999421240
11.433386838,0.834507042,0.999419200
11.443017657,0.834507042,0.999418260
11.444622793,0.834507042,0.999418140
11.447833066,0.834507042,0.999417800
11.452648475,0.834507042,0.999417400
11.454253612,0.834507042,0.999417200
11.459069021,0.834507042,0.999416950
11.465489567,0.834507042,0.999416700
11.467094703,0.834507042,0.999416600
11.471910112,0.834507042,0.999416350
11.473515249,0.834507042,0.999416230
11.476725522,0.834507042,0.999416100
11.478330658,0.834507042,0.999416000
11.481540931,0.834507042,0.999415900
11.497592295,0.834507042,0.999413250
11.500802568,0.834507042,0.999413000
11.502407705,0.834507042,0.999412900
11.504012841,0.835680751,0.999412660
11.507223114,0.835680751,0.999412200
11.510433387,0.835680751,0.999411940
11.512038523,0.835680751,0.999411800
11.515248796,0.835680751,0.999411700
11.520064205,0.835680751,0.999410750
11.524879615,0.835680751,0.999410500
11.526484751,0.835680751,0.999410400
11.531300161,0.835680751,0.999410300
11.534510433,0.835680751,0.999409900
11.537720706,0.835680751,0.999409440
11.540930979,0.835680751,0.999409300
11.553772071,0.835680751,0.999408100
11.556982343,0.835680751,0.999407900
11.561797753,0.835680751,0.999407530
11.565008026,0.835680751,0.999407050
11.573033708,0.835680751,0.999405600
11.579454254,0.835680751,0.999405150
11.582664526,0.835680751,0.999404900
11.587479936,0.835680751,0.999404800
11.590690209,0.835680751,0.999404430
11.597110754,0.835680751,0.999403950
11.600321027,0.835680751,0.999403700
11.603531300,0.835680751,0.999403600
11.606741573,0.835680751,0.999402900
11.609951846,0.835680751,0.999402760
11.614767255,0.835680751,0.999402050
11.614767255,0.836854460,0.999401450
11.617977528,0.836854460,0.999401330
11.619582665,0.836854460,0.999401200
11.622792937,0.836854460,0.999400600
11.627608347,0.836854460,0.999400140
11.632423756,0.836854460,0.999400000
11.637239165,0.836854460,0.999399200
11.642054575,0.836854460,0.999398700
11.646869984,0.836854460,0.999397900
11.650080257,0.836854460,0.999397750
11.654895666,0.836854460,0.999397300
11.658105939,0.836854460,0.999397160
11.659711075,0.836854460,0.999397040
11.662921348,0.836854460,0.999396800
11.669341894,0.836854460,0.999395700
11.674157303,0.836854460,0.999395600
11.677367576,0.836854460,0.999395250
11.682182986,0.836854460,0.999395130
11.690208668,0.836854460,0.999393200
11.699839486,0.836854460,0.999392870
11.701444623,0.836854460,0.999392750
11.706260032,0.836854460,0.999392400
11.707865169,0.836854460,0.999392150
11.712680578,0.836854460,0.999391900
11.714285714,0.836854460,0.999391440
11.720706260,0.836854460,0.999390360
11.727126806,0.836854460,0.999389200
11.733547352,0.836854460,0.999388460
11.735152488,0.836854460,0.999388200
11.738362761,0.836854460,0.999388100
11.739967897,0.836854460,0.999388000
11.743178170,0.836854460,0.999387860
11.747993579,0.836854460,0.999386670
11.751203852,0.836854460,0.999386550
11.752808989,0.836854460,0.999386200
11.759229535,0.836854460,0.999385600
11.764044944,0.836854460,0.999385500
11.765650080,0.836854460,0.999385240
11.768860353,0.836854460,0.999385100
11.778491172,0.836854460,0.999383800
11.781701445,0.836854460,0.999383700
11.783306581,0.836854460,0.999383330
11.786516854,0.836854460,0.999383000
11.788121990,0.836854460,0.999382850
11.788121990,0.838028169,0.999382730
11.794542536,0.838028169,0.999382400
11.796147673,0.838028169,0.999382140
11.799357945,0.838028169,0.999382000
11.808988764,0.838028169,0.999380470
11.813804173,0.838028169,0.999380350
11.817014446,0.838028169,0.999379900
11.821829856,0.838028169,0.999379750
11.823434992,0.838028169,0.999379630
11.826645265,0.838028169,0.999379500
11.831460674,0.838028169,0.999378200
11.841091493,0.838028169,0.999377850
11.842696629,0.838028169,0.999377670
11.844301766,0.839201878,0.999376830
11.845906902,0.839201878,0.999376600
11.849117175,0.839201878,0.999376500
11.850722311,0.839201878,0.999376360
11.853932584,0.839201878,0.999375640
11.858747994,0.839201878,0.999375400
11.861958266,0.839201878,0.999375160
11.865168539,0.839201878,0.999375050
11.868378812,0.839201878,0.999374800
11.871589085,0.839201878,0.999374330
11.878009631,0.839201878,0.999373500
11.887640449,0.839201878,0.999373260
11.892455859,0.839201878,0.999372300
11.895666132,0.839201878,0.999372070
11.902086677,0.839201878,0.999371100
11.905296950,0.839201878,0.999371000
11.916532905,0.839201878,0.999369440
11.921348315,0.839201878,0.999369200
11.924558587,0.839201878,0.999368500
11.927768860,0.839201878,0.999368250
11.934189406,0.839201878,0.999366800
11.939004815,0.839201878,0.999366700
11.940609952,0.839201878,0.999366600
11.945425361,0.839201878,0.999366460
11.948635634,0.839201878,0.999365270
11.955056180,0.839201878,0.999365150
11.956661316,0.840375587,0.999364800
11.959871589,0.840375587,0.999364550
11.963081862,0.840375587,0.999364200
11.966292135,0.840375587,0.999363840
11.969502408,0.840375587,0.999363240
11.969502408,0.841549296,0.999362900
11.977528090,0.841549296,0.999361700
11.980738363,0.841549296,0.999361600
11.991974318,0.841549296,0.999360140
11.995184591,0.841549296,0.999359800
11.996789727,0.841549296,0.999359670
12.003210273,0.841549296,0.999358950
12.009630819,0.841549296,0.999358100
12.012841091,0.841549296,0.999357500
12.017656501,0.841549296,0.999356900
12.020866774,0.841549296,0.999356700
12.022471910,0.841549296,0.999356570
12.025682183,0.841549296,0.999356300
12.027287319,0.841549296,0.999355600
12.030497592,0.841549296,0.999355500
12.035313002,0.841549296,0.999355400
12.057784912,0.841549296,0.999351700
12.064205457,0.841549296,0.999350970
12.069020867,0.841549296,0.999349400
12.072231140,0.841549296,0.999348340
12.073836276,0.841549296,0.999348200
12.077046549,0.841549296,0.999348000
12.078651685,0.841549296,0.999347870
12.081861958,0.841549296,0.999347500
12.083467095,0.841549296,0.999347270
12.086677368,0.841549296,0.999347150
12.088282504,0.841549296,0.999347030
12.094703050,0.841549296,0.999346900
12.101123596,0.841549296,0.999345960
12.104333868,0.841549296,0.999345840
12.105939005,0.841549296,0.999345700
12.110754414,0.841549296,0.999345600
12.112359551,0.841549296,0.999345500
12.115569823,0.841549296,0.999345100
12.120385233,0.841549296,0.999344770
12.123595506,0.841549296,0.999344400
12.125200642,0.841549296,0.999343800
12.128410915,0.841549296,0.999343600
12.130016051,0.841549296,0.999343200
12.133226324,0.841549296,0.999342860
12.134831461,0.841549296,0.999342600
12.136436597,0.842723005,0.999342260
12.141252006,0.842723005,0.999341400
12.144462279,0.842723005,0.999341300
12.146067416,0.842723005,0.999341100
12.150882825,0.842723005,0.999340950
12.163723917,0.842723005,0.999340100
12.165329053,0.842723005,0.999339900
12.168539326,0.842723005,0.999339640
12.181380417,0.842723005,0.999336800
12.191011236,0.842723005,0.999335600
12.197431782,0.842723005,0.999334500
12.200642055,0.842723005,0.999334400
12.202247191,0.842723005,0.999334300
12.205457464,0.842723005,0.999333900
12.208667737,0.842723005,0.999333560
12.211878010,0.842723005,0.999333440
12.215088283,0.842723005,0.999333200
12.218298555,0.842723005,0.999332850
12.240770465,0.842723005,0.999330160
12.247191011,0.842723005,0.999329900
12.250401284,0.842723005,0.999329700
12.261637239,0.842723005,0.999327540
12.266452648,0.842723005,0.999326940
12.271268058,0.842723005,0.999326600
12.277688604,0.842723005,0.999325160
12.279293740,0.842723005,0.999325040
12.282504013,0.842723005,0.999324900
12.287319422,0.842723005,0.999323960
12.287319422,0.843896714,0.999323840
12.290529695,0.843896714,0.999323600
12.292134831,0.843896714,0.999323500
12.301765650,0.843896714,0.999323100
12.306581059,0.843896714,0.999322400
12.308186196,0.845070423,0.999322300
12.313001605,0.845070423,0.999321940
12.317817014,0.845070423,0.999321800
12.321027287,0.845070423,0.999321460
12.324237560,0.845070423,0.999321340
12.327447833,0.845070423,0.999320750
12.330658106,0.845070423,0.999320600
12.349919743,0.845070423,0.999317300
12.353130016,0.845070423,0.999317170
12.356340289,0.845070423,0.999316700
12.359550562,0.845070423,0.999316200
12.364365971,0.845070423,0.999315140
12.367576244,0.845070423,0.999315000
12.369181380,0.845070423,0.999314800
12.372391653,0.845070423,0.999314670
12.382022472,0.845070423,0.999312500
12.385232745,0.845070423,0.999312400
12.390048154,0.845070423,0.999311700
12.393258427,0.845070423,0.999311570
12.394863563,0.845070423,0.999311450
12.398073836,0.845070423,0.999311200
12.399678973,0.845070423,0.999311000
12.402889246,0.845070423,0.999310600
12.404494382,0.845070423,0.999310400
12.420545746,0.845070423,0.999309300
12.426966292,0.845070423,0.999309200
12.438202247,0.845070423,0.999307400
12.444622793,0.845070423,0.999306440
12.447833066,0.845070423,0.999306200
12.451043339,0.845070423,0.999306100
12.459069021,0.845070423,0.999304800
12.462279294,0.845070423,0.999304530
12.465489567,0.845070423,0.999304060
12.468699839,0.845070423,0.999303800
12.470304976,0.845070423,0.999303600
12.473515249,0.845070423,0.999303200
12.476725522,0.845070423,0.999302600
12.483146067,0.845070423,0.999302400
12.494382022,0.845070423,0.999300840
12.499197432,0.845070423,0.999300700
12.505617978,0.845070423,0.999300240
12.512038523,0.845070423,0.999300100
12.515248796,0.845070423,0.999300000
12.526484751,0.845070423,0.999297500
12.529695024,0.845070423,0.999297400
12.531300161,0.845070423,0.999297260
12.534510433,0.845070423,0.999297140
12.537720706,0.845070423,0.999296900
12.540930979,0.845070423,0.999296800
12.542536116,0.845070423,0.999296670
12.545746388,0.845070423,0.999296550
12.547351525,0.845070423,0.999296300
12.552166934,0.845070423,0.999296070
12.558587480,0.845070423,0.999295500
12.561797753,0.845070423,0.999295350
12.563402889,0.845070423,0.999295230
12.573033708,0.845070423,0.999293800
12.579454254,0.845070423,0.999293100
12.582664526,0.845070423,0.999292970
12.587479936,0.845070423,0.999292600
12.590690209,0.845070423,0.999292400
12.592295345,0.845070423,0.999292250
12.595505618,0.845070423,0.999292140
12.597110754,0.845070423,0.999292000
12.601926164,0.845070423,0.999291900
12.605136437,0.845070423,0.999291660
12.624398074,0.845070423,0.999288400
12.627608347,0.845070423,0.999288140
12.634028892,0.845070423,0.999287400
12.640449438,0.845070423,0.999287070
12.645264848,0.845070423,0.999286230
12.650080257,0.845070423,0.999286000
12.659711075,0.845070423,0.999285300
12.664526485,0.845070423,0.999285040
12.670947030,0.845070423,0.999283500
12.674157303,0.845070423,0.999283250
12.691813804,0.845070423,0.999279900
12.695024077,0.845070423,0.999279800
12.699839486,0.845070423,0.999279700
12.701444623,0.845070423,0.999279560
12.707865169,0.845070423,0.999279440
12.709470305,0.845070423,0.999279200
12.715890851,0.845070423,0.999278700
12.719101124,0.845070423,0.999278250
12.722311396,0.845070423,0.999278000
12.728731942,0.845070423,0.999276000
12.733547352,0.845070423,0.999275600
12.736757624,0.845070423,0.999275000
12.739967897,0.845070423,0.999274430
12.747993579,0.845070423,0.999273360
12.752808989,0.845070423,0.999272640
12.764044944,0.845070423,0.999271100
12.767255217,0.845070423,0.999270500
12.770465490,0.845070423,0.999270000
12.773675762,0.845070423,0.999269550
12.781701445,0.845070423,0.999267500
12.786516854,0.845070423,0.999267160
12.794542536,0.845070423,0.999265400
12.797752809,0.845070423,0.999264900
12.799357945,0.845070423,0.999264800
12.804173355,0.845070423,0.999264540
12.807383628,0.845070423,0.999264300
12.812199037,0.845070423,0.999263600
12.818619583,0.845070423,0.999262750
12.820224719,0.845070423,0.999262030
12.825040128,0.845070423,0.999261700
12.826645265,0.845070423,0.999261560
12.826645265,0.846244131,0.999261440
12.829855538,0.846244131,0.999261100
12.833065811,0.846244131,0.999260840
12.837881220,0.846244131,0.999260500
12.841091493,0.846244131,0.999260370
12.855537721,0.846244131,0.999258000
12.858747994,0.846244131,0.999257860
12.860353130,0.846244131,0.999257500
12.863563403,0.846244131,0.999257400
12.887640449,0.846244131,0.999253330
12.892455859,0.846244131,0.999253000
12.898876404,0.846244131,0.999251900
12.905296950,0.846244131,0.999251540
12.911717496,0.846244131,0.999250700
12.918138042,0.846244131,0.999250350
12.927768860,0.846244131,0.999248300
12.930979133,0.846244131,0.999247970
12.932584270,0.846244131,0.999247850
12.935794543,0.846244131,0.999247800
12.940609952,0.846244131,0.999247200
12.943820225,0.846244131,0.999247100
12.947030498,0.846244131,0.999246500
12.950240770,0.846244131,0.999246240
12.959871589,0.846244131,0.999244700
12.961476726,0.847417840,0.999244200
12.967897271,0.847417840,0.999243600
12.969502408,0.847417840,0.999243400
12.972712681,0.847417840,0.999243260
12.975922953,0.847417840,0.999243000
12.979133226,0.847417840,0.999242900
12.980738363,0.847417840,0.999242800
12.983948636,0.847417840,0.999242660
12.985553772,0.847417840,0.999242400
12.988764045,0.847417840,0.999242200
12.993579454,0.847417840,0.999241350
12.998394864,0.847417840,0.999241100
13.000000000,0.847417840,0.999240760
13.003210273,0.847417840,0.999240640
13.004815409,0.847417840,0.999240400
13.009630819,0.847417840,0.999240300
13.014446228,0.847417840,0.999239200
13.017656501,0.847417840,0.999238700
13.020866774,0.847417840,0.999238500
13.024077047,0.847417840,0.999238250
13.025682183,0.847417840,0.999237900
13.028892456,0.847417840,0.999237800
13.033707865,0.847417840,0.999237200
13.036918138,0.847417840,0.999237060
13.043338684,0.847417840,0.999236600
13.046548957,0.847417840,0.999236460
13.052969502,0.847417840,0.999235870
13.056179775,0.847417840,0.999235500
13.059390048,0.847417840,0.999235300
13.062600321,0.847417840,0.999235150
13.064205457,0.847417840,0.999235030
13.067415730,0.847417840,0.999234560
13.073836276,0.847417840,0.999233840
13.077046549,0.847417840,0.999233700
13.078651685,0.847417840,0.999233500
13.081861958,0.847417840,0.999233250
13.085072231,0.847417840,0.999232650
13.088282504,0.847417840,0.999232530
13.089887640,0.847417840,0.999232200
13.093097913,0.847417840,0.999232050
13.120385233,0.847417840,0.999228100
13.123595506,0.847417840,0.999228000
13.125200642,0.847417840,0.999227900
13.130016051,0.847417840,0.999227760
13.136436597,0.847417840,0.999227050
13.141252006,0.847417840,0.999226700
13.141252006,0.848591549,0.999226450
13.150882825,0.848591549,0.999224800
13.155698234,0.848591549,0.999224660
13.170144462,0.848591549,0.999221700
13.174959872,0.848591549,0.999221560
13.178170144,0.848591549,0.999221440
13.179775281,0.848591549,0.999220130
13.182985554,0.848591549,0.999219900
13.197431782,0.848591549,0.999217400
13.200642055,0.848591549,0.999217300
13.208667737,0.848591549,0.999216100
13.211878010,0.848591549,0.999215840
13.213483146,0.848591549,0.999215700
13.219903692,0.848591549,0.999215360
13.221508828,0.848591549,0.999215250
13.224719101,0.848591549,0.999215100
13.242375602,0.848591549,0.999211100
13.245585875,0.848591549,0.999210700
13.247191011,0.848591549,0.999210500
13.253611557,0.848591549,0.999210360
13.258426966,0.848591549,0.999210240
13.261637239,0.848591549,0.999209500
13.264847512,0.848591549,0.999209200
13.269662921,0.848591549,0.999208870
13.272873194,0.848591549,0.999208750
13.276083467,0.848591549,0.999207900
13.279293740,0.848591549,0.999207700
13.290529695,0.848591549,0.999205770
13.293739968,0.848591549,0.999204930
13.295345104,0.848591549,0.999204800
13.300160514,0.848591549,0.999204460
13.304975923,0.848591549,0.999203860
13.308186196,0.848591549,0.999203740
13.309791332,0.848591549,0.999203600
13.314606742,0.848591549,0.999203500
13.317817014,0.848591549,0.999202800
13.321027287,0.848591549,0.999202300
13.324237560,0.848591549,0.999202100
13.327447833,0.848591549,0.999201700
13.330658106,0.848591549,0.999201360
13.333868379,0.848591549,0.999201000
13.335473515,0.848591549,0.999200760
13.341894061,0.848591549,0.999199900
13.346709470,0.848591549,0.999198500
13.351524880,0.848591549,0.999198400
13.357945425,0.848591549,0.999197070
13.361155698,0.848591549,0.999196700
13.367576244,0.848591549,0.999196000
13.377207063,0.848591549,0.999195500
13.378812199,0.848591549,0.999195400
13.382022472,0.849765258,0.999195300
13.385232745,0.849765258,0.999195160
13.388443018,0.849765258,0.999194800
13.393258427,0.849765258,0.999194700
13.396468700,0.849765258,0.999194300
13.406099518,0.849765258,0.999193700
13.407704655,0.849765258,0.999193600
13.410914928,0.849765258,0.999192200
13.415730337,0.849765258,0.999191460
13.418940610,0.849765258,0.999191340
13.422150883,0.849765258,0.999190750
13.425361156,0.849765258,0.999190400
13.426966292,0.849765258,0.999190150
13.430176565,0.849765258,0.999190030
13.433386838,0.849765258,0.999189560
13.438202247,0.849765258,0.999189200
13.446227929,0.849765258,0.999187900
13.452648475,0.849765258,0.999187050
13.463884430,0.849765258,0.999184670
13.467094703,0.849765258,0.999184200
13.468699839,0.849765258,0.999183950
13.471910112,0.849765258,0.999183830
13.475120385,0.849765258,0.999183100
13.478330658,0.849765258,0.999183000
13.483146067,0.849765258,0.999182900
13.484751204,0.849765258,0.999182760
13.489566613,0.849765258,0.999182300
13.497592295,0.849765258,0.999180850
13.504012841,0.849765258,0.999180140
13.507223114,0.849765258,0.999179540
13.510433387,0.849765258,0.999179400
13.518459069,0.849765258,0.999178350
13.521669342,0.849765258,0.999178100
13.534510433,0.849765258,0.999175600
13.537720706,0.849765258,0.999175370
13.542536116,0.849765258,0.999175000
13.545746388,0.849765258,0.999174900
13.550561798,0.849765258,0.999174060
13.553772071,0.849765258,0.999173800
13.555377207,0.849765258,0.999173200
13.561797753,0.849765258,0.999172870
13.565008026,0.849765258,0.999172000
13.565008026,0.850938967,0.999171140
13.568218299,0.850938967,0.999171000
13.574638844,0.850938967,0.999170200
13.577849117,0.850938967,0.999169600
13.584269663,0.850938967,0.999169100
13.587479936,0.850938967,0.999169000
13.589085072,0.850938967,0.999168630
13.590690209,0.852112676,0.999168400
13.597110754,0.852112676,0.999167900
13.601926164,0.852112676,0.999167700
13.603531300,0.852112676,0.999167440
13.606741573,0.852112676,0.999167200
13.611556982,0.852112676,0.999166130
13.617977528,0.852112676,0.999165300
13.622792937,0.852112676,0.999164100
13.627608347,0.852112676,0.999163870
13.629213483,0.852112676,0.999163750
13.632423756,0.852112676,0.999163150
13.634028892,0.853286385,0.999163030
13.656500803,0.853286385,0.999159200
13.659711075,0.853286385,0.999159100
13.666131621,0.853286385,0.999158000
13.670947030,0.853286385,0.999157550
13.675762440,0.853286385,0.999156500
13.682182986,0.853286385,0.999156240
13.690208668,0.853286385,0.999155040
13.693418941,0.853286385,0.999154900
13.698234350,0.853286385,0.999153500
13.701444623,0.853286385,0.999153260
13.704654896,0.853286385,0.999153000
13.707865169,0.853286385,0.999152900
13.709470305,0.853286385,0.999152800
13.712680578,0.853286385,0.999152660
13.717495987,0.853286385,0.999151600
13.720706260,0.853286385,0.999151470
13.720706260,0.854460094,0.999150750
13.725521669,0.854460094,0.999150630
13.731942215,0.854460094,0.999150040
13.733547352,0.854460094,0.999149900
13.736757624,0.854460094,0.999149200
13.738362761,0.854460094,0.999148850
13.741573034,0.854460094,0.999148600
13.749598716,0.854460094,0.999147060
13.749598716,0.855633803,0.999146800
13.752808989,0.855633803,0.999146460
13.756019262,0.855633803,0.999146200
13.757624398,0.855633803,0.999146100
13.760834671,0.855633803,0.999145870
13.768860353,0.855633803,0.999144550
13.772070626,0.855633803,0.999144430
13.789727127,0.855633803,0.999139400
13.792937400,0.855633803,0.999139100
13.805778491,0.855633803,0.999137640
13.808988764,0.855633803,0.999137400
13.826645265,0.855633803,0.999135100
13.829855538,0.855633803,0.999134840
13.831460674,0.855633803,0.999134600
13.834670947,0.855633803,0.999134360
13.844301766,0.855633803,0.999132200
13.847512039,0.855633803,0.999132100
13.866773676,0.855633803,0.999128500
13.869983949,0.855633803,0.999128300
13.882825040,0.855633803,0.999125200
13.886035313,0.855633803,0.999124940
13.887640449,0.855633803,0.999124700
13.890850722,0.855633803,0.999124000
13.892455859,0.856807512,0.999123750
13.900481541,0.856807512,0.999122440
13.903691814,0.856807512,0.999122300
13.911717496,0.856807512,0.999121500
13.914927769,0.856807512,0.999120800
13.919743178,0.856807512,0.999119940
13.922953451,0.856807512,0.999119460
13.927768860,0.856807512,0.999118600
13.930979133,0.856807512,0.999118400
13.934189406,0.856807512,0.999117900
13.937399679,0.856807512,0.999117800
13.940609952,0.856807512,0.999117430
13.950240770,0.856807512,0.999116600
13.953451043,0.856807512,0.999116000
13.956661316,0.856807512,0.999115650
13.959871589,0.856807512,0.999115050
13.963081862,0.856807512,0.999114700
13.980738363,0.856807512,0.999112800
13.983948636,0.856807512,0.999112670
13.990369181,0.856807512,0.999111350
13.991974318,0.857981221,0.999111240
13.998394864,0.857981221,0.999110760
14.003210273,0.857981221,0.999109700
14.006420546,0.857981221,0.999109450
14.009630819,0.857981221,0.999108500
14.012841091,0.857981221,0.999108400
14.017656501,0.857981221,0.999108000
14.022471910,0.857981221,0.999107900
14.030497592,0.857981221,0.999106940
14.032102729,0.859154930,0.999106800
14.041733547,0.859154930,0.999105750
14.041733547,0.860328638,0.999105500
14.044943820,0.860328638,0.999105040
14.048154093,0.860328638,0.999104800
14.060995185,0.860328638,0.999103300
14.065810594,0.860328638,0.999103200
14.069020867,0.860328638,0.999102830
14.070626003,0.860328638,0.999102350
14.077046549,0.860328638,0.999101500
14.077046549,0.861502347,0.999101400
14.083467095,0.861502347,0.999100900
14.096308186,0.861502347,0.999098900
14.099518459,0.861502347,0.999098800
14.101123596,0.861502347,0.999098660
14.104333868,0.861502347,0.999098540
14.120385233,0.861502347,0.999095300
14.123595506,0.862676056,0.999094960
14.126805778,0.862676056,0.999094250
14.133226324,0.862676056,0.999093530
14.136436597,0.862676056,0.999093400
14.144462279,0.862676056,0.999090700
14.147672552,0.862676056,0.999090430
14.149277689,0.862676056,0.999090300
14.152487961,0.862676056,0.999090100
14.170144462,0.862676056,0.999087700
14.173354735,0.862676056,0.999087330
14.176565008,0.862676056,0.999087000
14.179775281,0.862676056,0.999086600
14.187800963,0.862676056,0.999085550
14.191011236,0.862676056,0.999085400
14.195826645,0.862676056,0.999084700
14.203852327,0.862676056,0.999084500
14.207062600,0.862676056,0.999084000
14.210272873,0.862676056,0.999083500
14.215088283,0.862676056,0.999082700
14.218298555,0.862676056,0.999082450
14.219903692,0.862676056,0.999081970
14.223113965,0.862676056,0.999081850
14.224719101,0.862676056,0.999081730
14.227929374,0.862676056,0.999081500
14.239165329,0.862676056,0.999079200
14.242375602,0.862676056,0.999079100
14.252006421,0.862676056,0.999077560
14.258426966,0.862676056,0.999077300
14.261637239,0.862676056,0.999076700
14.268057785,0.862676056,0.999076100
14.271268058,0.862676056,0.999075900
14.277688604,0.862676056,0.999075800
14.279293740,0.862676056,0.999075300
14.282504013,0.862676056,0.999074800
14.292134831,0.862676056,0.999073000
14.292134831,0.863849765,0.999072550
14.295345104,0.863849765,0.999071960
14.298555377,0.863849765,0.999071840
14.300160514,0.863849765,0.999071700
14.306581059,0.863849765,0.999070760
14.333868379,0.863849765,0.999066650
14.337078652,0.863849765,0.999066400
14.345104334,0.863849765,0.999065460
14.348314607,0.863849765,0.999065200
14.351524880,0.863849765,0.999064500
14.354735152,0.863849765,0.999064400
14.356340289,0.863849765,0.999064270
14.359550562,0.863849765,0.999063800
14.362760835,0.863849765,0.999063430
14.369181380,0.863849765,0.999063100
14.372391653,0.863849765,0.999062600
14.375601926,0.863849765,0.999062100
14.382022472,0.863849765,0.999060900
14.388443018,0.863849765,0.999060450
14.396468700,0.863849765,0.999059400
14.399678973,0.863849765,0.999058800
14.406099518,0.863849765,0.999057950
14.409309791,0.863849765,0.999057350
14.410914928,0.863849765,0.999057100
14.412520064,0.865023474,0.999057000
14.423756019,0.865023474,0.999054600
14.426966292,0.865023474,0.999054400
14.428571429,0.865023474,0.999054250
14.431781701,0.865023474,0.999053900
14.433386838,0.865023474,0.999053540
14.436597111,0.865023474,0.999053200
14.444622793,0.865023474,0.999052100
14.447833066,0.865023474,0.999052000
14.459069021,0.865023474,0.999049960
14.459069021,0.866197183,0.999049840
14.467094703,0.866197183,0.999048530
14.470304976,0.866197183,0.999048300
14.478330658,0.866197183,0.999046600
14.484751204,0.866197183,0.999046000
14.492776886,0.866197183,0.999044360
14.499197432,0.866197183,0.999044000
14.502407705,0.866197183,0.999043760
14.507223114,0.866197183,0.999043500
14.516853933,0.866197183,0.999041740
14.520064205,0.866197183,0.999041400
14.526484751,0.866197183,0.999040800
14.529695024,0.866197183,0.999040540
14.532905297,0.866197183,0.999040070
14.537720706,0.866197183,0.999039950
14.542536116,0.866197183,0.999039200
14.548956661,0.866197183,0.999038930
14.558587480,0.866197183,0.999037270
14.561797753,0.866197183,0.999037150
14.563402889,0.866197183,0.999036430
14.569823435,0.866197183,0.999035360
14.573033708,0.866197183,0.999034900
14.576243981,0.866197183,0.999034760
14.589085072,0.866197183,0.999032400
14.592295345,0.866197183,0.999031900
14.593900482,0.866197183,0.999031800
14.598715891,0.866197183,0.999031660
14.603531300,0.866197183,0.999031070
14.606741573,0.866197183,0.999030950
14.616372392,0.866197183,0.999029300
14.621187801,0.866197183,0.999028900
14.632423756,0.866197183,0.999025800
14.635634029,0.866197183,0.999025700
14.640449438,0.866197183,0.999025340
14.643659711,0.866197183,0.999025100
14.661316212,0.866197183,0.999022100
14.664526485,0.867370892,0.999021650
14.670947030,0.867370892,0.999020000
14.677367576,0.867370892,0.999019740
14.683788122,0.867370892,0.999018670
14.686998395,0.867370892,0.999018200
14.696629213,0.867370892,0.999016500
14.699839486,0.867370892,0.999015900
14.719101124,0.867370892,0.999012600
14.728731942,0.867370892,0.999012100
14.736757624,0.867370892,0.999010800
14.741573034,0.867370892,0.999010700
14.746388443,0.867370892,0.999009970
14.749598716,0.867370892,0.999009850
14.752808989,0.867370892,0.999008360
14.756019262,0.868544601,0.999007900
14.759229535,0.868544601,0.999007640
14.768860353,0.868544601,0.999005260
14.772070626,0.868544601,0.999005000
14.773675762,0.868544601,0.999004660
14.776886035,0.868544601,0.999004540
14.781701445,0.868544601,0.999003350
14.784911717,0.868544601,0.999003000
14.805778491,0.868544601,0.999000130
14.808988764,0.868544601,0.998999900
14.815409310,0.868544601,0.998999200
14.818619583,0.868544601,0.998997870
14.826645265,0.868544601,0.998995600
14.829855538,0.868544601,0.998995240
14.837881220,0.868544601,0.998993930
14.841091493,0.868544601,0.998993800
14.842696629,0.868544601,0.998993600
14.847512039,0.868544601,0.998993340
14.850722311,0.868544601,0.998993000
14.853932584,0.868544601,0.998992860
14.865168539,0.868544601,0.998990700
14.868378812,0.868544601,0.998990000
14.886035313,0.868544601,0.998986800
14.889245586,0.868544601,0.998986540
14.894060995,0.868544601,0.998985950
14.897271268,0.868544601,0.998985600
14.900481541,0.868544601,0.998985000
14.903691814,0.868544601,0.998984500
14.911717496,0.868544601,0.998982850
14.914927769,0.868544601,0.998982500
14.918138042,0.868544601,0.998982130
14.921348315,0.868544601,0.998982000
14.939004815,0.868544601,0.998979200
14.942215088,0.868544601,0.998979000
14.945425361,0.868544601,0.998978500
14.950240770,0.868544601,0.998978000
14.956661316,0.868544601,0.998977660
14.959871589,0.869718310,0.998977300
14.961476726,0.869718310,0.998977200
14.964686998,0.869718310,0.998976950
14.966292135,0.869718310,0.998976800
14.966292135,0.870892019,0.998976700
14.967897271,0.870892019,0.998976350
14.972712681,0.870892019,0.998976230
14.975922953,0.870892019,0.998975160
14.979133226,0.870892019,0.998974800
14.980738363,0.870892019,0.998974700
14.985553772,0.870892019,0.998973250
14.988764045,0.870892019,0.998972650
14.991974318,0.870892019,0.998972540
15.006420546,0.870892019,0.998971700
15.008025682,0.870892019,0.998971000
15.014446228,0.870892019,0.998970500
15.022471910,0.870892019,0.998969700
15.025682183,0.870892019,0.998969550
15.036918138,0.870892019,0.998967650
15.040128411,0.870892019,0.998967500
15.046548957,0.870892019,0.998966340
15.049759230,0.870892019,0.998966200
15.051364366,0.870892019,0.998965740
15.054574639,0.870892019,0.998965600
15.067415730,0.870892019,0.998962300
15.070626003,0.870892019,0.998962160
15.075441413,0.870892019,0.998961300
15.078651685,0.870892019,0.998961200
15.083467095,0.870892019,0.998960730
15.089887640,0.870892019,0.998959400
15.091492777,0.870892019,0.998959300
15.096308186,0.870892019,0.998958350
15.102728732,0.870892019,0.998957500
15.105939005,0.870892019,0.998957400
15.121990369,0.870892019,0.998954200
15.125200642,0.870892019,0.998954060
15.126805778,0.870892019,0.998953600
15.131621188,0.870892019,0.998952750
15.134831461,0.870892019,0.998951800
15.138041734,0.870892019,0.998951550
15.146067416,0.870892019,0.998951300
15.158908507,0.870892019,0.998949700
15.162118780,0.870892019,0.998949600
15.179775281,0.870892019,0.998946500
15.182985554,0.870892019,0.998946370
15.202247191,0.870892019,0.998942800
15.205457464,0.870892019,0.998942700
15.211878010,0.870892019,0.998941360
15.218298555,0.870892019,0.998941240
15.221508828,0.870892019,0.998940900
15.224719101,0.870892019,0.998940650
15.231139647,0.870892019,0.998940050
15.235955056,0.870892019,0.998939930
15.237560193,0.872065728,0.998939700
15.239165329,0.872065728,0.998939340
15.242375602,0.872065728,0.998939200
15.243980738,0.872065728,0.998938860
15.250401284,0.872065728,0.998938500
15.258426966,0.872065728,0.998936240
15.261637239,0.872065728,0.998936100
15.271268058,0.872065728,0.998934700
15.276083467,0.872065728,0.998934100
15.279293740,0.872065728,0.998933400
15.280898876,0.872065728,0.998933260
15.285714286,0.872065728,0.998933000
15.287319422,0.872065728,0.998932800
15.290529695,0.872065728,0.998931700
15.298555377,0.872065728,0.998930900
15.301765650,0.872065728,0.998930630
15.304975923,0.872065728,0.998930040
15.308186196,0.872065728,0.998929440
15.314606742,0.872065728,0.998928000
15.317817014,0.872065728,0.998927200
15.333868379,0.872065728,0.998924300
15.340288925,0.872065728,0.998923600
15.345104334,0.872065728,0.998922900
15.349919743,0.872065728,0.998922650
15.354735152,0.872065728,0.998922350
15.361155698,0.872065728,0.998921630
15.369181380,0.872065728,0.998919840
15.369181380,0.873239437,0.998919600
15.373996790,0.873239437,0.998919250
15.377207063,0.873239437,0.998918800
15.382022472,0.873239437,0.998918650
15.388443018,0.873239437,0.998918400
15.391653291,0.873239437,0.998917800
15.396468700,0.873239437,0.998917600
15.401284109,0.873239437,0.998917000
15.407704655,0.873239437,0.998916500
15.414125201,0.873239437,0.998914840
15.423756019,0.873239437,0.998914360
15.426966292,0.873239437,0.998914100
15.430176565,0.873239437,0.998913900
15.449438202,0.873239437,0.998910550
15.452648475,0.873239437,0.998909350
15.459069021,0.873239437,0.998908400
15.462279294,0.873239437,0.998908040
15.470304976,0.873239437,0.998907900
15.481540931,0.873239437,0.998905400
15.484751204,0.873239437,0.998905200
15.491171750,0.873239437,0.998904600
15.495987159,0.873239437,0.998904100
15.521669342,0.873239437,0.998899000
15.524879615,0.873239437,0.998898740
15.528089888,0.873239437,0.998898500
15.531300161,0.873239437,0.998898270
15.542536116,0.873239437,0.998896500
15.545746388,0.873239437,0.998896000
15.561797753,0.873239437,0.998893700
15.568218299,0.873239437,0.998893440
15.585874799,0.873239437,0.998889500
15.589085072,0.873239437,0.998889400
15.600321027,0.873239437,0.998887840
15.603531300,0.873239437,0.998887700
15.619582665,0.873239437,0.998884000
15.622792937,0.873239437,0.998883550
15.626003210,0.873239437,0.998883300
15.629213483,0.873239437,0.998882950
15.635634029,0.873239437,0.998882230
15.645264848,0.873239437,0.998881760
15.651685393,0.873239437,0.998880900
15.654895666,0.873239437,0.998880570
15.658105939,0.873239437,0.998879730
15.664526485,0.873239437,0.998879130
15.669341894,0.873239437,0.998878060
15.672552167,0.873239437,0.998877600
15.695024077,0.873239437,0.998873900
15.698234350,0.873239437,0.998873400
15.707865169,0.873239437,0.998870700
15.711075441,0.873239437,0.998870300
15.715890851,0.873239437,0.998869700
15.722311396,0.873239437,0.998868900
15.725521669,0.873239437,0.998868600
15.728731942,0.873239437,0.998868470
15.730337079,0.873239437,0.998868200
15.736757624,0.873239437,0.998867870
15.751203852,0.873239437,0.998866100
15.756019262,0.873239437,0.998865700
15.760834671,0.873239437,0.998864200
15.765650080,0.873239437,0.998863940
15.770465490,0.873239437,0.998862150
15.773675762,0.873239437,0.998861900
15.794542536,0.873239437,0.998858200
15.797752809,0.873239437,0.998857740
15.804173355,0.873239437,0.998856800
15.810593900,0.873239437,0.998856200
15.831460674,0.873239437,0.998851900
15.836276083,0.873239437,0.998851660
15.842696629,0.873239437,0.998850000
15.849117175,0.873239437,0.998848700
15.850722311,0.873239437,0.998848560
15.853932584,0.873239437,0.998848200
15.861958266,0.873239437,0.998845930
15.865168539,0.873239437,0.998844400
15.871589085,0.873239437,0.998842950
15.881219904,0.873239437,0.998841700
15.884430177,0.873239437,0.998840500
15.887640449,0.873239437,0.998840400
15.889245586,0.873239437,0.998840300
15.892455859,0.873239437,0.998840150
15.897271268,0.873239437,0.998839700
15.900481541,0.873239437,0.998839560
15.905296950,0.873239437,0.998839100
15.910112360,0.873239437,0.998838840
15.913322632,0.873239437,0.998838000
15.916532905,0.873239437,0.998837900
15.929373997,0.873239437,0.998836340
15.932584270,0.873239437,0.998836200
15.934189406,0.873239437,0.998836100
15.943820225,0.873239437,0.998835500
15.947030498,0.873239437,0.998835270
15.950240770,0.873239437,0.998834900
15.955056180,0.873239437,0.998833700
15.958266453,0.873239437,0.998833000
15.990369181,0.873239437,0.998824660
16.003210273,0.873239437,0.998824060
16.004815409,0.873239437,0.998823940
16.008025682,0.873239437,0.998823700
16.014446228,0.873239437,0.998822300
16.017656501,0.873239437,0.998821900
16.027287319,0.873239437,0.998820500
16.030497592,0.873239437,0.998820000
16.033707865,0.873239437,0.998819300
16.038523274,0.873239437,0.998819200
16.041733547,0.873239437,0.998818200
16.044943820,0.873239437,0.998817860
16.048154093,0.873239437,0.998817500
16.054574639,0.873239437,0.998816700
16.056179775,0.873239437,0.998816500
16.059390048,0.873239437,0.998816250
16.064205457,0.873239437,0.998815060
16.067415730,0.873239437,0.998814940
16.072231140,0.873239437,0.998813750
16.075441413,0.873239437,0.998813500
16.077046549,0.873239437,0.998813400
16.080256822,0.873239437,0.998813300
16.088282504,0.873239437,0.998811840
16.093097913,0.873239437,0.998811100
16.094703050,0.873239437,0.998811000
16.097913323,0.873239437,0.998810900
16.099518459,0.873239437,0.998810770
16.102728732,0.873239437,0.998810650
16.104333868,0.873239437,0.998810500
16.110754414,0.873239437,0.998810300
16.120385233,0.873239437,0.998808000
16.125200642,0.873239437,0.998807800
16.133226324,0.873239437,0.998805900
16.136436597,0.873239437,0.998805050
16.146067416,0.873239437,0.998802800
16.149277689,0.873239437,0.998802540
16.150882825,0.874413146,0.998802070
16.154093098,0.874413146,0.998801100
16.160513644,0.874413146,0.998800640
16.171749599,0.874413146,0.998798850
16.178170144,0.874413146,0.998798250
16.179775281,0.874413146,0.998797540
16.182985554,0.874413146,0.998796940
16.184590690,0.874413146,0.998796800
16.187800963,0.874413146,0.998796340
16.192616372,0.874413146,0.998795400
16.195826645,0.874413146,0.998794700
16.199036918,0.874413146,0.998794440
16.202247191,0.874413146,0.998794300
16.208667737,0.874413146,0.998793700
16.211878010,0.874413146,0.998793600
16.216693419,0.874413146,0.998791640
16.223113965,0.874413146,0.998790900
16.229534510,0.874413146,0.998789850
16.232744783,0.874413146,0.998789250
16.232744783,0.875586854,0.998789130
16.248796148,0.875586854,0.998787200
16.255216693,0.875586854,0.998786750
16.268057785,0.875586854,0.998783770
16.268057785,0.876760563,0.998783500
16.285714286,0.876760563,0.998779000
16.295345104,0.876760563,0.998778400
16.306581059,0.876760563,0.998775200
16.309791332,0.876760563,0.998774700
16.314606742,0.876760563,0.998774350
16.329052970,0.876760563,0.998772560
16.332263242,0.876760563,0.998771970
16.337078652,0.876760563,0.998771000
16.340288925,0.876760563,0.998770400
16.341894061,0.876760563,0.998770300
16.345104334,0.876760563,0.998769940
16.359550562,0.876760563,0.998766060
16.365971108,0.876760563,0.998765800
16.372391653,0.876760563,0.998765100
16.375601926,0.876760563,0.998764630
16.378812199,0.876760563,0.998764300
16.382022472,0.876760563,0.998763560
16.386837881,0.876760563,0.998762970
16.393258427,0.876760563,0.998762500
16.401284109,0.876760563,0.998761400
16.404494382,0.876760563,0.998761300
16.415730337,0.876760563,0.998759270
16.418940610,0.876760563,0.998759150
16.420545746,0.876760563,0.998759030
16.423756019,0.876760563,0.998758700
16.434991974,0.876760563,0.998756050
16.439807384,0.876760563,0.998755800
16.449438202,0.876760563,0.998754260
16.452648475,0.876760563,0.998753800
16.457463884,0.876760563,0.998752700
16.460674157,0.876760563,0.998752600
16.465489567,0.876760563,0.998752500
16.467094703,0.876760563,0.998752100
16.470304976,0.876760563,0.998751760
16.475120385,0.876760563,0.998750900
16.478330658,0.876760563,0.998750450
16.481540931,0.876760563,0.998750000
16.484751204,0.876760563,0.998749140
16.489566613,0.876760563,0.998748660
16.491171750,0.876760563,0.998748200
16.494382022,0.876760563,0.998748060
16.512038523,0.876760563,0.998744600
16.515248796,0.876760563,0.998743950
16.531300161,0.876760563,0.998741200
16.534510433,0.876760563,0.998740600
16.547351525,0.876760563,0.998738470
16.550561798,0.876760563,0.998738100
16.560192616,0.876760563,0.998736300
16.563402889,0.876760563,0.998735850
16.569823435,0.876760563,0.998735250
16.584269663,0.876760563,0.998733000
16.585874799,0.877934272,0.998732860
16.597110754,0.877934272,0.998730240
16.600321027,0.877934272,0.998730000
16.603531300,0.877934272,0.998729170
16.606741573,0.877934272,0.998729050
16.626003210,0.877934272,0.998726550
16.629213483,0.877934272,0.998726400
16.632423756,0.877934272,0.998726200
16.635634029,0.877934272,0.998726070
16.638844302,0.877934272,0.998724900
16.645264848,0.877934272,0.998724300
16.650080257,0.877934272,0.998722730
16.653290530,0.877934272,0.998722000
16.654895666,0.877934272,0.998721800
16.658105939,0.877934272,0.998721400
16.675762440,0.877934272,0.998717900
16.678972713,0.877934272,0.998717670
16.683788122,0.877934272,0.998716350
16.686998395,0.877934272,0.998716240
16.699839486,0.877934272,0.998713970
16.706260032,0.877934272,0.998713600
16.709470305,0.877934272,0.998713400
16.712680578,0.877934272,0.998713250
16.714285714,0.877934272,0.998712800
16.717495987,0.877934272,0.998712660
16.731942215,0.877934272,0.998709900
16.735152488,0.877934272,0.998709800
16.743178170,0.877934272,0.998708370
16.746388443,0.877934272,0.998708250
16.747993579,0.877934272,0.998708100
16.754414125,0.877934272,0.998707530
16.756019262,0.877934272,0.998706700
16.756019262,0.879107981,0.998706600
16.759229535,0.879107981,0.998706460
16.765650080,0.879107981,0.998704700
16.768860353,0.879107981,0.998704430
16.781701445,0.879107981,0.998702050
16.784911717,0.879107981,0.998701600
16.786516854,0.879107981,0.998701100
16.791332263,0.879107981,0.998701000
16.799357945,0.879107981,0.998699300
16.802568218,0.879107981,0.998698600
16.821829856,0.879107981,0.998694500
16.825040128,0.879107981,0.998694360
16.829855538,0.879107981,0.998693170
16.833065811,0.879107981,0.998693050
16.841091493,0.879107981,0.998692000
16.844301766,0.879107981,0.998691860
16.852327448,0.879107981,0.998691000
16.858747994,0.879107981,0.998690400
16.860353130,0.879107981,0.998689950
16.863563403,0.879107981,0.998689700
16.868378812,0.879107981,0.998689100
16.871589085,0.879107981,0.998689000
16.881219904,0.879107981,0.998686850
16.884430177,0.879107981,0.998686730
16.886035313,0.879107981,0.998686400
16.889245586,0.879107981,0.998686250
16.892455859,0.879107981,0.998686000
16.895666132,0.879107981,0.998685900
16.897271268,0.879107981,0.998684940
16.902086677,0.879107981,0.998684350
16.916532905,0.879107981,0.998682800
16.919743178,0.879107981,0.998682700
16.930979133,0.879107981,0.998681370
16.934189406,0.879107981,0.998681100
16.988764045,0.879107981,0.998667700
16.998394864,0.879107981,0.998667360
17.000000000,0.879107981,0.998667100
17.006420546,0.879107981,0.998666900
17.014446228,0.879107981,0.998664140
17.017656501,0.879107981,0.998664000
17.019261637,0.879107981,0.998663900
17.022471910,0.879107981,0.998663200
17.024077047,0.879107981,0.998662950
17.028892456,0.879107981,0.998662700
17.035313002,0.879107981,0.998661760
17.038523274,0.879107981,0.998661300
17.043338684,0.879107981,0.998661040
17.048154093,0.879107981,0.998658200
17.052969502,0.879107981,0.998657600
17.065810594,0.879107981,0.998654370
17.072231140,0.879107981,0.998653900
17.075441413,0.879107981,0.998653530
17.080256822,0.879107981,0.998651700
17.086677368,0.879107981,0.998650600
17.089887640,0.879107981,0.998649800
17.101123596,0.879107981,0.998647500
17.104333868,0.879107981,0.998646200
17.107544141,0.879107981,0.998645840
17.112359551,0.879107981,0.998645250
17.138041734,0.879107981,0.998638700
17.141252006,0.879107981,0.998638450
17.144462279,0.879107981,0.998638000
17.147672552,0.879107981,0.998637860
17.157303371,0.879107981,0.998635350
17.163723917,0.879107981,0.998635000
17.165329053,0.879107981,0.998634760
17.168539326,0.879107981,0.998634500
17.173354735,0.879107981,0.998633900
17.182985554,0.879107981,0.998632250
17.186195827,0.879107981,0.998631900
17.189406100,0.879107981,0.998631800
17.200642055,0.879107981,0.998629200
17.205457464,0.879107981,0.998628850
17.208667737,0.879107981,0.998628140
17.211878010,0.879107981,0.998628000
17.216693419,0.879107981,0.998626600
17.219903692,0.879107981,0.998625300
17.231139647,0.879107981,0.998623400
17.232744783,0.880281690,0.998622900
17.243980738,0.880281690,0.998621100
17.247191011,0.880281690,0.998620400
17.256821830,0.880281690,0.998617900
17.260032103,0.880281690,0.998617770
17.279293740,0.880281690,0.998613000
17.282504013,0.880281690,0.998612760
17.298555377,0.880281690,0.998609540
17.301765650,0.880281690,0.998608300
17.325842697,0.880281690,0.998600800
17.329052970,0.880281690,0.998600300
17.340288925,0.880281690,0.998596250
17.343499197,0.880281690,0.998596130
17.359550562,0.880281690,0.998592300
17.362760835,0.880281690,0.998591960
17.386837881,0.880281690,0.998584600
17.386837881,0.881455399,0.998584400
17.390048154,0.881455399,0.998583560
17.393258427,0.881455399,0.998583300
17.406099518,0.881455399,0.998581200
17.409309791,0.881455399,0.998581050
17.412520064,0.881455399,0.998580000
17.415730337,0.881455399,0.998579740
17.423756019,0.881455399,0.998577830
17.428571429,0.881455399,0.998577700
17.428571429,0.882629108,0.998577600
17.436597111,0.882629108,0.998575450
17.439807384,0.882629108,0.998575200
17.441412520,0.882629108,0.998574500
17.447833066,0.882629108,0.998574140
17.451043339,0.882629108,0.998573300
17.457463884,0.882629108,0.998573200
17.459069021,0.882629108,0.998572000
17.462279294,0.882629108,0.998571900
17.463884430,0.882629108,0.998571750
17.473515249,0.882629108,0.998570700
17.476725522,0.882629108,0.998570100
17.479935795,0.882629108,0.998569700
17.486356340,0.882629108,0.998568400
17.489566613,0.882629108,0.998567460
17.494382022,0.882629108,0.998567340
17.499197432,0.882629108,0.998566450
17.502407705,0.882629108,0.998566300
17.505617978,0.882629108,0.998565730
17.508828250,0.882629108,0.998565600
17.523274478,0.882629108,0.998563100
17.528089888,0.882629108,0.998562750
17.537720706,0.882629108,0.998560850
17.539325843,0.882629108,0.998560700
17.542536116,0.882629108,0.998560600
17.544141252,0.882629108,0.998560130
17.548956661,0.882629108,0.998559900
17.550561798,0.882629108,0.998559800
17.553772071,0.882629108,0.998559400
17.556982343,0.882629108,0.998558340
17.560192616,0.882629108,0.998558000
17.561797753,0.882629108,0.998557870
17.565008026,0.882629108,0.998557270
17.574638844,0.882629108,0.998555700
17.577849117,0.882629108,0.998555500
17.584269663,0.882629108,0.998554500
17.587479936,0.882629108,0.998553600
17.597110754,0.882629108,0.998552140
17.600321027,0.882629108,0.998551800
17.601926164,0.882629108,0.998551670
17.603531300,0.883802817,0.998551550
17.606741573,0.883802817,0.998551300
17.616372392,0.883802817,0.998549500
17.619582665,0.883802817,0.998549040
17.621187801,0.883802817,0.998548900
17.626003210,0.883802817,0.998548800
17.653290530,0.883802817,0.998543000
17.656500803,0.883802817,0.998542550
17.661316212,0.883802817,0.998541360
17.667736758,0.883802817,0.998540500
17.678972713,0.883802817,0.998538400
17.682182986,0.883802817,0.998538260
17.695024077,0.883802817,0.998535300
17.698234350,0.883802817,0.998534900
17.701444623,0.883802817,0.998534100
17.704654896,0.883802817,0.998533600
17.709470305,0.883802817,0.998532200
17.715890851,0.883802817,0.998531200
17.717495987,0.883802817,0.998531000
17.720706260,0.883802817,0.998530860
17.722311396,0.883802817,0.998530500
17.725521669,0.883802817,0.998529900
17.731942215,0.883802817,0.998528240
17.738362761,0.883802817,0.998527500
17.739967897,0.883802817,0.998527170
17.746388443,0.883802817,0.998526700
17.749598716,0.883802817,0.998526330
17.752808989,0.883802817,0.998525560
17.759229535,0.883802817,0.998524370
17.765650080,0.883802817,0.998524000
17.776886035,0.883802817,0.998522200
17.780096308,0.883802817,0.998522100
17.784911717,0.883802817,0.998520700
17.788121990,0.883802817,0.998520430
17.796147673,0.883802817,0.998517700
17.799357945,0.883802817,0.998517100
17.800963082,0.883802817,0.998517000
17.804173355,0.883802817,0.998516860
17.804173355,0.884976526,0.998516400
17.810593900,0.884976526,0.998515300
17.817014446,0.884976526,0.998513640
17.820224719,0.884976526,0.998513300
17.823434992,0.884976526,0.998512300
17.826645265,0.884976526,0.998512100
17.831460674,0.884976526,0.998511400
17.834670947,0.884976526,0.998511140
17.837881220,0.884976526,0.998510800
17.841091493,0.884976526,0.998510400
17.850722311,0.884976526,0.998508300
17.863563403,0.884976526,0.998507300
17.869983949,0.884976526,0.998505830
17.876404494,0.884976526,0.998505100
17.876404494,0.886150235,0.998504640
17.905296950,0.886150235,0.998499040
17.911717496,0.886150235,0.998498440
17.918138042,0.886150235,0.998496530
17.921348315,0.886150235,0.998496300
17.922953451,0.886150235,0.998496200
17.926163724,0.886150235,0.998495940
17.926163724,0.887323944,0.998495460
17.930979133,0.887323944,0.998494500
17.934189406,0.887323944,0.998493800
17.939004815,0.887323944,0.998493200
17.940609952,0.887323944,0.998493100
17.943820225,0.887323944,0.998492600
17.947030498,0.887323944,0.998491900
17.950240770,0.887323944,0.998491170
17.951845907,0.888497653,0.998491050
17.955056180,0.888497653,0.998490800
17.956661316,0.888497653,0.998490450
17.959871589,0.888497653,0.998489860
17.971107544,0.888497653,0.998487950
17.971107544,0.889671362,0.998487600
17.974317817,0.889671362,0.998487350
17.977528090,0.889671362,0.998486760
17.979133226,0.889671362,0.998486200
17.982343499,0.889671362,0.998486100
17.995184591,0.889671362,0.998483360
17.998394864,0.889671362,0.998482500
18.011235955,0.889671362,0.998480400
18.014446228,0.889671362,0.998479660
18.016051364,0.889671362,0.998479550
18.019261637,0.889671362,0.998479070
18.027287319,0.889671362,0.998477900
18.030497592,0.889671362,0.998477760
18.035313002,0.889671362,0.998476700
18.044943820,0.889671362,0.998475970
18.048154093,0.889671362,0.998475850
18.051364366,0.889671362,0.998475130
18.054574639,0.889671362,0.998474800
18.059390048,0.889671362,0.998473800
18.062600321,0.889671362,0.998473700
18.078651685,0.889671362,0.998470840
18.081861958,0.889671362,0.998470100
18.083467095,0.889671362,0.998469770
18.088282504,0.889671362,0.998469400
18.093097913,0.889671362,0.998468800
18.099518459,0.889671362,0.998467500
18.102728732,0.889671362,0.998466900
18.105939005,0.889671362,0.998466730
18.107544141,0.889671362,0.998466500
18.117174960,0.889671362,0.998465900
18.118780096,0.889671362,0.998465400
18.118780096,0.890845070,0.998465200
18.121990369,0.890845070,0.998464800
18.123595506,0.890845070,0.998463630
18.130016051,0.890845070,0.998463300
18.142857143,0.890845070,0.998460650
18.149277689,0.890845070,0.998460400
18.158908507,0.890845070,0.998459600
18.162118780,0.890845070,0.998459100
18.178170144,0.890845070,0.998455500
18.181380417,0.890845070,0.998455170
18.182985554,0.890845070,0.998454600
18.186195827,0.890845070,0.998454330
18.189406100,0.890845070,0.998453400
18.192616372,0.890845070,0.998452900
18.200642055,0.890845070,0.998451600
18.205457464,0.890845070,0.998450640
18.211878010,0.890845070,0.998448850
18.216693419,0.890845070,0.998448700
18.221508828,0.890845070,0.998447360
18.224719101,0.890845070,0.998447100
18.229534510,0.890845070,0.998446170
18.232744783,0.890845070,0.998446050
18.237560193,0.890845070,0.998445330
18.240770465,0.890845070,0.998445200
18.256821830,0.890845070,0.998441160
18.260032103,0.890845070,0.998441040
18.264847512,0.890845070,0.998439850
18.268057785,0.890845070,0.998439700
18.277688604,0.890845070,0.998437940
18.280898876,0.890845070,0.998437700
18.284109149,0.890845070,0.998436300
18.287319422,0.890845070,0.998435440
18.290529695,0.890845070,0.998434840
18.293739968,0.890845070,0.998433770
18.309791332,0.890845070,0.998431000
18.314606742,0.890845070,0.998430670
18.314606742,0.892018779,0.998430550
18.340288925,0.892018779,0.998426900
18.340288925,0.893192488,0.998426440
18.353130016,0.893192488,0.998421900
18.356340289,0.893192488,0.998420830
18.362760835,0.893192488,0.998418450
18.365971108,0.893192488,0.998418330
18.367576244,0.893192488,0.998418200
18.370786517,0.893192488,0.998417740
18.380417335,0.893192488,0.998415800
18.383627608,0.893192488,0.998415230
18.390048154,0.893192488,0.998413300
18.393258427,0.893192488,0.998413100
18.396468700,0.893192488,0.998412250
18.399678973,0.893192488,0.998412000
18.420545746,0.893192488,0.998408600
18.423756019,0.893192488,0.998408500
18.430176565,0.893192488,0.998407660
18.433386838,0.893192488,0.998407540
18.436597111,0.893192488,0.998407200
18.439807384,0.893192488,0.998406950
18.446227929,0.893192488,0.998405500
18.449438202,0.893192488,0.998405400
18.451043339,0.893192488,0.998405300
18.454253612,0.893192488,0.998404900
18.463884430,0.893192488,0.998402300
18.468699839,0.893192488,0.998402200
18.471910112,0.893192488,0.998401940
18.475120385,0.893192488,0.998401340
18.497592295,0.893192488,0.998396600
18.507223114,0.893192488,0.998395400
18.513643660,0.893192488,0.998393950
18.516853933,0.893192488,0.998393700
18.539325843,0.893192488,0.998388050
18.542536116,0.893192488,0.998387600
18.555377207,0.893192488,0.998382900
18.558587480,0.893192488,0.998382450
18.560192616,0.893192488,0.998382200
18.563402889,0.893192488,0.998381850
18.571428571,0.893192488,0.998379600
18.576243981,0.893192488,0.998379100
18.585874799,0.893192488,0.998376600
18.589085072,0.893192488,0.998375800
18.592295345,0.893192488,0.998375200
18.597110754,0.893192488,0.998374340
18.598715891,0.893192488,0.998374200
18.601926164,0.893192488,0.998374000
18.603531300,0.893192488,0.998373870
18.608346709,0.893192488,0.998373400
18.613162119,0.893192488,0.998372900
18.617977528,0.893192488,0.998372400
18.626003210,0.893192488,0.998371060
18.632423756,0.893192488,0.998370600
18.643659711,0.893192488,0.998368300
18.646869984,0.893192488,0.998368200
18.651685393,0.893192488,0.998367130
18.658105939,0.893192488,0.998366060
18.659711075,0.893192488,0.998365800
18.662921348,0.893192488,0.998365200
18.674157303,0.893192488,0.998362840
18.677367576,0.893192488,0.998362700
18.686998395,0.893192488,0.998360460
18.690208668,0.893192488,0.998360200
18.691813804,0.893192488,0.998359600
18.701444623,0.893192488,0.998358200
18.703049759,0.893192488,0.998357950
18.706260032,0.893192488,0.998357830
18.711075441,0.893192488,0.998357360
18.714285714,0.893192488,0.998357240
18.719101124,0.893192488,0.998356500
18.723916533,0.893192488,0.998356040
18.727126806,0.893192488,0.998355100
18.730337079,0.893192488,0.998354600
18.735152488,0.893192488,0.998353960
18.744783307,0.893192488,0.998352770
18.762439807,0.893192488,0.998350400
18.765650080,0.893192488,0.998349400
18.768860353,0.893192488,0.998346800
18.772070626,0.893192488,0.998346100
18.796147673,0.893192488,0.998338800
18.805778491,0.893192488,0.998336500
18.808988764,0.893192488,0.998335660
18.812199037,0.893192488,0.998335540
18.826645265,0.893192488,0.998331600
18.829855538,0.893192488,0.998331500
18.833065811,0.893192488,0.998331000
18.836276083,0.893192488,0.998330900
18.855537721,0.893192488,0.998328400
18.861958266,0.893192488,0.998327100
18.882825040,0.893192488,0.998322670
18.886035313,0.893192488,0.998322300
18.894060995,0.893192488,0.998321600
18.897271268,0.893192488,0.998321350
18.905296950,0.893192488,0.998319100
18.910112360,0.893192488,0.998319000
18.911717496,0.893192488,0.998318850
18.914927769,0.893192488,0.998318700
18.919743178,0.893192488,0.998317000
18.919743178,0.894366197,0.998316900
18.921348315,0.894366197,0.998315800
18.924558587,0.894366197,0.998315600
18.935794543,0.894366197,0.998312830
18.940609952,0.894366197,0.998312600
18.945425361,0.894366197,0.998311760
18.948635634,0.894366197,0.998311040
18.958266453,0.894366197,0.998308800
18.961476726,0.894366197,0.998308660
18.964686998,0.894366197,0.998307940
18.967897271,0.894366197,0.998307800
18.972712681,0.894366197,0.998307200
18.975922953,0.894366197,0.998306500
18.979133226,0.894366197,0.998305560
18.982343499,0.894366197,0.998305440
18.991974318,0.894366197,0.998303900
18.996789727,0.894366197,0.998303300
18.998394864,0.894366197,0.998303060
19.001605136,0.894366197,0.998302340
19.004815409,0.894366197,0.998301740
19.008025682,0.894366197,0.998301270
19.033707865,0.894366197,0.998294800
19.036918138,0.894366197,0.998294650
19.044943820,0.894366197,0.998293100
19.054574639,0.894366197,0.998291900
19.059390048,0.894366197,0.998291800
19.073836276,0.894366197,0.998289300
19.077046549,0.894366197,0.998289170
19.078651685,0.894366197,0.998288800
19.081861958,0.894366197,0.998288200
19.085072231,0.894366197,0.998287260
19.091492777,0.894366197,0.998287000
19.096308186,0.894366197,0.998285700
19.099518459,0.894366197,0.998285500
19.112359551,0.894366197,0.998281600
19.112359551,0.895539906,0.998281500
19.126805778,0.895539906,0.998277070
19.131621188,0.895539906,0.998276950
19.133226324,0.895539906,0.998274800
19.138041734,0.895539906,0.998274560
19.139646870,0.895539906,0.998273850
19.142857143,0.895539906,0.998273730
19.163723917,0.895539906,0.998269800
19.170144462,0.895539906,0.998268840
19.171749599,0.895539906,0.998268600
19.174959872,0.895539906,0.998268370
19.186195827,0.895539906,0.998266160
19.189406100,0.895539906,0.998265560
19.192616372,0.895539906,0.998265200
19.195826645,0.895539906,0.998264250
19.203852327,0.895539906,0.998262800
19.210272873,0.895539906,0.998262600
19.211878010,0.895539906,0.998262100
19.215088283,0.895539906,0.998261750
19.221508828,0.895539906,0.998260100
19.224719101,0.895539906,0.998259840
19.234349920,0.895539906,0.998257940
19.237560193,0.895539906,0.998256860
19.239165329,0.895539906,0.998256500
19.248796148,0.895539906,0.998255300
19.264847512,0.895539906,0.998248600
19.268057785,0.895539906,0.998248100
19.288924559,0.895539906,0.998244170
19.295345104,0.895539906,0.998243450
19.303370787,0.895539906,0.998241540
19.306581059,0.895539906,0.998240700
19.313001605,0.895539906,0.998239760
19.316211878,0.895539906,0.998239500
19.321027287,0.895539906,0.998238800
19.324237560,0.895539906,0.998238440
19.332263242,0.895539906,0.998236400
19.335473515,0.895539906,0.998236300
19.351524880,0.895539906,0.998233200
19.354735152,0.895539906,0.998232960
19.359550562,0.895539906,0.998232540
19.362760835,0.895539906,0.998232300
19.377207063,0.895539906,0.998228700
19.380417335,0.895539906,0.998228400
19.401284109,0.895539906,0.998221200
19.404494382,0.895539906,0.998220860
19.412520064,0.895539906,0.998219100
19.415730337,0.895539906,0.998218950
19.418940610,0.895539906,0.998218700
19.425361156,0.895539906,0.998218500
19.457463884,0.895539906,0.998212200
19.460674157,0.895539906,0.998212100
19.462279294,0.895539906,0.998211860
19.465489567,0.895539906,0.998211150
19.471910112,0.895539906,0.998210200
19.475120385,0.895539906,0.998210100
19.497592295,0.895539906,0.998205400
19.504012841,0.895539906,0.998204470
19.542536116,0.895539906,0.998196200
19.545746388,0.895539906,0.998195100
19.566613162,0.895539906,0.998190940
19.569823435,0.895539906,0.998190800
19.573033708,0.895539906,0.998189870
19.576243981,0.895539906,0.998188700
19.584269663,0.895539906,0.998187100
19.587479936,0.895539906,0.998187000
19.600321027,0.895539906,0.998184600
19.603531300,0.895539906,0.998184500
19.606741573,0.895539906,0.998183900
19.613162119,0.895539906,0.998183670
19.616372392,0.895539906,0.998182060
19.619582665,0.895539906,0.998181940
19.650080257,0.895539906,0.998172400
19.653290530,0.895539906,0.998172040
19.662921348,0.895539906,0.998170140
19.666131621,0.895539906,0.998169900
19.670947030,0.895539906,0.998167900
19.674157303,0.895539906,0.998167400
19.680577849,0.895539906,0.998165900
19.683788122,0.895539906,0.998165800
19.704654896,0.895539906,0.998159600
19.707865169,0.895539906,0.998159200
19.717495987,0.895539906,0.998158500
19.730337079,0.895539906,0.998155800
19.733547352,0.895539906,0.998155300
19.738362761,0.895539906,0.998155060
19.744783307,0.895539906,0.998153150
19.749598716,0.895539906,0.998152700
19.762439807,0.895539906,0.998149400
19.765650080,0.895539906,0.998149040
19.778491172,0.895539906,0.998146200
19.780096308,0.896713615,0.998145940
19.802568218,0.896713615,0.998139740
19.805778491,0.896713615,0.998139400
19.817014446,0.896713615,0.998135900
19.821829856,0.896713615,0.998135450
19.844301766,0.896713615,0.998128240
19.847512039,0.896713615,0.998128000
19.852327448,0.896713615,0.998127300
19.855537721,0.896713615,0.998126800
19.861958266,0.896713615,0.998126000
19.868378812,0.896713615,0.998123600
19.874799358,0.896713615,0.998122500
19.878009631,0.896713615,0.998122040
19.881219904,0.896713615,0.998121560
19.889245586,0.896713615,0.998119400
19.892455859,0.896713615,0.998119300
19.903691814,0.896713615,0.998115540
19.908507223,0.896713615,0.998115300
19.919743178,0.896713615,0.998112900
19.919743178,0.897887324,0.998112700
19.921348315,0.897887324,0.998111600
19.927768860,0.897887324,0.998111250
19.935794543,0.897887324,0.998110530
19.939004815,0.897887324,0.998110400
19.969502408,0.897887324,0.998103740
19.972712681,0.897887324,0.998103600
19.977528090,0.897887324,0.998102500
19.980738363,0.897887324,0.998102370
19.991974318,0.897887324,0.998099500
19.995184591,0.897887324,0.998098900
19.996789727,0.897887324,0.998098430
20.003210273,0.897887324,0.998096500
20.016051364,0.897887324,0.998092500
20.019261637,0.897887324,0.998091760
20.024077047,0.897887324,0.998091160
20.027287319,0.897887324,0.998090570
20.059390048,0.897887324,0.998081900
20.064205457,0.897887324,0.998081560
20.065810594,0.897887324,0.998081450
20.069020867,0.897887324,0.998080500
20.070626003,0.897887324,0.998079800
20.073836276,0.897887324,0.998079400
20.081861958,0.897887324,0.998077630
20.088282504,0.897887324,0.998077300
20.093097913,0.897887324,0.998076440
20.096308186,0.897887324,0.998076100
20.097913323,0.897887324,0.998075960
20.101123596,0.897887324,0.998075700
20.113964687,0.897887324,0.998071730
20.117174960,0.897887324,0.998071600
20.128410915,0.897887324,0.998068300
20.131621188,0.897887324,0.998067800
20.136436597,0.897887324,0.998066840
20.142857143,0.897887324,0.998065900
20.147672552,0.897887324,0.998064000
20.147672552,0.899061033,0.998063860
20.154093098,0.899061033,0.998062430
20.158908507,0.899061033,0.998062200
20.165329053,0.899061033,0.998061240
20.168539326,0.899061033,0.998060640
20.174959872,0.899061033,0.998059600
20.181380417,0.899061033,0.998059000
20.184590690,0.899061033,0.998058600
20.187800963,0.899061033,0.998058500
20.195826645,0.899061033,0.998056600
20.199036918,0.899061033,0.998056300
20.203852327,0.899061033,0.998054400
20.207062600,0.899061033,0.998054000
20.242375602,0.899061033,0.998044000
20.245585875,0.899061033,0.998043800
20.250401284,0.899061033,0.998042940
20.253611557,0.899061033,0.998042700
20.256821830,0.899061033,0.998042350
20.260032103,0.899061033,0.998042100
20.269662921,0.899061033,0.998041150
20.272873194,0.899061033,0.998041100
20.274478331,0.899061033,0.998040500
20.276083467,0.900234742,0.998040260
20.277688604,0.900234742,0.998039660
20.282504013,0.901408451,0.998039540
20.285714286,0.901408451,0.998038500
20.288924559,0.901408451,0.998038350
20.308186196,0.901408451,0.998032870
20.311396469,0.901408451,0.998032750
20.316211878,0.901408451,0.998031560
20.319422151,0.901408451,0.998030360
20.327447833,0.901408451,0.998029400
20.330658106,0.901408451,0.998029200
20.340288925,0.901408451,0.998027860
20.346709470,0.901408451,0.998026900
20.349919743,0.901408451,0.998024940
20.353130016,0.901408451,0.998024200
20.354735152,0.901408451,0.998023600
20.357945425,0.901408451,0.998022700
20.375601926,0.901408451,0.998016100
20.378812199,0.901408451,0.998016000
20.385232745,0.901408451,0.998013730
20.388443018,0.901408451,0.998013500
20.399678973,0.901408451,0.998010700
20.406099518,0.901408451,0.998008670
20.412520064,0.901408451,0.998007360
20.415730337,0.901408451,0.998007240
20.420545746,0.901408451,0.998007100
20.446227929,0.901408451,0.998001300
20.452648475,0.901408451,0.998000300
20.470304976,0.901408451,0.997995500
20.479935795,0.901408451,0.997992400
20.481540931,0.901408451,0.997992160
20.484751204,0.901408451,0.997992040
20.487961477,0.901408451,0.997991300
20.494382022,0.901408451,0.997990850
20.502407705,0.901408451,0.997987870
20.505617978,0.901408451,0.997987750
20.516853933,0.901408451,0.997985360
20.520064205,0.901408451,0.997984900
20.520064205,0.902582160,0.997984650
20.529695024,0.902582160,0.997982500
20.532905297,0.902582160,0.997982260
20.536115570,0.902582160,0.997979700
20.542536116,0.902582160,0.997978600
20.552166934,0.902582160,0.997976360
20.555377207,0.902582160,0.997976240
20.565008026,0.902582160,0.997974600
20.574638844,0.902582160,0.997974000
20.587479936,0.902582160,0.997971830
20.589085072,0.903755869,0.997971700
20.648475120,0.903755869,0.997958660
20.651685393,0.903755869,0.997958200
20.653290530,0.903755869,0.997958060
20.656500803,0.903755869,0.997957940
20.664526485,0.903755869,0.997956630
20.667736758,0.903755869,0.997956400
20.678972713,0.903755869,0.997954960
20.682182986,0.903755869,0.997954850
20.695024077,0.903755869,0.997951300
20.698234350,0.903755869,0.997951100
20.722311396,0.903755869,0.997942400
20.725521669,0.903755869,0.997940960
20.727126806,0.903755869,0.997940360
20.730337079,0.903755869,0.997939650
20.736757624,0.903755869,0.997937440
20.739967897,0.903755869,0.997937200
20.746388443,0.903755869,0.997936370
20.749598716,0.903755869,0.997936250
20.756019262,0.903755869,0.997932300
20.759229535,0.903755869,0.997932200
20.767255217,0.903755869,0.997930900
20.770465490,0.903755869,0.997930770
20.776886035,0.903755869,0.997929000
20.783306581,0.903755869,0.997928740
20.789727127,0.903755869,0.997926500
20.792937400,0.903755869,0.997926350
20.796147673,0.903755869,0.997926000
20.800963082,0.903755869,0.997925760
20.805778491,0.903755869,0.997925160
20.808988764,0.903755869,0.997924700
20.810593900,0.903755869,0.997924300
20.813804173,0.903755869,0.997923300
20.821829856,0.903755869,0.997921300
20.825040128,0.903755869,0.997920100
20.826645265,0.903755869,0.997919600
20.829855538,0.903755869,0.997919140
20.833065811,0.903755869,0.997918400
20.836276083,0.903755869,0.997918200
20.849117175,0.903755869,0.997912940
20.852327448,0.903755869,0.997911750
20.855537721,0.903755869,0.997911500
20.858747994,0.903755869,0.997911040
20.863563403,0.903755869,0.997909500
20.866773676,0.903755869,0.997909370
20.878009631,0.903755869,0.997905600
20.882825040,0.903755869,0.997905250
20.886035313,0.903755869,0.997904200
20.889245586,0.903755869,0.997904060
20.916532905,0.903755869,0.997899060
20.919743178,0.903755869,0.997898460
20.927768860,0.903755869,0.997895000
20.930979133,0.903755869,0.997894800
20.943820225,0.903755869,0.997891600
20.953451043,0.903755869,0.997889940
20.955056180,0.903755869,0.997889800
20.958266453,0.903755869,0.997889460
20.967897271,0.903755869,0.997887800
20.971107544,0.903755869,0.997887700
20.985553772,0.903755869,0.997884900
20.988764045,0.903755869,0.997884800
20.991974318,0.903755869,0.997883740
20.998394864,0.903755869,0.997882800
21.014446228,0.903755869,0.997879150
21.017656501,0.903755869,0.997879000
21.022471910,0.903755869,0.997877600
21.025682183,0.903755869,0.997876900
21.038523274,0.903755869,0.997873900
21.041733547,0.903755869,0.997873800
21.052969502,0.903755869,0.997871760
21.056179775,0.903755869,0.997871500
21.060995185,0.903755869,0.997870450
21.067415730,0.903755869,0.997869850
21.069020867,0.903755869,0.997869500
21.072231140,0.903755869,0.997869000
21.073836276,0.903755869,0.997868800
21.077046549,0.903755869,0.997868300
21.086677368,0.903755869,0.997864070
21.089887640,0.903755869,0.997863800
21.105939005,0.903755869,0.997859400
21.112359551,0.903755869,0.997858100
21.136436597,0.903755869,0.997851970
21.139646870,0.903755869,0.997851500
21.149277689,0.903755869,0.997847800
21.152487961,0.903755869,0.997847700
21.179775281,0.903755869,0.997841100
21.186195827,0.903755869,0.997839900
21.205457464,0.903755869,0.997830000
21.208667737,0.903755869,0.997829850
21.213483146,0.903755869,0.997829500
21.216693419,0.903755869,0.997829140
21.219903692,0.903755869,0.997828900
21.232744783,0.903755869,0.997823600
21.235955056,0.903755869,0.997823360
21.242375602,0.903755869,0.997822300
21.245585875,0.903755869,0.997822050
21.247191011,0.903755869,0.997820400
21.250401284,0.903755869,0.997820260
21.253611557,0.903755869,0.997819400
21.256821830,0.903755869,0.997817500
21.261637239,0.903755869,0.997816560
21.264847512,0.903755869,0.997816440
21.272873194,0.903755869,0.997815250
21.276083467,0.903755869,0.997814540
21.311396469,0.903755869,0.997807300
21.317817014,0.903755869,0.997806500
21.330658106,0.903755869,0.997804460
21.333868379,0.903755869,0.997804340
21.340288925,0.903755869,0.997803300
21.343499197,0.903755869,0.997802800
21.345104334,0.903755869,0.997802300
21.348314607,0.903755869,0.997802200
21.351524880,0.903755869,0.997801700
21.356340289,0.903755869,0.997801360
21.359550562,0.903755869,0.997799340
21.365971108,0.903755869,0.997798500
21.401284109,0.903755869,0.997788670
21.407704655,0.903755869,0.997787950
21.412520064,0.903755869,0.997785900
21.415730337,0.903755869,0.997785100
21.417335474,0.903755869,0.997785000
21.426966292,0.903755869,0.997784200
21.436597111,0.903755869,0.997781100
21.439807384,0.903755869,0.997780740
21.443017657,0.903755869,0.997780500
21.446227929,0.903755869,0.997779900
21.463884430,0.903755869,0.997775260
21.470304976,0.903755869,0.997774540
21.481540931,0.903755869,0.997770300
21.491171750,0.903755869,0.997769700
21.504012841,0.903755869,0.997768040
21.507223114,0.903755869,0.997767800
21.513643660,0.903755869,0.997766260
21.520064205,0.903755869,0.997765300
21.521669342,0.903755869,0.997764200
21.524879615,0.903755869,0.997764100
21.526484751,0.903755869,0.997763900
21.529695024,0.903755869,0.997762440
21.561797753,0.903755869,0.997754900
21.565008026,0.903755869,0.997754630
21.568218299,0.903755869,0.997752850
21.571428571,0.903755869,0.997752700
21.574638844,0.903755869,0.997752000
21.577849117,0.903755869,0.997751900
21.585874799,0.903755869,0.997750340
21.590690209,0.903755869,0.997750200
21.606741573,0.903755869,0.997746900
21.609951846,0.903755869,0.997746170
21.634028892,0.903755869,0.997740750
21.637239165,0.903755869,0.997739200
21.650080257,0.903755869,0.997737300
21.656500803,0.903755869,0.997736930
21.658105939,0.903755869,0.997736800
21.662921348,0.903755869,0.997736600
21.669341894,0.903755869,0.997734400
21.674157303,0.903755869,0.997733950
21.693418941,0.903755869,0.997730200
21.696629213,0.903755869,0.997730100
21.698234350,0.903755869,0.997729840
21.698234350,0.904929577,0.997729700
21.714285714,0.904929577,0.997725900
21.717495987,0.904929577,0.997725800
21.723916533,0.904929577,0.997724600
21.727126806,0.904929577,0.997724350
21.738362761,0.904929577,0.997721000
21.741573034,0.904929577,0.997720200
21.747993579,0.904929577,0.997718900
21.751203852,0.904929577,0.997718700
21.752808989,0.904929577,0.997718200
21.756019262,0.904929577,0.997716800
21.791332263,0.904929577,0.997708700
21.794542536,0.904929577,0.997707600
21.799357945,0.904929577,0.997707000
21.804173355,0.904929577,0.997706900
21.807383628,0.904929577,0.997706400
21.810593900,0.904929577,0.997704570
21.813804173,0.904929577,0.997703400
21.829855538,0.904929577,0.997696800
21.834670947,0.904929577,0.997696600
21.842696629,0.904929577,0.997694700
21.845906902,0.904929577,0.997694200
21.849117175,0.904929577,0.997693960
21.852327448,0.904929577,0.997693600
21.857142857,0.904929577,0.997692470
21.860353130,0.904929577,0.997692350
21.868378812,0.904929577,0.997691400
21.873194222,0.904929577,0.997691300
21.878009631,0.904929577,0.997689700
21.881219904,0.904929577,0.997689500
21.890850722,0.904929577,0.997685700
21.894060995,0.904929577,0.997685300
21.895666132,0.904929577,0.997685200
21.898876404,0.904929577,0.997684360
21.900481541,0.904929577,0.997684100
21.903691814,0.904929577,0.997684000
21.905296950,0.904929577,0.997683300
21.908507223,0.904929577,0.997682330
21.921348315,0.904929577,0.997678600
21.924558587,0.904929577,0.997678340
21.943820225,0.904929577,0.997672400
21.947030498,0.904929577,0.997671900
21.961476726,0.904929577,0.997668450
21.967897271,0.904929577,0.997667400
21.972712681,0.904929577,0.997666600
21.975922953,0.904929577,0.997666500
21.979133226,0.904929577,0.997665900
21.982343499,0.904929577,0.997665640
21.988764045,0.904929577,0.997663740
21.991974318,0.904929577,0.997663400
22.006420546,0.904929577,0.997658500
22.009630819,0.904929577,0.997658250
22.011235955,0.904929577,0.997657900
22.014446228,0.904929577,0.997657540
22.017656501,0.904929577,0.997656600
22.020866774,0.904929577,0.997655750
22.035313002,0.904929577,0.997652350
22.038523274,0.904929577,0.997652000
22.043338684,0.904929577,0.997651400
22.049759230,0.904929577,0.997650200
22.056179775,0.904929577,0.997649130
22.059390048,0.904929577,0.997648900
22.069020867,0.904929577,0.997644960
22.073836276,0.904929577,0.997644100
22.078651685,0.904929577,0.997642800
22.081861958,0.904929577,0.997642460
22.091492777,0.904929577,0.997640130
22.097913323,0.904929577,0.997639200
22.104333868,0.904929577,0.997638600
22.107544141,0.904929577,0.997638460
22.110754414,0.904929577,0.997638200
22.113964687,0.904929577,0.997638100
22.115569823,0.904929577,0.997637870
22.120385233,0.904929577,0.997637500
22.131621188,0.904929577,0.997633930
22.134831461,0.904929577,0.997633460
22.136436597,0.904929577,0.997633340
22.139646870,0.904929577,0.997632500
22.142857143,0.904929577,0.997631800
22.146067416,0.904929577,0.997631430
22.147672552,0.904929577,0.997631100
22.150882825,0.904929577,0.997630360
22.194221509,0.904929577,0.997620050
22.197431782,0.904929577,0.997619700
22.235955056,0.904929577,0.997606640
22.239165329,0.904929577,0.997606300
22.243980738,0.904929577,0.997604400
22.250401284,0.904929577,0.997603700
22.260032103,0.904929577,0.997601450
22.263242376,0.904929577,0.997600850
22.277688604,0.904929577,0.997597500
22.280898876,0.904929577,0.997597300
22.293739968,0.904929577,0.997595850
22.296950241,0.904929577,0.997595600
22.301765650,0.904929577,0.997595500
22.306581059,0.904929577,0.997594540
22.311396469,0.904929577,0.997594200
22.313001605,0.904929577,0.997593800
22.316211878,0.904929577,0.997593700
22.324237560,0.904929577,0.997591850
22.327447833,0.904929577,0.997591400
22.335473515,0.904929577,0.997589000
22.341894061,0.904929577,0.997588630
22.369181380,0.904929577,0.997579750
22.373996790,0.904929577,0.997578900
22.404494382,0.904929577,0.997569400
22.407704655,0.904929577,0.997569260
22.434991974,0.904929577,0.997563600
22.447833066,0.904929577,0.997561800
22.489566613,0.904929577,0.997547450
22.492776886,0.904929577,0.997546730
22.495987159,0.904929577,0.997545660
22.499197432,0.904929577,0.997545540
22.528089888,0.904929577,0.997535470
22.534510433,0.904929577,0.997534750
22.539325843,0.904929577,0.997534160
22.542536116,0.904929577,0.997533900
22.547351525,0.904929577,0.997533700
22.550561798,0.904929577,0.997532370
22.553772071,0.904929577,0.997532250
22.555377207,0.904929577,0.997532100
22.560192616,0.904929577,0.997531900
22.587479936,0.904929577,0.997522900
22.593900482,0.904929577,0.997521200
22.598715891,0.904929577,0.997520500
22.621187801,0.904929577,0.997515800
22.624398074,0.904929577,0.997515560
22.653290530,0.904929577,0.997507040
22.656500803,0.904929577,0.997506300
22.659711075,0.904929577,0.997506100
22.662921348,0.904929577,0.997505700
22.669341894,0.904929577,0.997504200
22.669341894,0.906103286,0.997503460
22.698234350,0.906103286,0.997497400
22.701444623,0.906103286,0.997497260
22.717495987,0.906103286,0.997491240
22.723916533,0.906103286,0.997490300
22.747993579,0.906103286,0.997482500
22.754414125,0.906103286,0.997482240
22.757624398,0.906103286,0.997481500
22.760834671,0.906103286,0.997481400
22.762439807,0.906103286,0.997481170
22.765650080,0.906103286,0.997480000
22.778491172,0.906103286,0.997475300
22.781701445,0.906103286,0.997474600
22.794542536,0.906103286,0.997471600
22.797752809,0.906103286,0.997470860
22.802568218,0.906103286,0.997467500
22.808988764,0.906103286,0.997466700
22.829855538,0.906103286,0.997458040
22.833065811,0.906103286,0.997457800
22.861958266,0.906103286,0.997448500
22.865168539,0.906103286,0.997448300
22.869983949,0.906103286,0.997447250
22.873194222,0.906103286,0.997446900
22.879614767,0.906103286,0.997443900
22.882825040,0.906103286,0.997443800
22.889245586,0.906103286,0.997442700
22.892455859,0.906103286,0.997442250
22.900481541,0.906103286,0.997440600
22.906902087,0.906103286,0.997440340
22.910112360,0.906103286,0.997440100
22.913322632,0.906103286,0.997439860
22.916532905,0.906103286,0.997438900
22.919743178,0.906103286,0.997438670
22.934189406,0.906103286,0.997433360
22.937399679,0.906103286,0.997432900
22.945425361,0.906103286,0.997430150
22.948635634,0.906103286,0.997430000
22.953451043,0.906103286,0.997429800
22.961476726,0.906103286,0.997427050
22.964686998,0.906103286,0.997426900
22.975922953,0.906103286,0.997424100
22.979133226,0.906103286,0.997423650
22.983948636,0.906103286,0.997422340
22.987158909,0.906103286,0.997422200
22.988764045,0.906103286,0.997422000
22.991974318,0.906103286,0.997421860
22.996789727,0.906103286,0.997420800
23.006420546,0.906103286,0.997419950
23.017656501,0.906103286,0.997412860
23.020866774,0.906103286,0.997412600
23.027287319,0.906103286,0.997410700
23.030497592,0.906103286,0.997410360
23.035313002,0.906103286,0.997409760
23.040128411,0.906103286,0.997408700
23.041733547,0.906103286,0.997407260
23.044943820,0.906103286,0.997406660
23.067415730,0.906103286,0.997397800
23.070626003,0.906103286,0.997397540
23.086677368,0.906103286,0.997392800
23.089887640,0.906103286,0.997392650
23.091492777,0.906103286,0.997391000
23.097913323,0.906103286,0.997390570
23.107544141,0.906103286,0.997388300
23.112359551,0.906103286,0.997387350
23.118780096,0.906103286,0.997384500
23.121990369,0.906103286,0.997383530
23.123595506,0.906103286,0.997383300
23.128410915,0.906103286,0.997382700
23.131621188,0.906103286,0.997382340
23.136436597,0.906103286,0.997382100
23.138041734,0.906103286,0.997381500
23.141252006,0.906103286,0.997381400
23.158908507,0.906103286,0.997376200
23.165329053,0.906103286,0.997374800
23.168539326,0.906103286,0.997373940
23.171749599,0.906103286,0.997373700
23.174959872,0.906103286,0.997372600
23.178170144,0.906103286,0.997372150
23.184590690,0.906103286,0.997371300
23.187800963,0.906103286,0.997370960
23.189406100,0.906103286,0.997370840
23.192616372,0.906103286,0.997370360
23.205457464,0.906103286,0.997366960
23.208667737,0.906103286,0.997366500
23.210272873,0.906103286,0.997366130
23.213483146,0.906103286,0.997365200
23.232744783,0.906103286,0.997357200
23.235955056,0.906103286,0.997356800
23.240770465,0.906103286,0.997355800
23.242375602,0.907276995,0.997354750
23.245585875,0.907276995,0.997353550
23.248796148,0.907276995,0.997353200
23.261637239,0.907276995,0.997350800
23.264847512,0.907276995,0.997349740
23.277688604,0.907276995,0.997344900
23.280898876,0.907276995,0.997344700
23.287319422,0.907276995,0.997343100
23.290529695,0.907276995,0.997342770
23.293739968,0.907276995,0.997341930
23.296950241,0.907276995,0.997341800
23.300160514,0.907276995,0.997341330
23.303370787,0.907276995,0.997340600
23.306581059,0.907276995,0.997339070
23.313001605,0.907276995,0.997338240
23.327447833,0.907276995,0.997335260
23.330658106,0.907276995,0.997334900
23.332263242,0.907276995,0.997334100
23.341894061,0.907276995,0.997333300
23.346709470,0.907276995,0.997332200
23.351524880,0.907276995,0.997331500
23.354735152,0.907276995,0.997330670
23.364365971,0.907276995,0.997329000
23.367576244,0.907276995,0.997328760
23.375601926,0.907276995,0.997326970
23.378812199,0.907276995,0.997326850
23.382022472,0.907276995,0.997325900
23.385232745,0.907276995,0.997325800
23.388443018,0.907276995,0.997324600
23.391653291,0.907276995,0.997324200
23.415730337,0.907276995,0.997318700
23.418940610,0.907276995,0.997318450
23.420545746,0.907276995,0.997318200
23.423756019,0.907276995,0.997318100
23.443017657,0.907276995,0.997312070
23.446227929,0.907276995,0.997311600
23.447833066,0.907276995,0.997311100
23.451043339,0.907276995,0.997307800
23.454253612,0.907276995,0.997306600
23.457463884,0.907276995,0.997306200
23.462279294,0.907276995,0.997305630
23.465489567,0.907276995,0.997305040
23.471910112,0.907276995,0.997301700
23.475120385,0.907276995,0.997301160
23.515248796,0.907276995,0.997288200
23.518459069,0.907276995,0.997287630
23.520064205,0.907276995,0.997287030
23.523274478,0.907276995,0.997285600
23.524879615,0.907276995,0.997283700
23.524879615,0.908450704,0.997283100
23.526484751,0.908450704,0.997282400
23.529695024,0.908450704,0.997281900
23.537720706,0.908450704,0.997279640
23.540930979,0.908450704,0.997279470
23.560192616,0.908450704,0.997274340
23.563402889,0.908450704,0.997273860
23.571428571,0.908450704,0.997272550
23.574638844,0.908450704,0.997272300
23.579454254,0.908450704,0.997271600
23.584269663,0.908450704,0.997271500
23.592295345,0.908450704,0.997269600
23.597110754,0.908450704,0.997269200
23.603531300,0.908450704,0.997265460
23.606741573,0.908450704,0.997265340
23.608346709,0.908450704,0.997265000
23.611556982,0.908450704,0.997264600
23.614767255,0.908450704,0.997264150
23.614767255,0.909624413,0.997263550
23.616372392,0.909624413,0.997263200
23.622792937,0.909624413,0.997262240
23.627608347,0.909624413,0.997260800
23.630818620,0.909624413,0.997260600
23.642054575,0.909624413,0.997258200
23.645264848,0.909624413,0.997258070
23.656500803,0.909624413,0.997256200
23.659711075,0.909624413,0.997255600
23.669341894,0.909624413,0.997253000
23.672552167,0.909624413,0.997252300
23.675762440,0.909624413,0.997252050
23.678972713,0.909624413,0.997251330
23.688603531,0.909624413,0.997248700
23.691813804,0.909624413,0.997247040
23.701444623,0.909624413,0.997244100
23.704654896,0.909624413,0.997243500
23.707865169,0.909624413,0.997243050
23.711075441,0.909624413,0.997242200
23.731942215,0.909624413,0.997235950
23.738362761,0.909624413,0.997235600
23.746388443,0.909624413,0.997231800
23.749598716,0.909624413,0.997231540
23.757624398,0.909624413,0.997228700
23.760834671,0.909624413,0.997228100
23.778491172,0.909624413,0.997222540
23.781701445,0.909624413,0.997221950
23.800963082,0.909624413,0.997213800
23.804173355,0.909624413,0.997213300
23.807383628,0.909624413,0.997213070
23.813804173,0.909624413,0.997212230
23.818619583,0.909624413,0.997211400
23.821829856,0.909624413,0.997210560
23.825040128,0.909624413,0.997210200
23.829855538,0.909624413,0.997209370
23.833065811,0.909624413,0.997209130
23.845906902,0.909624413,0.997205440
23.849117175,0.909624413,0.997204700
23.860353130,0.909624413,0.997202040
23.863563403,0.909624413,0.997200850
23.865168539,0.909624413,0.997200700
23.868378812,0.909624413,0.997200600
23.892455859,0.909624413,0.997194200
23.895666132,0.909624413,0.997194050
23.897271268,0.909624413,0.997193800
23.897271268,0.910798122,0.997193700
23.902086677,0.910798122,0.997192800
23.905296950,0.910798122,0.997192700
23.908507223,0.910798122,0.997192100
23.914927769,0.910798122,0.997191500
23.918138042,0.910798122,0.997190300
23.921348315,0.910798122,0.997189600
23.934189406,0.910798122,0.997186240
23.937399679,0.910798122,0.997186100
23.942215088,0.910798122,0.997185770
23.945425361,0.910798122,0.997185650
23.950240770,0.910798122,0.997183500
23.953451043,0.910798122,0.997182500
23.959871589,0.910798122,0.997181800
23.964686998,0.910798122,0.997181200
23.967897271,0.910798122,0.997181060
23.977528090,0.910798122,0.997179270
23.980738363,0.910798122,0.997178900
23.983948636,0.910798122,0.997176770
23.987158909,0.910798122,0.997175100
24.000000000,0.910798122,0.997171200
24.003210273,0.910798122,0.997170750
24.014446228,0.910798122,0.997166800
24.017656501,0.910798122,0.997166450
24.033707865,0.910798122,0.997162640
24.036918138,0.910798122,0.997160550
24.059390048,0.910798122,0.997154830
24.064205457,0.910798122,0.997154700
24.067415730,0.910798122,0.997154500
24.070626003,0.910798122,0.997154100
24.085072231,0.910798122,0.997150840
24.088282504,0.910798122,0.997150700
24.115569823,0.910798122,0.997144760
24.118780096,0.910798122,0.997144160
24.154093098,0.910798122,0.997134100
24.158908507,0.910798122,0.997133730
24.165329053,0.910798122,0.997131200
24.168539326,0.910798122,0.997130930
24.184590690,0.910798122,0.997126300
24.189406100,0.910798122,0.997126160
24.194221509,0.910798122,0.997124600
24.197431782,0.910798122,0.997124000
24.215088283,0.910798122,0.997120500
24.218298555,0.910798122,0.997120400
24.224719101,0.910798122,0.997118830
24.227929374,0.910798122,0.997118230
24.243980738,0.910798122,0.997113200
24.250401284,0.910798122,0.997112300
24.268057785,0.910798122,0.997104350
24.271268058,0.910798122,0.997104100
24.293739968,0.910798122,0.997098900
24.296950241,0.910798122,0.997098570
24.301765650,0.910798122,0.997096900
24.304975923,0.910798122,0.997096660
24.333868379,0.910798122,0.997088500
24.337078652,0.910798122,0.997088250
24.354735152,0.910798122,0.997081800
24.357945425,0.910798122,0.997080860
24.375601926,0.910798122,0.997077470
24.382022472,0.910798122,0.997077100
24.383627608,0.910798122,0.997077000
24.386837881,0.910798122,0.997076400
24.415730337,0.910798122,0.997069060
24.418940610,0.910798122,0.997068800
24.420545746,0.910798122,0.997067870
24.423756019,0.910798122,0.997067300
24.430176565,0.910798122,0.997065500
24.433386838,0.910798122,0.997065370
24.434991974,0.910798122,0.997065100
24.438202247,0.910798122,0.997064650
24.451043339,0.910798122,0.997060500
24.454253612,0.910798122,0.997060000
24.467094703,0.910798122,0.997055050
24.470304976,0.910798122,0.997053400
24.473515249,0.910798122,0.997052550
24.476725522,0.910798122,0.997052300
24.478330658,0.910798122,0.997052200
24.481540931,0.910798122,0.997051700
24.502407705,0.910798122,0.997046650
24.505617978,0.910798122,0.997046050
24.507223114,0.910798122,0.997045930
24.510433387,0.910798122,0.997045800
24.518459069,0.910798122,0.997043800
24.521669342,0.910798122,0.997043670
24.523274478,0.910798122,0.997042950
24.528089888,0.910798122,0.997042830
24.531300161,0.910798122,0.997042500
24.532905297,0.910798122,0.997042000
24.539325843,0.910798122,0.997040800
24.566613162,0.910798122,0.997031200
24.569823435,0.910798122,0.997030600
24.597110754,0.910798122,0.997024600
24.597110754,0.911971831,0.997023900
24.601926164,0.911971831,0.997022900
24.605136437,0.911971831,0.997022800
24.609951846,0.911971831,0.997022330
24.614767255,0.911971831,0.997022100
24.619582665,0.911971831,0.997021260
24.622792937,0.911971831,0.997019050
24.638844302,0.911971831,0.997014760
24.645264848,0.911971831,0.997014160
24.650080257,0.911971831,0.997014050
24.667736758,0.911971831,0.997009900
24.670947030,0.911971831,0.997009400
24.675762440,0.911971831,0.997006700
24.678972713,0.911971831,0.997006500
24.686998395,0.911971831,0.997003260
24.690208668,0.911971831,0.997003000
24.711075441,0.911971831,0.996994500
24.717495987,0.911971831,0.996994140
24.719101124,0.911971831,0.996992470
24.722311396,0.911971831,0.996992000
24.728731942,0.911971831,0.996989850
24.731942215,0.911971831,0.996989600
24.751203852,0.911971831,0.996985850
24.754414125,0.911971831,0.996984300
24.783306581,0.911971831,0.996973750
24.786516854,0.911971831,0.996973300
24.791332263,0.911971831,0.996972200
24.794542536,0.911971831,0.996972100
24.810593900,0.911971831,0.996967140
24.813804173,0.911971831,0.996966540
24.821829856,0.911971831,0.996963560
24.825040128,0.911971831,0.996960700
24.828250401,0.911971831,0.996960460
24.834670947,0.911971831,0.996960040
24.842696629,0.911971831,0.996957660
24.845906902,0.911971831,0.996957060
24.849117175,0.911971831,0.996956350
24.852327448,0.911971831,0.996955900
24.868378812,0.911971831,0.996952060
24.874799358,0.911971831,0.996951700
24.898876404,0.911971831,0.996944370
24.908507223,0.911971831,0.996943650
24.922953451,0.911971831,0.996937900
24.926163724,0.911971831,0.996936440
24.951845907,0.911971831,0.996925300
24.955056180,0.911971831,0.996925200
24.956661316,0.911971831,0.996925060
24.959871589,0.911971831,0.996924940
24.985553772,0.911971831,0.996918300
24.991974318,0.911971831,0.996918100
25.019261637,0.911971831,0.996909560
25.025682183,0.911971831,0.996908840
25.040128411,0.911971831,0.996905500
25.043338684,0.911971831,0.996905270
25.048154093,0.911971831,0.996903500
25.051364366,0.911971831,0.996903360
25.060995185,0.911971831,0.996900700
25.064205457,0.911971831,0.996900100
25.070626003,0.911971831,0.996898530
25.073836276,0.911971831,0.996898060
25.089887640,0.911971831,0.996893640
25.093097913,0.911971831,0.996893500
25.101123596,0.911971831,0.996891100
25.104333868,0.911971831,0.996890600
25.117174960,0.911971831,0.996886200
25.120385233,0.911971831,0.996885960
25.133226324,0.911971831,0.996882200
25.136436597,0.911971831,0.996881840
25.141252006,0.911971831,0.996880300
25.144462279,0.911971831,0.996879340
25.149277689,0.911971831,0.996878500
25.154093098,0.911971831,0.996878400
25.158908507,0.911971831,0.996877300
25.163723917,0.911971831,0.996877100
25.181380417,0.911971831,0.996871770
25.184590690,0.911971831,0.996870930
25.207062600,0.911971831,0.996863840
25.210272873,0.911971831,0.996863370
25.215088283,0.911971831,0.996862200
25.218298555,0.911971831,0.996861600
25.226324238,0.911971831,0.996858700
25.229534510,0.911971831,0.996858500
25.243980738,0.911971831,0.996855600
25.247191011,0.911971831,0.996855500
25.258426966,0.911971831,0.996852460
25.261637239,0.911971831,0.996852200
25.264847512,0.911971831,0.996851000
25.268057785,0.911971831,0.996850900
25.271268058,0.911971831,0.996849830
25.274478331,0.911971831,0.996849600
25.276083467,0.911971831,0.996848400
25.279293740,0.911971831,0.996847700
25.298555377,0.911971831,0.996844770
25.301765650,0.911971831,0.996843600
25.311396469,0.911971831,0.996840700
25.314606742,0.911971831,0.996840000
25.316211878,0.911971831,0.996838900
25.319422151,0.911971831,0.996838700
25.322632424,0.911971831,0.996837500
25.325842697,0.911971831,0.996836070
25.327447833,0.911971831,0.996835950
25.330658106,0.911971831,0.996835770
25.364365971,0.911971831,0.996823200
25.367576244,0.911971831,0.996822000
25.380417335,0.911971831,0.996816200
25.383627608,0.911971831,0.996815600
25.386837881,0.911971831,0.996814800
25.396468700,0.911971831,0.996814200
25.441412520,0.911971831,0.996799700
25.444622793,0.911971831,0.996799600
25.495987159,0.911971831,0.996779740
25.499197432,0.911971831,0.996778900
25.512038523,0.911971831,0.996773400
25.515248796,0.911971831,0.996773060
25.528089888,0.911971831,0.996768100
25.534510433,0.911971831,0.996766800
25.540930979,0.911971831,0.996765400
25.544141252,0.911971831,0.996764400
25.550561798,0.911971831,0.996762500
25.553772071,0.911971831,0.996762400
25.556982343,0.911971831,0.996760300
25.560192616,0.911971831,0.996759830
25.566613162,0.911971831,0.996757450
25.569823435,0.911971831,0.996757000
25.573033708,0.911971831,0.996755800
25.576243981,0.911971831,0.996755300
25.634028892,0.911971831,0.996737660
25.637239165,0.911971831,0.996737540
25.643659711,0.911971831,0.996736700
25.646869984,0.911971831,0.996735500
25.659711075,0.911971831,0.996731640
25.669341894,0.911971831,0.996729600
25.677367576,0.911971831,0.996726900
25.680577849,0.911971831,0.996726630
25.699839486,0.911971831,0.996718940
25.703049759,0.911971831,0.996718800
25.709470305,0.911971831,0.996717150
25.712680578,0.911971831,0.996716900
25.760834671,0.911971831,0.996702600
25.764044944,0.911971831,0.996702500
25.767255217,0.911971831,0.996701400
25.770465490,0.911971831,0.996700100
25.797752809,0.911971831,0.996690870
25.802568218,0.911971831,0.996689800
25.815409310,0.911971831,0.996684850
25.820224719,0.911971831,0.996684730
25.828250401,0.911971831,0.996682600
25.831460674,0.911971831,0.996682470
25.894060995,0.911971831,0.996662560
25.897271268,0.911971831,0.996662400
25.908507223,0.911971831,0.996658100
25.911717496,0.911971831,0.996657850
25.916532905,0.911971831,0.996656540
25.918138042,0.911971831,0.996656060
25.921348315,0.911971831,0.996655700
25.927768860,0.911971831,0.996654150
25.930979133,0.911971831,0.996653900
25.950240770,0.911971831,0.996649560
25.956661316,0.911971831,0.996648970
25.961476726,0.911971831,0.996647800
25.964686998,0.911971831,0.996646800
25.966292135,0.911971831,0.996646000
25.969502408,0.911971831,0.996645500
25.985553772,0.911971831,0.996640900
25.988764045,0.911971831,0.996640560
26.022471910,0.911971831,0.996627300
26.025682183,0.911971831,0.996627000
26.036918138,0.911971831,0.996619800
26.040128411,0.911971831,0.996619700
26.080256822,0.911971831,0.996605400
26.083467095,0.911971831,0.996605040
26.102728732,0.911971831,0.996596400
26.105939005,0.911971831,0.996595900
26.141252006,0.911971831,0.996588350
26.141252006,0.913145540,0.996587750
26.149277689,0.913145540,0.996586800
26.158908507,0.913145540,0.996585970
26.160513644,0.913145540,0.996584060
26.163723917,0.913145540,0.996583700
26.178170144,0.913145540,0.996580800
26.184590690,0.913145540,0.996579800
26.191011236,0.913145540,0.996577900
26.194221509,0.913145540,0.996577700
26.199036918,0.913145540,0.996577300
26.227929374,0.913145540,0.996568700
26.227929374,0.914319249,0.996567960
26.234349920,0.914319249,0.996566240
26.240770465,0.914319249,0.996564800
26.242375602,0.914319249,0.996563850
26.245585875,0.914319249,0.996562900
26.255216693,0.914319249,0.996559440
26.258426966,0.914319249,0.996559100
26.266452648,0.914319249,0.996557350
26.269662921,0.914319249,0.996556640
26.271268058,0.915492958,0.996556300
26.272873194,0.915492958,0.996555900
26.279293740,0.915492958,0.996555300
26.303370787,0.915492958,0.996548950
26.306581059,0.915492958,0.996548350
26.364365971,0.915492958,0.996528450
26.367576244,0.915492958,0.996528200
26.370786517,0.915492958,0.996526800
26.373996790,0.915492958,0.996526660
26.382022472,0.915492958,0.996525800
26.388443018,0.915492958,0.996524400
26.394863563,0.915492958,0.996521700
26.398073836,0.915492958,0.996521600
26.402889246,0.915492958,0.996521100
26.406099518,0.915492958,0.996520160
26.410914928,0.915492958,0.996519700
26.414125201,0.915492958,0.996519570
26.417335474,0.915492958,0.996518250
26.422150883,0.915492958,0.996517900
26.430176565,0.915492958,0.996516350
26.433386838,0.915492958,0.996516200
26.434991974,0.915492958,0.996516100
26.438202247,0.915492958,0.996515750
26.443017657,0.915492958,0.996514140
26.447833066,0.915492958,0.996513900
26.455858748,0.915492958,0.996512500
26.459069021,0.915492958,0.996512350
26.462279294,0.915492958,0.996511640
26.465489567,0.915492958,0.996510800
26.478330658,0.915492958,0.996505860
26.481540931,0.915492958,0.996504660
26.495987159,0.915492958,0.996500970
26.502407705,0.915492958,0.996500500
26.515248796,0.915492958,0.996496600
26.518459069,0.915492958,0.996496500
26.520064205,0.915492958,0.996495900
26.523274478,0.915492958,0.996494700
26.536115570,0.915492958,0.996491130
26.539325843,0.915492958,0.996490660
26.540930979,0.915492958,0.996490200
26.544141252,0.915492958,0.996489300
26.548956661,0.915492958,0.996488000
26.552166934,0.915492958,0.996487400
26.576243981,0.915492958,0.996481400
26.579454254,0.915492958,0.996481060
26.585874799,0.915492958,0.996476700
26.590690209,0.915492958,0.996476600
26.593900482,0.915492958,0.996476100
26.597110754,0.915492958,0.996476000
26.603531300,0.915492958,0.996473250
26.606741573,0.915492958,0.996472540
26.611556982,0.915492958,0.996472000
26.614767255,0.915492958,0.996471300
26.617977528,0.915492958,0.996471050
26.621187801,0.915492958,0.996470900
26.650080257,0.915492958,0.996462050
26.653290530,0.915492958,0.996461200
26.659711075,0.915492958,0.996459400
26.664526485,0.915492958,0.996458350
26.666131621,0.915492958,0.996457400
26.669341894,0.915492958,0.996457300
26.677367576,0.915492958,0.996454240
26.680577849,0.915492958,0.996453170
26.691813804,0.915492958,0.996447400
26.698234350,0.915492958,0.996446670
26.706260032,0.915492958,0.996444050
26.709470305,0.915492958,0.996443330
26.714285714,0.915492958,0.996441300
26.717495987,0.915492958,0.996440600
26.720706260,0.915492958,0.996439900
26.723916533,0.915492958,0.996439300
26.733547352,0.915492958,0.996437300
26.738362761,0.915492958,0.996436500
26.741573034,0.915492958,0.996435400
26.744783307,0.915492958,0.996435050
26.749598716,0.915492958,0.996432400
26.752808989,0.915492958,0.996431950
26.765650080,0.915492958,0.996428100
26.768860353,0.915492958,0.996427830
26.784911717,0.915492958,0.996421100
26.788121990,0.915492958,0.996420740
26.791332263,0.915492958,0.996419400
26.794542536,0.915492958,0.996418830
26.797752809,0.915492958,0.996417640
26.800963082,0.915492958,0.996417500
26.808988764,0.915492958,0.996415400
26.812199037,0.915492958,0.996415260
26.818619583,0.915492958,0.996412340
26.821829856,0.915492958,0.996412200
26.823434992,0.915492958,0.996412000
26.823434992,0.916666667,0.996411860
26.860353130,0.916666667,0.996398700
26.863563403,0.916666667,0.996398570
26.882825040,0.916666667,0.996392100
26.886035313,0.916666667,0.996391830
26.903691814,0.916666667,0.996385460
26.906902087,0.916666667,0.996385340
26.934189406,0.916666667,0.996377300
26.937399679,0.916666667,0.996376800
26.963081862,0.916666667,0.996367800
26.966292135,0.916666667,0.996367200
26.983948636,0.916666667,0.996362600
26.987158909,0.916666667,0.996361300
27.008025682,0.916666667,0.996355650
27.014446228,0.916666667,0.996354940
27.025682183,0.916666667,0.996350170
27.028892456,0.916666667,0.996349800
27.038523274,0.916666667,0.996346200
27.038523274,0.917840376,0.996345940
27.044943820,0.917840376,0.996344500
27.051364366,0.917840376,0.996342000
27.056179775,0.917840376,0.996341400
27.064205457,0.917840376,0.996338600
27.067415730,0.917840376,0.996338500
27.080256822,0.917840376,0.996333360
27.083467095,0.917840376,0.996331900
27.117174960,0.917840376,0.996317860
27.120385233,0.917840376,0.996317150
27.160513644,0.917840376,0.996303560
27.163723917,0.917840376,0.996302960
27.165329053,0.917840376,0.996302700
27.168539326,0.917840376,0.996302250
27.170144462,0.917840376,0.996301800
27.173354735,0.917840376,0.996301530
27.216693419,0.917840376,0.996286630
27.219903692,0.917840376,0.996286300
27.229534510,0.917840376,0.996284700
27.232744783,0.917840376,0.996284200
27.234349920,0.917840376,0.996283950
27.237560193,0.917840376,0.996283350
27.240770465,0.917840376,0.996281900
27.243980738,0.917840376,0.996280130
27.245585875,0.917840376,0.996280000
27.247191011,0.919014085,0.996279800
27.250401284,0.919014085,0.996276260
27.253611557,0.919014085,0.996275800
27.277688604,0.919014085,0.996267260
27.280898876,0.919014085,0.996266900
27.313001605,0.919014085,0.996254700
27.316211878,0.919014085,0.996254560
27.324237560,0.919014085,0.996253250
27.327447833,0.919014085,0.996252900
27.330658106,0.919014085,0.996251900
27.337078652,0.919014085,0.996250000
27.341894061,0.919014085,0.996247800
27.345104334,0.919014085,0.996247700
27.351524880,0.919014085,0.996244100
27.356340289,0.919014085,0.996243360
27.365971108,0.919014085,0.996241330
27.369181380,0.919014085,0.996240740
27.378812199,0.919014085,0.996238350
27.382022472,0.919014085,0.996237900
27.391653291,0.919014085,0.996231000
27.396468700,0.919014085,0.996230660
27.399678973,0.919014085,0.996230300
27.404494382,0.919014085,0.996229230
27.407704655,0.919014085,0.996228800
27.423756019,0.919014085,0.996226100
27.426966292,0.919014085,0.996225950
27.452648475,0.919014085,0.996216500
27.455858748,0.919014085,0.996215300
27.467094703,0.919014085,0.996213100
27.470304976,0.919014085,0.996211900
27.471910112,0.919014085,0.996211300
27.478330658,0.919014085,0.996209600
27.502407705,0.919014085,0.996200740
27.505617978,0.919014085,0.996200140
27.515248796,0.919014085,0.996197600
27.518459069,0.919014085,0.996197200
27.521669342,0.919014085,0.996196270
27.524879615,0.919014085,0.996195800
27.532905297,0.919014085,0.996194360
27.536115570,0.919014085,0.996194000
27.542536116,0.919014085,0.996192200
27.545746388,0.919014085,0.996191740
27.560192616,0.919014085,0.996184200
27.563402889,0.919014085,0.996183600
27.597110754,0.919014085,0.996175300
27.600321027,0.919014085,0.996175170
27.616372392,0.919014085,0.996170700
27.621187801,0.919014085,0.996168700
27.629213483,0.919014085,0.996166200
27.632423756,0.919014085,0.996165900
27.640449438,0.919014085,0.996161940
27.643659711,0.919014085,0.996161000
27.646869984,0.919014085,0.996160270
27.653290530,0.919014085,0.996159430
27.677367576,0.919014085,0.996148600
27.680577849,0.919014085,0.996148000
27.693418941,0.919014085,0.996143040
27.696629213,0.919014085,0.996142800
27.714285714,0.919014085,0.996135500
27.717495987,0.919014085,0.996135350
27.738362761,0.919014085,0.996128200
27.741573034,0.919014085,0.996127550
27.760834671,0.919014085,0.996117600
27.764044944,0.919014085,0.996117500
27.765650080,0.919014085,0.996117350
27.768860353,0.919014085,0.996116900
27.780096308,0.919014085,0.996113400
27.783306581,0.919014085,0.996112800
27.784911717,0.919014085,0.996112760
27.788121990,0.919014085,0.996112640
27.789727127,0.919014085,0.996111800
27.792937400,0.919014085,0.996111200
27.800963082,0.919014085,0.996108230
27.804173355,0.919014085,0.996107640
27.820224719,0.919014085,0.996102100
27.823434992,0.919014085,0.996100400
27.834670947,0.919014085,0.996095960
27.837881220,0.919014085,0.996095500
27.844301766,0.919014085,0.996094300
27.847512039,0.919014085,0.996094170
27.887640449,0.919014085,0.996081050
27.892455859,0.919014085,0.996080460
27.895666132,0.919014085,0.996079150
27.898876404,0.919014085,0.996078900
27.905296950,0.919014085,0.996076170
27.911717496,0.919014085,0.996074700
27.922953451,0.919014085,0.996070400
27.926163724,0.919014085,0.996069300
27.930979133,0.919014085,0.996068950
27.934189406,0.919014085,0.996067100
27.945425361,0.919014085,0.996062600
27.948635634,0.919014085,0.996062460
27.950240770,0.919014085,0.996062340
27.956661316,0.919014085,0.996061000
27.974317817,0.919014085,0.996053600
27.977528090,0.919014085,0.996053460
27.987158909,0.919014085,0.996051000
27.990369181,0.919014085,0.996050900
27.995184591,0.919014085,0.996049940
27.998394864,0.919014085,0.996049100
28.019261637,0.919014085,0.996041540
28.022471910,0.919014085,0.996039600
28.027287319,0.919014085,0.996038200
28.030497592,0.919014085,0.996037840
28.067415730,0.919014085,0.996027470
28.070626003,0.919014085,0.996027350
28.077046549,0.919014085,0.996025900
28.080256822,0.919014085,0.996025100
28.086677368,0.919014085,0.996024000
28.089887640,0.919014085,0.996023540
28.099518459,0.919014085,0.996021800
28.102728732,0.919014085,0.996021700
28.104333868,0.919014085,0.996019200
28.107544141,0.919014085,0.996018600
28.128410915,0.919014085,0.996012800
28.134831461,0.919014085,0.996011260
28.136436597,0.919014085,0.996011000
28.139646870,0.919014085,0.996010660
28.146067416,0.919014085,0.996009350
28.149277689,0.919014085,0.996007900
28.150882825,0.919014085,0.996007140
28.154093098,0.919014085,0.996005600
28.165329053,0.919014085,0.996001900
28.168539326,0.919014085,0.996001660
28.170144462,0.919014085,0.996001200
28.173354735,0.919014085,0.996000950
28.176565008,0.919014085,0.996000470
28.179775281,0.919014085,0.996000230
28.205457464,0.919014085,0.995987700
28.211878010,0.919014085,0.995987500
28.248796148,0.919014085,0.995975300
28.252006421,0.919014085,0.995975200
28.266452648,0.919014085,0.995969300
28.272873194,0.919014085,0.995967600
28.321027287,0.919014085,0.995952600
28.324237560,0.919014085,0.995951060
28.325842697,0.919014085,0.995949600
28.329052970,0.919014085,0.995949270
28.330658106,0.919014085,0.995948600
28.333868379,0.919014085,0.995948400
28.343499197,0.919014085,0.995944560
28.346709470,0.919014085,0.995943700
28.367576244,0.919014085,0.995936400
28.370786517,0.919014085,0.995935900
28.378812199,0.919014085,0.995933830
28.382022472,0.919014085,0.995933600
28.394863563,0.919014085,0.995927040
28.398073836,0.919014085,0.995926900
28.409309791,0.919014085,0.995920300
28.412520064,0.919014085,0.995919600
28.414125201,0.919014085,0.995919300
28.418940610,0.919014085,0.995918700
28.422150883,0.919014085,0.995918330
28.423756019,0.919014085,0.995917260
28.426966292,0.919014085,0.995916400
28.428571429,0.919014085,0.995915600
28.428571429,0.920187793,0.995914640
28.436597111,0.920187793,0.995911360
28.439807384,0.920187793,0.995911240
28.441412520,0.920187793,0.995910170
28.444622793,0.920187793,0.995910050
28.447833066,0.920187793,0.995909200
28.454253612,0.920187793,0.995908500
28.468699839,0.920187793,0.995905040
28.471910112,0.920187793,0.995904740
28.478330658,0.920187793,0.995903550
28.481540931,0.920187793,0.995903200
28.500802568,0.920187793,0.995896460
28.507223114,0.920187793,0.995895860
28.560192616,0.920187793,0.995875540
28.563402889,0.920187793,0.995874940
28.597110754,0.920187793,0.995861100
28.600321027,0.920187793,0.995860040
28.629213483,0.920187793,0.995851640
28.632423756,0.920187793,0.995851500
28.645264848,0.920187793,0.995848900
28.650080257,0.920187793,0.995848540
28.696629213,0.920187793,0.995834000
28.699839486,0.920187793,0.995833900
28.719101124,0.920187793,0.995822400
28.722311396,0.920187793,0.995821830
28.731942215,0.920187793,0.995817600
28.735152488,0.920187793,0.995817500
28.739967897,0.920187793,0.995815000
28.744783307,0.920187793,0.995814860
28.762439807,0.920187793,0.995810870
28.765650080,0.920187793,0.995809700
28.778491172,0.920187793,0.995806600
28.781701445,0.920187793,0.995806340
28.789727127,0.920187793,0.995804600
28.796147673,0.920187793,0.995803900
28.828250401,0.920187793,0.995795850
28.831460674,0.920187793,0.995795250
28.839486356,0.920187793,0.995790300
28.842696629,0.920187793,0.995790200
28.844301766,0.920187793,0.995789950
28.847512039,0.920187793,0.995789700
28.852327448,0.920187793,0.995787100
28.855537721,0.920187793,0.995786250
28.861958266,0.920187793,0.995783800
28.861958266,0.921361502,0.995782850
28.879614767,0.921361502,0.995773500
28.882825040,0.921361502,0.995773000
28.906902087,0.921361502,0.995763800
28.910112360,0.921361502,0.995763540
28.919743178,0.921361502,0.995761450
28.922953451,0.921361502,0.995761330
28.932584270,0.921361502,0.995757900
28.935794543,0.921361502,0.995757400
28.939004815,0.921361502,0.995756000
28.942215088,0.921361502,0.995755850
28.943820225,0.921361502,0.995755700
28.947030498,0.921361502,0.995755430
28.948635634,0.921361502,0.995754700
28.951845907,0.921361502,0.995754000
28.958266453,0.921361502,0.995752200
28.961476726,0.921361502,0.995751740
28.967897271,0.921361502,0.995750200
28.971107544,0.921361502,0.995748700
28.972712681,0.921361502,0.995748340
28.977528090,0.921361502,0.995748200
28.982343499,0.921361502,0.995747150
28.988764045,0.921361502,0.995746300
29.011235955,0.921361502,0.995737430
29.014446228,0.921361502,0.995737100
29.025682183,0.921361502,0.995730800
29.028892456,0.921361502,0.995730700
29.044943820,0.921361502,0.995724560
29.048154093,0.921361502,0.995724300
29.059390048,0.921361502,0.995720100
29.062600321,0.921361502,0.995719970
29.067415730,0.921361502,0.995718540
29.070626003,0.921361502,0.995716630
29.089887640,0.921361502,0.995706740
29.093097913,0.921361502,0.995706260
29.097913323,0.921361502,0.995704700
29.102728732,0.921361502,0.995704600
29.105939005,0.921361502,0.995703500
29.109149278,0.921361502,0.995703040
29.118780096,0.921361502,0.995701600
29.125200642,0.921361502,0.995699900
29.136436597,0.921361502,0.995694500
29.139646870,0.921361502,0.995694300
29.141252006,0.921361502,0.995692800
29.144462279,0.921361502,0.995692700
29.149277689,0.921361502,0.995689900
29.152487961,0.921361502,0.995689100
29.179775281,0.921361502,0.995677200
29.186195827,0.921361502,0.995676800
29.194221509,0.921361502,0.995675000
29.197431782,0.921361502,0.995674550
29.205457464,0.921361502,0.995672100
29.208667737,0.921361502,0.995671500
29.210272873,0.921361502,0.995671300
29.216693419,0.921361502,0.995670700
29.218298555,0.921361502,0.995669600
29.221508828,0.921361502,0.995669100
29.234349920,0.921361502,0.995664800
29.237560193,0.921361502,0.995662400
29.242375602,0.921361502,0.995661800
29.245585875,0.921361502,0.995661200
29.247191011,0.921361502,0.995660700
29.250401284,0.921361502,0.995660600
29.260032103,0.921361502,0.995656500
29.263242376,0.921361502,0.995655800
29.272873194,0.921361502,0.995651070
29.276083467,0.921361502,0.995650600
29.282504013,0.921361502,0.995645600
29.285714286,0.921361502,0.995645400
29.292134831,0.921361502,0.995641470
29.295345104,0.921361502,0.995641100
29.311396469,0.921361502,0.995634850
29.314606742,0.921361502,0.995634140
29.321027287,0.921361502,0.995632230
29.324237560,0.921361502,0.995630000
29.330658106,0.921361502,0.995628240
29.333868379,0.921361502,0.995628100
29.356340289,0.921361502,0.995618000
29.359550562,0.921361502,0.995617300
29.383627608,0.921361502,0.995606100
29.390048154,0.921361502,0.995604160
29.394863563,0.921361502,0.995603300
29.398073836,0.921361502,0.995602600
29.402889246,0.921361502,0.995599270
29.406099518,0.921361502,0.995598900
29.431781701,0.921361502,0.995588540
29.434991974,0.921361502,0.995588400
29.455858748,0.921361502,0.995582500
29.459069021,0.921361502,0.995582400
29.465489567,0.921361502,0.995580140
29.468699839,0.921361502,0.995579060
29.492776886,0.921361502,0.995569300
29.499197432,0.921361502,0.995566200
29.500802568,0.921361502,0.995565830
29.505617978,0.921361502,0.995565240
29.507223114,0.921361502,0.995565100
29.510433387,0.921361502,0.995564000
29.528089888,0.921361502,0.995555200
29.531300161,0.921361502,0.995554500
29.532905297,0.921361502,0.995554400
29.536115570,0.921361502,0.995554150
29.550561798,0.921361502,0.995549440
29.553772071,0.921361502,0.995548500
29.568218299,0.921361502,0.995543200
29.571428571,0.921361502,0.995542470
29.581059390,0.921361502,0.995539600
29.584269663,0.921361502,0.995538100
29.587479936,0.921361502,0.995537400
29.590690209,0.921361502,0.995536100
29.609951846,0.921361502,0.995529500
29.613162119,0.921361502,0.995529230
29.616372392,0.921361502,0.995528300
29.622792937,0.921361502,0.995525900
29.637239165,0.921361502,0.995520230
29.640449438,0.921361502,0.995519900
29.650080257,0.921361502,0.995516240
29.653290530,0.921361502,0.995515050
29.677367576,0.921361502,0.995508100
29.680577849,0.921361502,0.995507100
29.701444623,0.921361502,0.995498840
29.711075441,0.921361502,0.995496500
29.723916533,0.921361502,0.995491560
29.727126806,0.921361502,0.995490970
29.752808989,0.921361502,0.995482900
29.756019262,0.921361502,0.995482300
29.772070626,0.921361502,0.995478100
29.775280899,0.921361502,0.995476300
29.784911717,0.921361502,0.995471360
29.788121990,0.921361502,0.995471100
29.792937400,0.921361502,0.995469800
29.799357945,0.921361502,0.995469000
29.821829856,0.921361502,0.995461640
29.825040128,0.921361502,0.995461400
29.857142857,0.921361502,0.995445850
29.863563403,0.921361502,0.995444060
29.886035313,0.921361502,0.995434200
29.889245586,0.921361502,0.995433750
29.890850722,0.921361502,0.995433400
29.894060995,0.921361502,0.995433300
29.910112360,0.921361502,0.995429300
29.913322632,0.921361502,0.995429160
29.916532905,0.921361502,0.995426360
29.919743178,0.921361502,0.995426240
29.929373997,0.921361502,0.995422400
29.932584270,0.921361502,0.995419140
29.971107544,0.921361502,0.995406270
29.974317817,0.921361502,0.995406030
29.980738363,0.921361502,0.995400370
29.983948636,0.921361502,0.995400130
29.996789727,0.921361502,0.995397030
30.000000000,0.921361502,0.995395960
30.014446228,0.921361502,0.995392900
30.019261637,0.921361502,0.995391850
30.040128411,0.921361502,0.995382960
30.043338684,0.921361502,0.995380400
30.044943820,0.921361502,0.995379900
30.048154093,0.921361502,0.995379800
30.075441413,0.921361502,0.995371900
30.078651685,0.921361502,0.995371400
30.083467095,0.921361502,0.995370200
30.086677368,0.921361502,0.995369260
30.091492777,0.921361502,0.995368500
30.094703050,0.921361502,0.995368000
30.107544141,0.921361502,0.995362500
30.110754414,0.921361502,0.995362340
30.134831461,0.921361502,0.995355000
30.139646870,0.921361502,0.995354800
30.142857143,0.921361502,0.995353460
30.146067416,0.921361502,0.995352400
30.149277689,0.921361502,0.995351300
30.152487961,0.921361502,0.995351200
30.157303371,0.921361502,0.995349700
30.160513644,0.921361502,0.995349470
30.165329053,0.921361502,0.995348630
30.168539326,0.921361502,0.995348500
30.208667737,0.921361502,0.995334800
30.211878010,0.921361502,0.995334300
30.223113965,0.921361502,0.995330330
30.226324238,0.921361502,0.995329600
30.242375602,0.921361502,0.995323600
30.245585875,0.921361502,0.995322900
30.258426966,0.921361502,0.995316740
30.261637239,0.921361502,0.995316400
30.271268058,0.921361502,0.995313170
30.276083467,0.921361502,0.995312900
30.282504013,0.921361502,0.995309900
30.285714286,0.921361502,0.995309530
30.308186196,0.921361502,0.995302100
30.314606742,0.921361502,0.995300300
30.317817014,0.921361502,0.995299200
30.321027287,0.921361502,0.995299100
30.325842697,0.921361502,0.995297730
30.329052970,0.921361502,0.995297500
30.332263242,0.921361502,0.995296060
30.335473515,0.921361502,0.995295940
30.337078652,0.921361502,0.995295200
30.341894061,0.921361502,0.995294870
30.365971108,0.921361502,0.995284400
30.369181380,0.921361502,0.995283900
30.372391653,0.921361502,0.995283400
30.375601926,0.921361502,0.995283200
30.409309791,0.921361502,0.995272700
30.412520064,0.921361502,0.995272100
30.418940610,0.921361502,0.995269950
30.422150883,0.921361502,0.995268900
30.428571429,0.921361502,0.995262740
30.431781701,0.921361502,0.995262150
30.473515249,0.921361502,0.995246350
30.476725522,0.921361502,0.995246100
30.504012841,0.921361502,0.995234300
30.507223114,0.921361502,0.995233700
30.508828250,0.921361502,0.995230730
30.512038523,0.921361502,0.995230600
30.516853933,0.921361502,0.995227460
30.520064205,0.921361502,0.995225900
30.531300161,0.921361502,0.995220000
30.534510433,0.921361502,0.995219900
30.558587480,0.921361502,0.995207500
30.561797753,0.921361502,0.995207250
30.568218299,0.921361502,0.995206200
30.571428571,0.921361502,0.995206060
30.577849117,0.921361502,0.995204570
30.581059390,0.921361502,0.995202300
30.587479936,0.921361502,0.995200040
30.590690209,0.921361502,0.995198200
30.600321027,0.921361502,0.995193400
30.603531300,0.921361502,0.995193100
30.605136437,0.921361502,0.995192900
30.611556982,0.921361502,0.995190500
30.613162119,0.921361502,0.995190260
30.616372392,0.921361502,0.995190140
30.621187801,0.921361502,0.995187000
30.624398074,0.921361502,0.995186400
30.632423756,0.921361502,0.995183300
30.635634029,0.921361502,0.995183170
30.638844302,0.921361502,0.995181600
30.642054575,0.921361502,0.995181500
30.645264848,0.921361502,0.995181260
30.648475120,0.921361502,0.995180130
30.651685393,0.921361502,0.995178000
30.654895666,0.921361502,0.995177400
30.686998395,0.921361502,0.995168000
30.690208668,0.921361502,0.995167400
30.707865169,0.921361502,0.995162550
30.711075441,0.921361502,0.995162200
30.727126806,0.921361502,0.995155700
30.730337079,0.921361502,0.995155200
30.738362761,0.921361502,0.995152350
30.741573034,0.921361502,0.995152100
30.744783307,0.921361502,0.995149900
30.747993579,0.921361502,0.995148500
30.764044944,0.921361502,0.995143200
30.767255217,0.921361502,0.995142100
30.797752809,0.921361502,0.995129200
30.800963082,0.921361502,0.995127900
30.826645265,0.921361502,0.995118860
30.829855538,0.921361502,0.995117300
30.884430177,0.921361502,0.995095900
30.887640449,0.921361502,0.995095800
30.906902087,0.921361502,0.995090250
30.910112360,0.921361502,0.995089770
30.914927769,0.921361502,0.995088160
30.918138042,0.921361502,0.995087800
30.963081862,0.921361502,0.995070930
30.966292135,0.921361502,0.995070340
30.971107544,0.921361502,0.995067950
30.974317817,0.921361502,0.995066300
30.975922953,0.921361502,0.995065900
30.979133226,0.921361502,0.995065800
30.993579454,0.921361502,0.995058400
30.996789727,0.921361502,0.995057940
31.011235955,0.921361502,0.995052160
31.014446228,0.921361502,0.995052040
31.028892456,0.921361502,0.995046600
31.032102729,0.921361502,0.995046400
31.059390048,0.921361502,0.995034100
31.064205457,0.921361502,0.995033500
31.080256822,0.921361502,0.995029870
31.083467095,0.921361502,0.995029030
31.091492777,0.921361502,0.995025460
31.097913323,0.921361502,0.995023370
31.101123596,0.921361502,0.995022800
31.104333868,0.921361502,0.995022400
31.130016051,0.921361502,0.995013300
31.133226324,0.921361502,0.995013060
31.142857143,0.921361502,0.995009660
31.149277689,0.921361502,0.995007750
31.162118780,0.921361502,0.994997140
31.165329053,0.921361502,0.994997000
31.168539326,0.921361502,0.994995240
31.171749599,0.921361502,0.994994500
31.181380417,0.921361502,0.994989450
31.184590690,0.921361502,0.994989100
31.189406100,0.921361502,0.994988300
31.192616372,0.921361502,0.994985800
31.208667737,0.921361502,0.994978600
31.211878010,0.921361502,0.994978370
31.218298555,0.921361502,0.994974260
31.221508828,0.921361502,0.994973900
31.223113965,0.921361502,0.994973060
31.226324238,0.921361502,0.994971160
31.240770465,0.921361502,0.994964600
31.243980738,0.921361502,0.994964360
31.247191011,0.921361502,0.994963300
31.250401284,0.921361502,0.994962930
31.301765650,0.921361502,0.994945940
31.304975923,0.921361502,0.994945700
31.311396469,0.921361502,0.994943800
31.314606742,0.921361502,0.994943300
31.316211878,0.921361502,0.994942700
31.319422151,0.921361502,0.994942600
31.325842697,0.921361502,0.994936100
31.329052970,0.921361502,0.994936000
31.333868379,0.921361502,0.994933660
31.337078652,0.921361502,0.994933550
31.340288925,0.921361502,0.994932600
31.343499197,0.921361502,0.994932230
31.353130016,0.921361502,0.994927300
31.356340289,0.921361502,0.994926700
31.362760835,0.921361502,0.994926000
31.365971108,0.921361502,0.994923200
31.382022472,0.921361502,0.994913100
31.385232745,0.921361502,0.994912270
31.431781701,0.921361502,0.994895400
31.436597111,0.921361502,0.994893100
31.439807384,0.921361502,0.994892600
31.449438202,0.921361502,0.994884800
31.452648475,0.921361502,0.994883950
31.471910112,0.921361502,0.994871260
31.475120385,0.921361502,0.994870660
31.476725522,0.921361502,0.994870070
31.479935795,0.921361502,0.994868760
31.502407705,0.921361502,0.994858500
31.505617978,0.921361502,0.994858260
31.529695024,0.921361502,0.994849500
31.532905297,0.921361502,0.994847660
31.537720706,0.921361502,0.994845400
31.540930979,0.921361502,0.994844900
31.548956661,0.921361502,0.994842800
31.552166934,0.921361502,0.994842100
31.584269663,0.921361502,0.994822860
31.587479936,0.921361502,0.994822140
31.650080257,0.921361502,0.994794900
31.653290530,0.921361502,0.994794100
31.658105939,0.921361502,0.994793600
31.661316212,0.921361502,0.994793240
31.675762440,0.921361502,0.994787200
31.675762440,0.922535211,0.994785000
31.699839486,0.922535211,0.994774400
31.706260032,0.922535211,0.994773300
31.719101124,0.922535211,0.994765500
31.722311396,0.922535211,0.994764570
31.725521669,0.922535211,0.994763300
31.728731942,0.922535211,0.994762840
31.731942215,0.922535211,0.994762240
31.735152488,0.922535211,0.994762000
31.749598716,0.922535211,0.994756600
31.752808989,0.922535211,0.994756100
31.789727127,0.922535211,0.994744400
31.792937400,0.922535211,0.994744060
31.841091493,0.922535211,0.994725050
31.844301766,0.922535211,0.994724800
31.849117175,0.922535211,0.994724000
31.850722311,0.923708920,0.994723900
31.868378812,0.923708920,0.994718400
31.871589085,0.923708920,0.994717540
31.873194222,0.923708920,0.994717400
31.876404494,0.923708920,0.994717300
31.895666132,0.923708920,0.994707800
31.898876404,0.923708920,0.994707170
31.926163724,0.923708920,0.994697600
31.929373997,0.923708920,0.994696600
31.930979133,0.923708920,0.994696400
31.934189406,0.923708920,0.994695600
31.942215088,0.923708920,0.994692500
31.945425361,0.923708920,0.994691900
31.953451043,0.923708920,0.994687560
31.956661316,0.923708920,0.994687300
31.972712681,0.923708920,0.994681060
31.975922953,0.923708920,0.994680600
31.977528090,0.923708920,0.994680000
31.980738363,0.923708920,0.994679750
31.991974318,0.923708920,0.994674900
31.998394864,0.923708920,0.994674300
32.006420546,0.923708920,0.994668900
32.009630819,0.923708920,0.994668800
32.022471910,0.923708920,0.994665400
32.025682183,0.923708920,0.994663700
32.027287319,0.923708920,0.994663240
32.030497592,0.923708920,0.994663000
32.065810594,0.923708920,0.994642260
32.069020867,0.923708920,0.994642140
32.086677368,0.923708920,0.994633900
32.089887640,0.923708920,0.994633800
32.131621188,0.923708920,0.994618540
32.134831461,0.923708920,0.994618500
32.138041734,0.923708920,0.994616800
32.138041734,0.924882629,0.994616300
32.142857143,0.924882629,0.994614900
32.146067416,0.924882629,0.994614540
32.154093098,0.924882629,0.994612100
32.157303371,0.924882629,0.994611500
32.168539326,0.924882629,0.994607270
32.171749599,0.924882629,0.994606700
32.179775281,0.924882629,0.994605100
32.182985554,0.924882629,0.994604770
32.237560193,0.924882629,0.994579200
32.240770465,0.924882629,0.994579100
32.248796148,0.924882629,0.994578000
32.252006421,0.924882629,0.994576930
32.296950241,0.924882629,0.994556400
32.300160514,0.924882629,0.994555600
32.313001605,0.924882629,0.994550900
32.316211878,0.924882629,0.994550300
32.324237560,0.924882629,0.994548400
32.327447833,0.924882629,0.994548000
32.359550562,0.924882629,0.994535900
32.362760835,0.924882629,0.994535700
32.414125201,0.924882629,0.994519400
32.417335474,0.924882629,0.994519200
32.426966292,0.924882629,0.994516300
32.430176565,0.924882629,0.994516100
32.462279294,0.924882629,0.994502070
32.465489567,0.924882629,0.994501600
32.481540931,0.924882629,0.994496050
32.484751204,0.924882629,0.994495800
32.518459069,0.924882629,0.994481440
32.521669342,0.924882629,0.994481300
32.526484751,0.924882629,0.994478200
32.531300161,0.924882629,0.994477750
32.540930979,0.924882629,0.994474950
32.544141252,0.924882629,0.994474500
32.589085072,0.924882629,0.994455750
32.592295345,0.924882629,0.994455500
32.608346709,0.924882629,0.994449500
32.611556982,0.924882629,0.994449140
32.643659711,0.924882629,0.994436500
32.646869984,0.924882629,0.994436400
32.703049759,0.924882629,0.994414100
32.709470305,0.924882629,0.994413730
32.730337079,0.924882629,0.994406200
32.730337079,0.926056338,0.994405870
32.733547352,0.926056338,0.994404100
32.736757624,0.926056338,0.994403960
32.760834671,0.926056338,0.994393200
32.764044944,0.926056338,0.994392450
32.802568218,0.926056338,0.994375600
32.805778491,0.926056338,0.994375470
32.844301766,0.926056338,0.994360600
32.847512039,0.926056338,0.994358360
32.871589085,0.926056338,0.994349400
32.878009631,0.926056338,0.994346700
32.884430177,0.926056338,0.994344100
32.887640449,0.926056338,0.994343760
32.897271268,0.926056338,0.994341140
32.900481541,0.926056338,0.994340800
32.905296950,0.926056338,0.994339760
32.921348315,0.926056338,0.994328900
32.924558587,0.926056338,0.994327600
32.927768860,0.926056338,0.994326650
32.930979133,0.926056338,0.994325700
32.932584270,0.926056338,0.994324860
32.935794543,0.926056338,0.994323850
32.940609952,0.926056338,0.994318900
32.943820225,0.926056338,0.994318660
32.958266453,0.926056338,0.994313000
32.961476726,0.926056338,0.994311800
32.969502408,0.926056338,0.994310000
32.972712681,0.926056338,0.994309540
32.982343499,0.926056338,0.994305430
32.985553772,0.926056338,0.994304000
33.004815409,0.926056338,0.994298700
33.008025682,0.926056338,0.994298600
33.017656501,0.926056338,0.994294000
33.020866774,0.926056338,0.994293400
33.040128411,0.926056338,0.994283140
33.043338684,0.926056338,0.994282250
33.052969502,0.926056338,0.994276100
33.059390048,0.926056338,0.994275400
33.064205457,0.926056338,0.994272500
33.067415730,0.926056338,0.994271640
33.089887640,0.926056338,0.994262750
33.094703050,0.926056338,0.994262500
33.101123596,0.926056338,0.994258900
33.107544141,0.926056338,0.994256560
33.110754414,0.926056338,0.994255360
33.113964687,0.926056338,0.994255240
33.213483146,0.926056338,0.994212000
33.218298555,0.926056338,0.994211400
33.221508828,0.926056338,0.994210000
33.227929374,0.926056338,0.994209770
33.250401284,0.926056338,0.994199300
33.253611557,0.926056338,0.994198900
33.287319422,0.926056338,0.994184900
33.292134831,0.926056338,0.994184200
33.314606742,0.926056338,0.994173100
33.317817014,0.926056338,0.994172750
33.322632424,0.926056338,0.994170300
33.325842697,0.926056338,0.994169830
33.338683788,0.926056338,0.994162000
33.341894061,0.926056338,0.994161800
33.378812199,0.926056338,0.994147660
33.382022472,0.926056338,0.994147400
33.393258427,0.926056338,0.994140300
33.396468700,0.926056338,0.994139300
33.398073836,0.926056338,0.994139200
33.401284109,0.926056338,0.994138500
33.404494382,0.926056338,0.994135860
33.407704655,0.926056338,0.994135740
33.409309791,0.926056338,0.994135400
33.412520064,0.926056338,0.994134500
33.414125201,0.926056338,0.994134370
33.417335474,0.926056338,0.994134100
33.436597111,0.926056338,0.994128800
33.439807384,0.926056338,0.994128700
33.452648475,0.926056338,0.994122560
33.455858748,0.926056338,0.994122100
33.467094703,0.926056338,0.994119500
33.470304976,0.926056338,0.994117000
33.486356340,0.926056338,0.994108100
33.489566613,0.926056338,0.994107840
33.505617978,0.926056338,0.994101800
33.508828250,0.926056338,0.994101000
33.581059390,0.926056338,0.994070230
33.584269663,0.926056338,0.994069700
33.609951846,0.926056338,0.994061050
33.613162119,0.926056338,0.994060100
33.627608347,0.926056338,0.994055750
33.630818620,0.926056338,0.994055300
33.638844302,0.926056338,0.994049100
33.642054575,0.926056338,0.994048500
33.664526485,0.926056338,0.994036560
33.667736758,0.926056338,0.994035960
33.670947030,0.926056338,0.994034100
33.674157303,0.926056338,0.994033400
33.690208668,0.926056338,0.994025200
33.693418941,0.926056338,0.994024600
33.709470305,0.926056338,0.994018900
33.712680578,0.926056338,0.994018100
33.736757624,0.926056338,0.994000730
33.739967897,0.926056338,0.994000300
33.746388443,0.926056338,0.993997000
33.749598716,0.926056338,0.993996260
33.765650080,0.926056338,0.993991200
33.768860353,0.926056338,0.993989470
33.776886035,0.926056338,0.993983300
33.780096308,0.926056338,0.993982500
33.783306581,0.926056338,0.993981900
33.786516854,0.926056338,0.993981540
33.820224719,0.926056338,0.993965700
33.823434992,0.926056338,0.993965570
33.836276083,0.926056338,0.993961200
33.839486356,0.926056338,0.993961000
33.849117175,0.926056338,0.993956000
33.852327448,0.926056338,0.993955700
33.858747994,0.926056338,0.993953500
33.861958266,0.926056338,0.993951300
33.876404494,0.926056338,0.993946140
33.879614767,0.926056338,0.993946000
33.897271268,0.926056338,0.993938900
33.900481541,0.926056338,0.993938300
33.903691814,0.926056338,0.993937970
33.903691814,0.927230047,0.993937730
33.908507223,0.927230047,0.993936500
33.914927769,0.927230047,0.993935900
33.926163724,0.927230047,0.993932300
33.929373997,0.927230047,0.993932000
33.967897271,0.927230047,0.993913600
33.974317817,0.927230047,0.993911600
33.977528090,0.927230047,0.993911150
33.980738363,0.927230047,0.993910700
34.008025682,0.927230047,0.993895950
34.011235955,0.927230047,0.993895700
34.014446228,0.927230047,0.993894640
34.017656501,0.927230047,0.993894500
34.064205457,0.927230047,0.993879200
34.067415730,0.927230047,0.993877800
34.069020867,0.927230047,0.993877500
34.072231140,0.927230047,0.993877000
34.073836276,0.927230047,0.993875800
34.077046549,0.927230047,0.993875300
34.094703050,0.927230047,0.993869540
34.097913323,0.927230047,0.993869300
34.107544141,0.927230047,0.993863340
34.110754414,0.927230047,0.993862870
34.113964687,0.927230047,0.993860360
34.117174960,0.927230047,0.993859230
34.141252006,0.927230047,0.993845640
34.144462279,0.927230047,0.993844870
34.146067416,0.927230047,0.993844500
34.149277689,0.927230047,0.993844300
34.181380417,0.927230047,0.993832230
34.184590690,0.927230047,0.993830600
34.194221509,0.927230047,0.993828100
34.200642055,0.927230047,0.993827640
34.207062600,0.927230047,0.993823400
34.210272873,0.927230047,0.993822930
34.211878010,0.927230047,0.993822800
34.215088283,0.927230047,0.993822000
34.216693419,0.927230047,0.993821200
34.219903692,0.927230047,0.993821100
34.223113965,0.927230047,0.993818000
34.226324238,0.927230047,0.993817870
34.255216693,0.927230047,0.993802900
34.258426966,0.927230047,0.993802550
34.308186196,0.927230047,0.993781500
34.317817014,0.927230047,0.993778770
34.322632424,0.927230047,0.993777400
34.327447833,0.927230047,0.993777300
34.343499197,0.927230047,0.993770540
34.346709470,0.927230047,0.993770400
34.356340289,0.927230047,0.993764000
34.359550562,0.927230047,0.993762100
34.373996790,0.927230047,0.993757000
34.380417335,0.927230047,0.993753400
34.394863563,0.927230047,0.993744200
34.398073836,0.927230047,0.993743700
34.439807384,0.927230047,0.993724300
34.444622793,0.927230047,0.993723100
34.455858748,0.927230047,0.993717300
34.459069021,0.927230047,0.993715800
34.462279294,0.927230047,0.993715100
34.465489567,0.927230047,0.993715000
34.476725522,0.927230047,0.993708600
34.479935795,0.927230047,0.993707100
34.491171750,0.927230047,0.993705100
34.495987159,0.927230047,0.993704860
34.516853933,0.927230047,0.993698360
34.520064205,0.927230047,0.993698200
34.542536116,0.927230047,0.993690700
34.545746388,0.927230047,0.993690600
34.561797753,0.927230047,0.993683460
34.565008026,0.927230047,0.993682740
34.581059390,0.927230047,0.993677560
34.585874799,0.927230047,0.993677440
34.589085072,0.927230047,0.993676600
34.592295345,0.927230047,0.993674400
34.595505618,0.927230047,0.993673300
34.608346709,0.927230047,0.993667400
34.608346709,0.928403756,0.993666230
34.635634029,0.928403756,0.993657050
34.638844302,0.928403756,0.993655440
34.640449438,0.928403756,0.993654130
34.643659711,0.928403756,0.993653540
34.661316212,0.928403756,0.993644000
34.664526485,0.928403756,0.993643400
34.699839486,0.928403756,0.993632900
34.706260032,0.928403756,0.993631660
34.780096308,0.928403756,0.993596200
34.783306581,0.928403756,0.993596100
34.818619583,0.928403756,0.993580000
34.821829856,0.928403756,0.993579600
34.861958266,0.928403756,0.993562000
34.866773676,0.928403756,0.993559960
34.868378812,0.928403756,0.993558600
34.871589085,0.928403756,0.993555600
34.878009631,0.928403756,0.993554230
34.881219904,0.928403756,0.993554100
34.898876404,0.928403756,0.993542430
34.902086677,0.928403756,0.993542300
34.961476726,0.928403756,0.993513700
34.967897271,0.928403756,0.993512700
34.988764045,0.928403756,0.993505000
34.991974318,0.928403756,0.993501600
34.991974318,0.929577465,0.993501100
34.995184591,0.929577465,0.993499400
35.000000000,0.929577465,0.993499040
35.027287319,0.929577465,0.993482400
35.033707865,0.929577465,0.993481400
35.052969502,0.929577465,0.993476100
35.056179775,0.929577465,0.993474900
35.069020867,0.929577465,0.993472000
35.072231140,0.929577465,0.993471400
35.089887640,0.929577465,0.993466560
35.093097913,0.929577465,0.993466440
35.128410915,0.929577465,0.993453150
35.131621188,0.929577465,0.993452900
35.168539326,0.929577465,0.993433100
35.171749599,0.929577465,0.993431750
35.186195827,0.929577465,0.993422570
35.189406100,0.929577465,0.993422200
35.226324238,0.929577465,0.993401800
35.229534510,0.929577465,0.993401700
35.235955056,0.929577465,0.993397700
35.239165329,0.929577465,0.993397360
35.255216693,0.929577465,0.993387800
35.258426966,0.929577465,0.993387600
35.268057785,0.929577465,0.993383200
35.271268058,0.929577465,0.993383000
35.284109149,0.929577465,0.993375600
35.287319422,0.929577465,0.993374760
35.290529695,0.929577465,0.993372300
35.293739968,0.929577465,0.993372200
35.303370787,0.929577465,0.993366540
35.306581059,0.929577465,0.993366400
35.338683788,0.929577465,0.993351640
35.341894061,0.929577465,0.993351400
35.343499197,0.929577465,0.993349400
35.346709470,0.929577465,0.993348900
35.362760835,0.929577465,0.993341600
35.365971108,0.929577465,0.993341400
35.391653291,0.929577465,0.993330660
35.394863563,0.929577465,0.993329940
35.439807384,0.929577465,0.993310200
35.443017657,0.929577465,0.993310100
35.468699839,0.929577465,0.993295700
35.471910112,0.929577465,0.993294240
35.504012841,0.929577465,0.993282700
35.507223114,0.929577465,0.993281960
35.561797753,0.929577465,0.993260560
35.565008026,0.929577465,0.993260100
35.592295345,0.929577465,0.993249540
35.595505618,0.929577465,0.993246560
35.598715891,0.929577465,0.993245200
35.601926164,0.929577465,0.993244100
35.616372392,0.929577465,0.993236500
35.619582665,0.929577465,0.993236240
35.632423756,0.929577465,0.993230600
35.635634029,0.929577465,0.993230460
35.640449438,0.929577465,0.993229600
35.646869984,0.929577465,0.993228900
35.662921348,0.929577465,0.993219200
35.666131621,0.929577465,0.993218960
35.670947030,0.929577465,0.993217050
35.674157303,0.929577465,0.993215300
35.690208668,0.929577465,0.993205670
35.693418941,0.929577465,0.993203400
35.706260032,0.929577465,0.993199170
35.709470305,0.929577465,0.993198450
35.736757624,0.929577465,0.993189750
35.741573034,0.929577465,0.993189630
35.775280899,0.929577465,0.993174600
35.778491172,0.929577465,0.993173400
35.799357945,0.929577465,0.993164360
35.802568218,0.929577465,0.993163100
35.812199037,0.929577465,0.993155000
35.815409310,0.929577465,0.993153800
35.849117175,0.929577465,0.993138250
35.852327448,0.929577465,0.993137700
35.858747994,0.929577465,0.993134860
35.861958266,0.929577465,0.993133900
35.945425361,0.929577465,0.993086400
35.950240770,0.929577465,0.993086340
35.953451043,0.929577465,0.993084300
35.956661316,0.929577465,0.993083950
35.980738363,0.929577465,0.993073940
35.983948636,0.929577465,0.993073800
36.009630819,0.929577465,0.993063870
36.012841091,0.929577465,0.993063600
36.017656501,0.929577465,0.993061960
36.020866774,0.929577465,0.993061700
36.024077047,0.929577465,0.993059400
36.030497592,0.929577465,0.993058200
36.086677368,0.929577465,0.993030850
36.089887640,0.929577465,0.993030500
36.096308186,0.929577465,0.993028600
36.099518459,0.929577465,0.993028340
36.104333868,0.929577465,0.993025660
36.107544141,0.929577465,0.993025540
36.123595506,0.929577465,0.993016500
36.123595506,0.930751174,0.993016100
36.125200642,0.931924883,0.993014930
36.142857143,0.931924883,0.993007060
36.146067416,0.931924883,0.993004740
36.197431782,0.931924883,0.992972100
36.200642055,0.931924883,0.992971840
36.216693419,0.931924883,0.992962060
36.219903692,0.931924883,0.992961940
36.231139647,0.931924883,0.992956400
36.234349920,0.931924883,0.992955700
36.239165329,0.931924883,0.992955270
36.240770465,0.931924883,0.992954900
36.243980738,0.931924883,0.992952760
36.263242376,0.931924883,0.992943100
36.266452648,0.931924883,0.992942450
36.293739968,0.931924883,0.992928450
36.296950241,0.931924883,0.992927000
36.317817014,0.931924883,0.992918670
36.321027287,0.931924883,0.992917540
36.365971108,0.931924883,0.992891800
36.369181380,0.931924883,0.992891550
36.385232745,0.931924883,0.992882400
36.388443018,0.931924883,0.992882130
36.404494382,0.931924883,0.992874740
36.407704655,0.931924883,0.992874400
36.446227929,0.931924883,0.992858500
36.449438202,0.931924883,0.992858050
36.495987159,0.931924883,0.992829140
36.499197432,0.931924883,0.992828670
36.500802568,0.931924883,0.992827500
36.504012841,0.931924883,0.992826000
36.508828250,0.931924883,0.992823700
36.512038523,0.931924883,0.992823360
36.553772071,0.931924883,0.992804700
36.556982343,0.931924883,0.992803900
36.584269663,0.931924883,0.992783670
36.587479936,0.931924883,0.992783400
36.598715891,0.931924883,0.992778600
36.605136437,0.931924883,0.992778000
36.606741573,0.931924883,0.992776900
36.609951846,0.931924883,0.992776400
36.635634029,0.931924883,0.992760900
36.638844302,0.931924883,0.992757260
36.640449438,0.931924883,0.992756300
36.643659711,0.931924883,0.992754300
36.662921348,0.931924883,0.992747960
36.669341894,0.931924883,0.992747370
36.680577849,0.931924883,0.992744300
36.683788122,0.931924883,0.992742900
36.719101124,0.931924883,0.992728900
36.722311396,0.933098592,0.992728500
36.730337079,0.933098592,0.992721860
36.733547352,0.933098592,0.992720900
36.770465490,0.933098592,0.992698850
36.773675762,0.933098592,0.992698700
36.781701445,0.933098592,0.992692700
36.788121990,0.933098592,0.992690150
36.818619583,0.933098592,0.992672600
36.818619583,0.934272300,0.992672300
36.861958266,0.934272300,0.992652240
36.865168539,0.934272300,0.992651760
36.868378812,0.934272300,0.992651050
36.871589085,0.934272300,0.992650900
36.890850722,0.934272300,0.992639540
36.894060995,0.934272300,0.992637040
36.927768860,0.934272300,0.992622260
36.930979133,0.934272300,0.992621300
36.935794543,0.934272300,0.992620200
36.939004815,0.934272300,0.992618740
36.966292135,0.934272300,0.992605450
36.969502408,0.934272300,0.992604260
36.990369181,0.934272300,0.992592400
36.993579454,0.934272300,0.992592000
37.020866774,0.934272300,0.992577250
37.024077047,0.934272300,0.992577140
37.025682183,0.934272300,0.992576100
37.032102729,0.934272300,0.992574930
37.052969502,0.934272300,0.992565630
37.056179775,0.934272300,0.992565160
37.060995185,0.934272300,0.992562600
37.064205457,0.934272300,0.992562230
37.109149278,0.934272300,0.992531500
37.112359551,0.934272300,0.992531360
37.117174960,0.934272300,0.992531240
37.134831461,0.934272300,0.992523250
37.138041734,0.934272300,0.992523000
37.237560193,0.934272300,0.992479300
37.240770465,0.934272300,0.992478970
37.250401284,0.934272300,0.992475100
37.253611557,0.934272300,0.992474260
37.255216693,0.934272300,0.992473100
37.258426966,0.934272300,0.992473000
37.287319422,0.934272300,0.992452200
37.290529695,0.934272300,0.992450900
37.300160514,0.934272300,0.992444700
37.303370787,0.934272300,0.992444100
37.324237560,0.934272300,0.992434900
37.327447833,0.934272300,0.992434500
37.343499197,0.934272300,0.992424000
37.346709470,0.934272300,0.992422900
37.364365971,0.934272300,0.992415900
37.367576244,0.934272300,0.992415800
37.380417335,0.934272300,0.992409800
37.383627608,0.934272300,0.992409350
37.402889246,0.934272300,0.992398800
37.406099518,0.934272300,0.992398700
37.410914928,0.934272300,0.992397000
37.417335474,0.934272300,0.992395300
37.441412520,0.934272300,0.992385860
37.444622793,0.934272300,0.992383900
37.447833066,0.934272300,0.992382600
37.451043339,0.934272300,0.992382100
37.492776886,0.934272300,0.992363330
37.495987159,0.934272300,0.992363000
37.512038523,0.934272300,0.992352550
37.515248796,0.934272300,0.992352070
37.524879615,0.934272300,0.992348550
37.528089888,0.934272300,0.992347960
37.556982343,0.934272300,0.992330400
37.560192616,0.934272300,0.992329060
37.574638844,0.934272300,0.992322000
37.577849117,0.934272300,0.992320840
37.582664526,0.934272300,0.992318400
37.582664526,0.935446009,0.992318300
37.585874799,0.935446009,0.992317900
37.589085072,0.935446009,0.992317440
37.606741573,0.935446009,0.992306900
37.609951846,0.935446009,0.992305930
37.626003210,0.935446009,0.992296300
37.629213483,0.935446009,0.992295860
37.632423756,0.935446009,0.992295150
37.635634029,0.935446009,0.992294200
37.656500803,0.935446009,0.992285500
37.659711075,0.935446009,0.992284540
37.685393258,0.935446009,0.992270100
37.688603531,0.935446009,0.992269750
37.728731942,0.935446009,0.992254000
37.731942215,0.935446009,0.992252900
37.767255217,0.935446009,0.992231970
37.770465490,0.935446009,0.992231250
37.786516854,0.935446009,0.992225650
37.789727127,0.935446009,0.992224800
37.815409310,0.935446009,0.992209550
37.818619583,0.935446009,0.992208600
37.836276083,0.935446009,0.992200700
37.839486356,0.935446009,0.992200430
37.855537721,0.935446009,0.992193160
37.858747994,0.935446009,0.992192200
37.898876404,0.935446009,0.992173300
37.902086677,0.935446009,0.992172840
37.932584270,0.935446009,0.992158400
37.935794543,0.935446009,0.992157200
37.951845907,0.935446009,0.992152750
37.958266453,0.935446009,0.992152000
37.963081862,0.935446009,0.992149600
37.966292135,0.935446009,0.992148500
37.987158909,0.935446009,0.992139160
37.991974318,0.935446009,0.992138560
38.016051364,0.935446009,0.992125200
38.019261637,0.935446009,0.992124740
38.027287319,0.935446009,0.992119900
38.030497592,0.935446009,0.992119430
38.049759230,0.935446009,0.992111560
38.052969502,0.935446009,0.992110550
38.062600321,0.935446009,0.992105250
38.065810594,0.935446009,0.992105100
38.078651685,0.935446009,0.992099640
38.081861958,0.935446009,0.992097740
38.094703050,0.935446009,0.992092200
38.097913323,0.935446009,0.992090340
38.134831461,0.935446009,0.992075100
38.138041734,0.935446009,0.992074850
38.142857143,0.935446009,0.992073240
38.146067416,0.935446009,0.992072640
38.191011236,0.935446009,0.992041900
38.194221509,0.935446009,0.992041200
38.213483146,0.935446009,0.992026600
38.216693419,0.935446009,0.992025260
38.237560193,0.935446009,0.992013750
38.240770465,0.935446009,0.992011850
38.245585875,0.935446009,0.992008700
38.252006421,0.935446009,0.992008300
38.263242376,0.935446009,0.992001200
38.266452648,0.935446009,0.992000700
38.268057785,0.935446009,0.991997400
38.271268058,0.935446009,0.991996600
38.272873194,0.935446009,0.991996350
38.276083467,0.935446009,0.991995330
38.390048154,0.935446009,0.991941700
38.393258427,0.935446009,0.991941330
38.399678973,0.935446009,0.991939840
38.402889246,0.935446009,0.991938770
38.447833066,0.935446009,0.991909560
38.451043339,0.935446009,0.991905900
38.471910112,0.935446009,0.991891150
38.475120385,0.935446009,0.991888700
38.512038523,0.935446009,0.991865340
38.515248796,0.935446009,0.991865000
38.520064205,0.935446009,0.991860800
38.523274478,0.935446009,0.991860100
38.617977528,0.935446009,0.991821350
38.619582665,0.936619718,0.991821170
38.626003210,0.936619718,0.991813800
38.635634029,0.936619718,0.991809800
38.651685393,0.936619718,0.991800250
38.658105939,0.936619718,0.991797700
38.698234350,0.936619718,0.991773200
38.701444623,0.936619718,0.991772600
38.707865169,0.936619718,0.991770270
38.707865169,0.937793427,0.991769900
38.719101124,0.937793427,0.991765800
38.722311396,0.937793427,0.991765560
38.730337079,0.937793427,0.991762900
38.736757624,0.937793427,0.991762500
38.747993579,0.937793427,0.991758640
38.751203852,0.937793427,0.991757330
38.781701445,0.937793427,0.991746070
38.784911717,0.937793427,0.991745650
38.796147673,0.937793427,0.991742800
38.799357945,0.937793427,0.991742130
38.810593900,0.937793427,0.991736950
38.813804173,0.937793427,0.991736500
38.845906902,0.937793427,0.991709900
38.845906902,0.938967136,0.991709650
38.966292135,0.938967136,0.991650900
38.969502408,0.938967136,0.991650500
38.971107544,0.938967136,0.991648800
38.977528090,0.938967136,0.991647960
38.998394864,0.938967136,0.991637900
39.001605136,0.938967136,0.991637300
39.056179775,0.938967136,0.991606700
39.059390048,0.938967136,0.991606500
39.088282504,0.938967136,0.991589700
39.091492777,0.938967136,0.991589100
39.101123596,0.938967136,0.991580300
39.104333868,0.938967136,0.991579530
39.105939005,0.938967136,0.991578600
39.109149278,0.938967136,0.991578100
39.146067416,0.938967136,0.991555040
39.149277689,0.938967136,0.991554800
39.176565008,0.938967136,0.991539660
39.179775281,0.938967136,0.991539540
39.181380417,0.938967136,0.991538800
39.184590690,0.938967136,0.991537100
39.218298555,0.938967136,0.991511760
39.221508828,0.938967136,0.991511500
39.269662921,0.938967136,0.991488800
39.272873194,0.938967136,0.991488100
39.284109149,0.938967136,0.991484940
39.287319422,0.938967136,0.991483030
39.309791332,0.938967136,0.991467500
39.313001605,0.938967136,0.991466900
39.316211878,0.938967136,0.991465030
39.321027287,0.938967136,0.991464800
39.332263242,0.938967136,0.991457760
39.337078652,0.938967136,0.991457640
39.359550562,0.938967136,0.991443100
39.362760835,0.938967136,0.991442860
39.386837881,0.938967136,0.991427200
39.390048154,0.938967136,0.991426000
39.410914928,0.938967136,0.991413240
39.414125201,0.938967136,0.991412160
39.423756019,0.938967136,0.991409100
39.430176565,0.938967136,0.991408170
39.444622793,0.938967136,0.991404060
39.447833066,0.938967136,0.991401850
39.495987159,0.938967136,0.991379000
39.499197432,0.938967136,0.991378300
39.500802568,0.938967136,0.991377830
39.504012841,0.938967136,0.991377600
39.521669342,0.938967136,0.991373600
39.526484751,0.938967136,0.991373240
39.529695024,0.938967136,0.991370560
39.532905297,0.938967136,0.991367640
39.560192616,0.938967136,0.991353100
39.563402889,0.938967136,0.991353000
39.574638844,0.938967136,0.991347500
39.577849117,0.938967136,0.991347250
39.592295345,0.938967136,0.991332950
39.595505618,0.938967136,0.991330860
39.646869984,0.938967136,0.991302000
39.650080257,0.938967136,0.991301600
39.666131621,0.938967136,0.991286800
39.672552167,0.938967136,0.991282700
39.677367576,0.938967136,0.991281450
39.682182986,0.938967136,0.991281200
39.683788122,0.938967136,0.991281100
39.686998395,0.938967136,0.991277930
39.688603531,0.938967136,0.991277000
39.691813804,0.938967136,0.991275800
39.696629213,0.938967136,0.991273100
39.703049759,0.938967136,0.991269600
39.722311396,0.938967136,0.991263150
39.725521669,0.938967136,0.991262100
39.765650080,0.938967136,0.991239250
39.768860353,0.938967136,0.991238300
39.823434992,0.938967136,0.991210000
39.826645265,0.938967136,0.991209500
39.900481541,0.938967136,0.991160100
39.903691814,0.938967136,0.991159000
39.945425361,0.938967136,0.991141560
39.948635634,0.938967136,0.991139500
40.004815409,0.938967136,0.991106800
40.008025682,0.938967136,0.991105600
40.033707865,0.938967136,0.991094500
40.036918138,0.938967136,0.991092600
40.049759230,0.938967136,0.991087850
40.052969502,0.938967136,0.991087400
40.088282504,0.938967136,0.991073900
40.091492777,0.938967136,0.991073670
40.101123596,0.938967136,0.991068240
40.104333868,0.938967136,0.991067230
40.117174960,0.938967136,0.991058230
40.123595506,0.938967136,0.991056560
40.139646870,0.938967136,0.991049500
40.142857143,0.938967136,0.991048400
40.162118780,0.938967136,0.991040300
40.165329053,0.938967136,0.991039100
40.171749599,0.938967136,0.991036650
40.178170144,0.938967136,0.991035160
40.202247191,0.938967136,0.991022940
40.205457464,0.938967136,0.991022170
40.211878010,0.938967136,0.991017940
40.218298555,0.938967136,0.991015140
40.231139647,0.938967136,0.991011140
40.231139647,0.940140845,0.991009240
40.260032103,0.940140845,0.990991700
40.263242376,0.940140845,0.990990900
40.264847512,0.940140845,0.990989800
40.268057785,0.940140845,0.990989700
40.276083467,0.940140845,0.990981300
40.279293740,0.940140845,0.990979850
40.332263242,0.940140845,0.990948140
40.335473515,0.940140845,0.990947540
40.359550562,0.940140845,0.990936600
40.362760835,0.940140845,0.990936460
40.372391653,0.940140845,0.990931030
40.375601926,0.940140845,0.990930400
40.412520064,0.940140845,0.990909300
40.415730337,0.940140845,0.990908300
40.462279294,0.940140845,0.990885100
40.465489567,0.940140845,0.990883300
40.468699839,0.940140845,0.990882800
40.468699839,0.941314554,0.990882700
40.481540931,0.941314554,0.990873700
40.484751204,0.941314554,0.990872200
40.495987159,0.941314554,0.990865770
40.499197432,0.941314554,0.990865400
40.555377207,0.941314554,0.990828500
40.558587480,0.941314554,0.990827000
40.565008026,0.941314554,0.990826800
40.613162119,0.941314554,0.990806160
40.616372392,0.941314554,0.990806040
40.626003210,0.941314554,0.990802200
40.629213483,0.941314554,0.990801400
40.637239165,0.941314554,0.990796570
40.640449438,0.941314554,0.990795850
40.646869984,0.941314554,0.990793900
40.650080257,0.941314554,0.990792930
40.680577849,0.941314554,0.990776500
40.683788122,0.941314554,0.990773100
40.715890851,0.941314554,0.990755140
40.719101124,0.941314554,0.990754800
40.720706260,0.941314554,0.990753200
40.720706260,0.942488263,0.990752940
40.741573034,0.942488263,0.990740200
40.744783307,0.942488263,0.990737140
40.752808989,0.942488263,0.990732250
40.756019262,0.942488263,0.990731200
40.767255217,0.942488263,0.990724270
40.772070626,0.942488263,0.990722840
40.807383628,0.942488263,0.990701900
40.810593900,0.942488263,0.990699950
40.850722311,0.942488263,0.990681600
40.853932584,0.942488263,0.990680400
40.887640449,0.942488263,0.990655700
40.890850722,0.942488263,0.990655600
40.921348315,0.942488263,0.990636050
40.924558587,0.942488263,0.990633600
40.942215088,0.942488263,0.990621800
40.945425361,0.942488263,0.990621570
40.985553772,0.942488263,0.990603860
40.988764045,0.942488263,0.990603270
41.033707865,0.942488263,0.990580140
41.036918138,0.942488263,0.990579550
41.054574639,0.942488263,0.990568800
41.054574639,0.943661972,0.990567150
41.062600321,0.943661972,0.990565060
41.065810594,0.943661972,0.990564940
41.088282504,0.943661972,0.990550900
41.091492777,0.943661972,0.990550640
41.136436597,0.943661972,0.990527630
41.138041734,0.944835681,0.990527500
41.176565008,0.944835681,0.990506600
41.179775281,0.944835681,0.990506500
41.203852327,0.944835681,0.990494300
41.208667737,0.944835681,0.990492900
41.226324238,0.944835681,0.990477440
41.229534510,0.944835681,0.990475500
41.256821830,0.944835681,0.990454100
41.260032103,0.944835681,0.990453960
41.284109149,0.944835681,0.990438500
41.284109149,0.946009390,0.990435700
41.295345104,0.946009390,0.990430800
41.298555377,0.946009390,0.990430400
41.340288925,0.946009390,0.990410300
41.343499197,0.946009390,0.990410100
41.353130016,0.946009390,0.990406800
41.357945425,0.946009390,0.990406700
41.367576244,0.946009390,0.990399660
41.370786517,0.946009390,0.990398900
41.390048154,0.946009390,0.990389650
41.393258427,0.946009390,0.990389500
41.414125201,0.946009390,0.990377000
41.417335474,0.946009390,0.990376200
41.438202247,0.946009390,0.990363540
41.441412520,0.946009390,0.990363200
41.579454254,0.946009390,0.990282300
41.582664526,0.946009390,0.990281940
41.619582665,0.946009390,0.990250350
41.622792937,0.946009390,0.990250200
41.653290530,0.946009390,0.990230400
41.656500803,0.946009390,0.990230260
41.711075441,0.946009390,0.990200340
41.714285714,0.946009390,0.990199860
41.751203852,0.946009390,0.990173000
41.754414125,0.946009390,0.990169700
41.765650080,0.946009390,0.990159330
41.768860353,0.946009390,0.990158860
41.847512039,0.946009390,0.990115940
41.850722311,0.946009390,0.990115800
41.869983949,0.946009390,0.990105330
41.873194222,0.946009390,0.990104260
41.895666132,0.946009390,0.990090600
41.898876404,0.946009390,0.990089650
41.905296950,0.946009390,0.990083040
41.908507223,0.946009390,0.990082200
41.930979133,0.946009390,0.990066050
41.934189406,0.946009390,0.990065460
41.987158909,0.946009390,0.990032700
41.990369181,0.946009390,0.990032550
42.056179775,0.946009390,0.989991840
42.059390048,0.946009390,0.989990100
42.083467095,0.946009390,0.989980000
42.086677368,0.946009390,0.989978800
42.102728732,0.946009390,0.989970860
42.105939005,0.946009390,0.989970500
42.112359551,0.946009390,0.989963230
42.115569823,0.946009390,0.989962900
42.133226324,0.946009390,0.989953460
42.136436597,0.946009390,0.989953000
42.163723917,0.946009390,0.989941200
42.166934189,0.946009390,0.989940460
42.218298555,0.946009390,0.989909900
42.221508828,0.946009390,0.989909200
42.239165329,0.946009390,0.989899460
42.242375602,0.946009390,0.989898260
42.282504013,0.946009390,0.989874700
42.285714286,0.946009390,0.989872800
42.287319422,0.946009390,0.989872600
42.290529695,0.946009390,0.989872160
42.414125201,0.946009390,0.989783940
42.417335474,0.946009390,0.989783000
42.438202247,0.946009390,0.989764900
42.438202247,0.947183099,0.989762600
42.452648475,0.947183099,0.989751340
42.455858748,0.947183099,0.989748660
42.465489567,0.947183099,0.989742600
42.468699839,0.947183099,0.989742160
42.531300161,0.947183099,0.989703240
42.534510433,0.947183099,0.989702640
42.545746388,0.947183099,0.989696600
42.548956661,0.947183099,0.989694100
42.593900482,0.947183099,0.989667530
42.597110754,0.947183099,0.989666800
42.656500803,0.947183099,0.989635050
42.659711075,0.947183099,0.989632500
42.682182986,0.947183099,0.989619550
42.685393258,0.947183099,0.989618500
42.731942215,0.947183099,0.989593150
42.735152488,0.947183099,0.989592900
42.752808989,0.947183099,0.989573060
42.756019262,0.947183099,0.989572940
42.813804173,0.947183099,0.989539440
42.817014446,0.947183099,0.989539100
42.841091493,0.947183099,0.989517030
42.841091493,0.948356808,0.989516300
42.842696629,0.948356808,0.989514800
42.845906902,0.948356808,0.989513100
42.910112360,0.948356808,0.989482500
42.913322632,0.948356808,0.989481100
42.930979133,0.948356808,0.989473040
42.934189406,0.948356808,0.989472000
42.945425361,0.948356808,0.989460100
42.948635634,0.948356808,0.989459160
42.950240770,0.948356808,0.989458800
42.953451043,0.948356808,0.989458700
42.959871589,0.948356808,0.989457300
42.964686998,0.948356808,0.989452840
42.979133226,0.948356808,0.989444300
42.982343499,0.948356808,0.989444100
43.000000000,0.948356808,0.989434400
43.003210273,0.948356808,0.989434300
43.019261637,0.948356808,0.989425800
43.022471910,0.948356808,0.989425060
43.030497592,0.948356808,0.989419800
43.035313002,0.948356808,0.989419200
43.085072231,0.948356808,0.989395560
43.088282504,0.948356808,0.989395200
43.102728732,0.948356808,0.989384500
43.107544141,0.948356808,0.989383640
43.149277689,0.948356808,0.989362800
43.152487961,0.948356808,0.989362300
43.195826645,0.948356808,0.989333570
43.199036918,0.948356808,0.989332100
43.301765650,0.948356808,0.989265300
43.304975923,0.948356808,0.989263950
43.340288925,0.948356808,0.989240350
43.343499197,0.948356808,0.989239800
43.357945425,0.948356808,0.989231650
43.361155698,0.948356808,0.989231500
43.451043339,0.948356808,0.989172460
43.454253612,0.948356808,0.989171900
43.499197432,0.948356808,0.989142840
43.502407705,0.948356808,0.989142200
43.526484751,0.948356808,0.989128400
43.529695024,0.948356808,0.989127700
43.534510433,0.948356808,0.989126600
43.537720706,0.948356808,0.989126200
43.592295345,0.948356808,0.989092230
43.595505618,0.948356808,0.989091900
43.606741573,0.948356808,0.989086870
43.613162119,0.948356808,0.989083800
43.617977528,0.948356808,0.989081740
43.621187801,0.948356808,0.989081400
43.622792937,0.948356808,0.989078700
43.626003210,0.948356808,0.989077700
43.629213483,0.948356808,0.989073600
43.632423756,0.948356808,0.989072860
43.683788122,0.948356808,0.989042000
43.686998395,0.948356808,0.989040900
43.760834671,0.948356808,0.988995100
43.764044944,0.948356808,0.988995000
43.767255217,0.948356808,0.988993000
43.770465490,0.948356808,0.988992400
43.797752809,0.948356808,0.988977130
43.800963082,0.948356808,0.988977000
43.817014446,0.948356808,0.988964800
43.823434992,0.948356808,0.988964100
43.831460674,0.948356808,0.988956300
43.834670947,0.948356808,0.988956150
43.853932584,0.948356808,0.988939170
43.857142857,0.948356808,0.988937400
43.876404494,0.948356808,0.988927600
43.879614767,0.948356808,0.988923600
43.919743178,0.948356808,0.988900800
43.922953451,0.948356808,0.988900660
43.974317817,0.948356808,0.988877100
43.977528090,0.948356808,0.988875900
44.004815409,0.948356808,0.988856730
44.008025682,0.948356808,0.988856600
44.020866774,0.948356808,0.988849040
44.024077047,0.948356808,0.988848450
44.048154093,0.948356808,0.988837700
44.051364366,0.948356808,0.988837100
44.115569823,0.948356808,0.988799900
44.118780096,0.948356808,0.988799700
44.136436597,0.948356808,0.988789900
44.139646870,0.948356808,0.988789700
44.144462279,0.948356808,0.988787830
44.147672552,0.948356808,0.988786100
44.187800963,0.948356808,0.988766000
44.191011236,0.948356808,0.988765800
44.195826645,0.948356808,0.988765100
44.199036918,0.948356808,0.988764500
44.234349920,0.948356808,0.988752960
44.237560193,0.948356808,0.988750400
44.354735152,0.948356808,0.988671060
44.357945425,0.948356808,0.988670100
44.365971108,0.948356808,0.988665340
44.369181380,0.948356808,0.988664600
44.383627608,0.948356808,0.988653960
44.383627608,0.949530516,0.988653700
44.463884430,0.949530516,0.988594650
44.467094703,0.949530516,0.988593200
44.471910112,0.949530516,0.988592300
44.475120385,0.949530516,0.988591730
44.491171750,0.949530516,0.988581100
44.494382022,0.949530516,0.988580500
44.495987159,0.949530516,0.988580170
44.499197432,0.949530516,0.988579030
44.512038523,0.949530516,0.988572840
44.515248796,0.949530516,0.988572360
44.540930979,0.949530516,0.988553940
44.544141252,0.949530516,0.988552100
44.545746388,0.949530516,0.988551400
44.545746388,0.950704225,0.988551100
44.547351525,0.950704225,0.988548800
44.550561798,0.950704225,0.988548160
44.555377207,0.950704225,0.988547200
44.558587480,0.950704225,0.988544640
44.571428571,0.950704225,0.988535460
44.574638844,0.950704225,0.988535340
44.581059390,0.950704225,0.988527660
44.584269663,0.950704225,0.988527400
44.654895666,0.950704225,0.988478100
44.658105939,0.950704225,0.988477400
44.661316212,0.950704225,0.988473500
44.664526485,0.950704225,0.988472760
44.693418941,0.950704225,0.988456250
44.696629213,0.950704225,0.988455060
44.712680578,0.950704225,0.988441470
44.715890851,0.950704225,0.988440400
44.723916533,0.950704225,0.988437000
44.727126806,0.950704225,0.988436900
44.752808989,0.950704225,0.988423050
44.756019262,0.950704225,0.988420840
44.759229535,0.950704225,0.988419650
44.762439807,0.950704225,0.988419000
44.772070626,0.950704225,0.988411300
44.775280899,0.950704225,0.988411070
44.783306581,0.950704225,0.988405700
44.786516854,0.950704225,0.988405000
44.789727127,0.950704225,0.988400100
44.792937400,0.950704225,0.988395000
44.797752809,0.950704225,0.988393370
44.800963082,0.950704225,0.988392800
44.810593900,0.950704225,0.988385800
44.813804173,0.950704225,0.988385440
44.837881220,0.950704225,0.988359330
44.844301766,0.950704225,0.988357840
44.855537721,0.950704225,0.988348600
44.858747994,0.950704225,0.988347950
44.935794543,0.950704225,0.988284470
44.939004815,0.950704225,0.988283750
44.988764045,0.950704225,0.988258360
44.991974318,0.950704225,0.988258200
45.016051364,0.950704225,0.988240360
45.019261637,0.950704225,0.988239050
45.036918138,0.950704225,0.988230100
45.040128411,0.950704225,0.988229160
45.054574639,0.950704225,0.988220450
45.057784912,0.950704225,0.988219600
45.062600321,0.950704225,0.988217800
45.069020867,0.950704225,0.988212500
45.096308186,0.950704225,0.988195660
45.099518459,0.950704225,0.988195060
45.231139647,0.950704225,0.988111400
45.234349920,0.950704225,0.988111000
45.240770465,0.950704225,0.988108460
45.243980738,0.950704225,0.988107260
45.282504013,0.950704225,0.988076900
45.287319422,0.950704225,0.988076100
45.359550562,0.950704225,0.988015950
45.362760835,0.950704225,0.988015700
45.386837881,0.950704225,0.987999100
45.391653291,0.950704225,0.987997530
45.414125201,0.950704225,0.987979050
45.417335474,0.950704225,0.987978000
45.436597111,0.950704225,0.987965500
45.439807384,0.950704225,0.987965350
45.476725522,0.950704225,0.987941700
45.479935795,0.950704225,0.987941440
45.489566613,0.950704225,0.987936800
45.492776886,0.950704225,0.987935800
45.504012841,0.950704225,0.987930660
45.508828250,0.950704225,0.987930200
45.579454254,0.950704225,0.987882900
45.582664526,0.950704225,0.987882400
45.589085072,0.950704225,0.987878260
45.592295345,0.950704225,0.987878100
45.611556982,0.950704225,0.987864550
45.614767255,0.950704225,0.987862350
45.642054575,0.950704225,0.987850250
45.645264848,0.950704225,0.987849300
45.650080257,0.950704225,0.987846700
45.656500803,0.950704225,0.987843900
45.675762440,0.950704225,0.987834750
45.678972713,0.950704225,0.987833600
45.685393258,0.950704225,0.987830700
45.688603531,0.950704225,0.987829570
45.751203852,0.950704225,0.987787070
45.754414125,0.950704225,0.987785460
45.757624398,0.950704225,0.987782800
45.760834671,0.950704225,0.987780000
45.775280899,0.950704225,0.987773950
45.778491172,0.950704225,0.987773600
45.808988764,0.950704225,0.987756000
45.812199037,0.950704225,0.987755600
45.871589085,0.950704225,0.987709900
45.874799358,0.950704225,0.987709760
45.889245586,0.950704225,0.987698140
45.892455859,0.950704225,0.987695340
45.903691814,0.950704225,0.987689850
45.906902087,0.950704225,0.987686400
45.935794543,0.950704225,0.987670060
45.942215088,0.950704225,0.987668700
45.961476726,0.950704225,0.987651000
45.964686998,0.950704225,0.987649260
46.012841091,0.950704225,0.987617970
46.016051364,0.950704225,0.987617850
46.035313002,0.950704225,0.987607200
46.038523274,0.950704225,0.987606600
46.041733547,0.950704225,0.987603900
46.048154093,0.950704225,0.987598000
46.078651685,0.950704225,0.987582200
46.081861958,0.950704225,0.987582100
46.086677368,0.950704225,0.987579900
46.089887640,0.950704225,0.987578200
46.104333868,0.950704225,0.987570200
46.107544141,0.950704225,0.987569870
46.117174960,0.950704225,0.987567900
46.120385233,0.950704225,0.987566800
46.121990369,0.950704225,0.987565600
46.125200642,0.950704225,0.987565000
46.179775281,0.950704225,0.987527430
46.182985554,0.950704225,0.987527200
46.243980738,0.950704225,0.987481400
46.247191011,0.950704225,0.987481200
46.329052970,0.950704225,0.987430800
46.332263242,0.950704225,0.987429800
46.338683788,0.950704225,0.987428960
46.341894061,0.950704225,0.987425000
46.364365971,0.950704225,0.987407100
46.367576244,0.950704225,0.987406700
46.422150883,0.950704225,0.987376600
46.425361156,0.950704225,0.987374800
46.430176565,0.950704225,0.987370250
46.433386838,0.950704225,0.987369840
46.494382022,0.950704225,0.987329600
46.497592295,0.950704225,0.987327900
46.524879615,0.950704225,0.987310050
46.528089888,0.950704225,0.987308560
46.573033708,0.950704225,0.987274770
46.582664526,0.950704225,0.987271130
46.595505618,0.950704225,0.987262550
46.598715891,0.950704225,0.987261950
46.653290530,0.950704225,0.987216530
46.656500803,0.950704225,0.987215940
46.730337079,0.950704225,0.987164000
46.733547352,0.950704225,0.987162200
46.747993579,0.950704225,0.987152760
46.751203852,0.950704225,0.987151000
46.767255217,0.950704225,0.987138300
46.770465490,0.950704225,0.987137300
46.791332263,0.950704225,0.987131060
46.794542536,0.950704225,0.987130600
46.800963082,0.950704225,0.987121640
46.804173355,0.950704225,0.987120330
46.834670947,0.950704225,0.987096900
46.837881220,0.950704225,0.987096800
46.921348315,0.950704225,0.987032400
46.924558587,0.950704225,0.987029100
46.930979133,0.950704225,0.987026150
46.934189406,0.950704225,0.987024900
46.947030498,0.950704225,0.987014200
46.953451043,0.950704225,0.987011300
46.959871589,0.950704225,0.987009100
46.963081862,0.950704225,0.987007300
47.085072231,0.950704225,0.986929800
47.088282504,0.950704225,0.986928300
47.144462279,0.950704225,0.986890200
47.150882825,0.950704225,0.986889600
47.171749599,0.950704225,0.986876960
47.174959872,0.950704225,0.986876130
47.253611557,0.950704225,0.986821000
47.256821830,0.950704225,0.986816470
47.295345104,0.950704225,0.986784400
47.298555377,0.950704225,0.986781540
47.308186196,0.950704225,0.986775930
47.311396469,0.950704225,0.986775160
47.353130016,0.950704225,0.986750660
47.356340289,0.950704225,0.986746900
47.438202247,0.950704225,0.986693560
47.441412520,0.950704225,0.986693100
47.462279294,0.950704225,0.986679600
47.465489567,0.950704225,0.986676800
47.487961477,0.950704225,0.986665550
47.491171750,0.950704225,0.986665250
47.507223114,0.950704225,0.986656400
47.510433387,0.950704225,0.986653400
47.531300161,0.950704225,0.986639440
47.534510433,0.950704225,0.986639140
47.653290530,0.950704225,0.986558900
47.656500803,0.950704225,0.986557400
47.677367576,0.950704225,0.986542000
47.680577849,0.950704225,0.986541400
47.701444623,0.950704225,0.986531560
47.704654896,0.950704225,0.986530700
47.730337079,0.950704225,0.986512060
47.733547352,0.950704225,0.986510700
47.768860353,0.950704225,0.986483400
47.773675762,0.950704225,0.986482000
47.792937400,0.950704225,0.986473800
47.796147673,0.950704225,0.986473700
47.869983949,0.950704225,0.986418300
47.873194222,0.950704225,0.986418200
47.879614767,0.950704225,0.986414250
47.882825040,0.950704225,0.986412900
47.894060995,0.950704225,0.986400500
47.897271268,0.950704225,0.986399770
47.903691814,0.950704225,0.986398400
47.906902087,0.950704225,0.986397800
47.935794543,0.950704225,0.986378300
47.939004815,0.950704225,0.986377600
47.950240770,0.950704225,0.986372400
47.953451043,0.950704225,0.986371460
47.961476726,0.950704225,0.986364300
47.964686998,0.950704225,0.986363700
47.971107544,0.950704225,0.986360550
47.977528090,0.950704225,0.986358460
48.028892456,0.950704225,0.986329500
48.032102729,0.950704225,0.986329140
48.038523274,0.950704225,0.986326100
48.041733547,0.950704225,0.986322640
48.049759230,0.950704225,0.986319540
48.052969502,0.950704225,0.986318000
48.130016051,0.950704225,0.986257500
48.133226324,0.950704225,0.986257140
48.165329053,0.950704225,0.986239250
48.168539326,0.950704225,0.986239000
48.322632424,0.950704225,0.986107100
48.325842697,0.950704225,0.986106750
48.372391653,0.950704225,0.986073850
48.375601926,0.950704225,0.986073000
48.380417335,0.950704225,0.986065860
48.383627608,0.950704225,0.986064700
48.505617978,0.950704225,0.985956100
48.508828250,0.950704225,0.985955950
48.513643660,0.950704225,0.985954460
48.516853933,0.950704225,0.985954100
48.531300161,0.950704225,0.985949040
48.534510433,0.950704225,0.985947500
48.556982343,0.950704225,0.985922600
48.560192616,0.950704225,0.985921800
48.630818620,0.950704225,0.985859200
48.634028892,0.950704225,0.985858600
48.656500803,0.950704225,0.985838100
48.659711075,0.950704225,0.985837000
48.670947030,0.950704225,0.985830960
48.674157303,0.950704225,0.985827570
48.733547352,0.950704225,0.985791900
48.736757624,0.950704225,0.985791100
48.775280899,0.950704225,0.985764100
48.778491172,0.950704225,0.985763500
48.810593900,0.950704225,0.985746500
48.813804173,0.950704225,0.985741400
48.850722311,0.950704225,0.985717300
48.853932584,0.950704225,0.985716040
48.948635634,0.950704225,0.985645830
48.951845907,0.950704225,0.985644340
48.980738363,0.950704225,0.985623360
48.983948636,0.950704225,0.985622900
48.988764045,0.950704225,0.985622000
48.991974318,0.950704225,0.985620140
49.032102729,0.950704225,0.985580740
49.035313002,0.950704225,0.985580200
49.101123596,0.950704225,0.985526300
49.104333868,0.950704225,0.985525970
49.126805778,0.950704225,0.985507370
49.130016051,0.950704225,0.985506650
49.155698234,0.950704225,0.985491040
49.158908507,0.950704225,0.985489550
49.197431782,0.950704225,0.985464300
49.200642055,0.950704225,0.985463900
49.311396469,0.950704225,0.985395100
49.314606742,0.950704225,0.985393500
49.457463884,0.950704225,0.985300100
49.460674157,0.950704225,0.985299600
49.467094703,0.950704225,0.985297400
49.473515249,0.950704225,0.985293450
49.495987159,0.950704225,0.985271930
49.499197432,0.950704225,0.985270860
49.508828250,0.950704225,0.985259200
49.512038523,0.950704225,0.985257200
49.523274478,0.950704225,0.985248200
49.526484751,0.950704225,0.985246100
49.539325843,0.950704225,0.985241500
49.542536116,0.950704225,0.985241100
49.666131621,0.950704225,0.985153800
49.669341894,0.950704225,0.985150900
49.678972713,0.950704225,0.985142300
49.682182986,0.950704225,0.985142000
49.712680578,0.950704225,0.985119040
49.715890851,0.950704225,0.985118270
49.735152488,0.950704225,0.985105160
49.738362761,0.950704225,0.985104600
49.749598716,0.950704225,0.985098960
49.752808989,0.950704225,0.985098600
49.796147673,0.950704225,0.985078800
49.799357945,0.950704225,0.985078450
49.815409310,0.950704225,0.985067000
49.818619583,0.950704225,0.985066530
49.895666132,0.950704225,0.985015200
49.898876404,0.950704225,0.985013300
49.948635634,0.950704225,0.984972950
49.951845907,0.950704225,0.984972830
49.953451043,0.950704225,0.984972700
49.956661316,0.950704225,0.984972400
49.964686998,0.950704225,0.984969850
49.969502408,0.950704225,0.984969140
49.985553772,0.950704225,0.984955970
49.988764045,0.950704225,0.984955700
49.990369181,0.950704225,0.984954000
49.993579454,0.950704225,0.984950400
50.008025682,0.950704225,0.984940230
50.011235955,0.950704225,0.984938860
50.036918138,0.950704225,0.984917340
50.040128411,0.950704225,0.984916000
50.072231140,0.950704225,0.984887300
50.075441413,0.950704225,0.984886940
50.089887640,0.950704225,0.984880570
50.094703050,0.950704225,0.984880200
50.121990369,0.950704225,0.984858300
50.125200642,0.950704225,0.984857800
50.128410915,0.950704225,0.984856840
50.131621188,0.950704225,0.984856300
50.194221509,0.950704225,0.984812140
50.197431782,0.950704225,0.984810800
50.227929374,0.950704225,0.984779200
50.231139647,0.950704225,0.984778940
50.279293740,0.950704225,0.984756650
50.282504013,0.950704225,0.984755200
50.293739968,0.950704225,0.984747600
50.296950241,0.950704225,0.984747300
50.365971108,0.950704225,0.984696600
50.369181380,0.950704225,0.984694660
50.398073836,0.950704225,0.984669150
50.401284109,0.950704225,0.984668200
50.430176565,0.950704225,0.984650600
50.433386838,0.950704225,0.984649500
50.455858748,0.950704225,0.984633400
50.455858748,0.951877934,0.984633200
50.459069021,0.951877934,0.984632400
50.470304976,0.951877934,0.984626500
50.473515249,0.951877934,0.984621900
50.508828250,0.951877934,0.984587100
50.512038523,0.951877934,0.984585460
50.592295345,0.951877934,0.984526160
50.595505618,0.951877934,0.984520100
50.606741573,0.951877934,0.984515100
50.609951846,0.951877934,0.984514600
50.656500803,0.951877934,0.984493140
50.659711075,0.951877934,0.984492540
50.675762440,0.951877934,0.984473800
50.682182986,0.951877934,0.984471400
50.686998395,0.951877934,0.984470500
50.688603531,0.953051643,0.984469530
50.691813804,0.953051643,0.984469350
50.719101124,0.953051643,0.984442200
50.722311396,0.953051643,0.984441800
50.892455859,0.953051643,0.984303500
50.895666132,0.953051643,0.984301270
50.897271268,0.953051643,0.984300900
50.900481541,0.953051643,0.984299400
50.959871589,0.953051643,0.984233300
50.963081862,0.953051643,0.984233000
50.991974318,0.953051643,0.984212700
50.995184591,0.953051643,0.984212340
51.057784912,0.953051643,0.984166260
51.060995185,0.953051643,0.984165800
51.110754414,0.953051643,0.984110950
51.113964687,0.953051643,0.984110830
51.118780096,0.953051643,0.984104500
51.121990369,0.953051643,0.984103900
51.163723917,0.953051643,0.984068000
51.166934189,0.953051643,0.984065100
51.184590690,0.953051643,0.984050600
51.191011236,0.953051643,0.984049700
51.223113965,0.953051643,0.984025200
51.226324238,0.953051643,0.984024940
51.271268058,0.953051643,0.983992900
51.274478331,0.953051643,0.983992400
51.313001605,0.953051643,0.983957500
51.316211878,0.953051643,0.983955900
51.410914928,0.953051643,0.983881350
51.414125201,0.953051643,0.983879200
51.439807384,0.953051643,0.983859800
51.443017657,0.953051643,0.983858500
51.505617978,0.953051643,0.983811200
51.508828250,0.953051643,0.983810540
51.548956661,0.953051643,0.983773050
51.552166934,0.953051643,0.983772600
51.597110754,0.953051643,0.983731600
51.600321027,0.953051643,0.983730800
51.667736758,0.953051643,0.983673800
51.670947030,0.953051643,0.983673200
51.680577849,0.953051643,0.983665500
51.683788122,0.953051643,0.983665400
51.691813804,0.953051643,0.983655450
51.695024077,0.953051643,0.983654440
51.704654896,0.953051643,0.983649500
51.707865169,0.953051643,0.983648100
51.711075441,0.953051643,0.983642900
51.711075441,0.954225352,0.983642200
51.715890851,0.954225352,0.983637700
51.719101124,0.954225352,0.983637500
51.730337079,0.954225352,0.983623860
51.733547352,0.954225352,0.983623600
51.754414125,0.954225352,0.983609200
51.757624398,0.954225352,0.983608660
51.889245586,0.954225352,0.983504060
51.892455859,0.954225352,0.983502900
51.894060995,0.954225352,0.983499100
51.897271268,0.954225352,0.983495530
51.903691814,0.954225352,0.983489750
51.906902087,0.954225352,0.983489630
51.913322632,0.954225352,0.983485800
51.916532905,0.954225352,0.983485700
51.929373997,0.954225352,0.983476640
51.932584270,0.954225352,0.983475300
51.943820225,0.954225352,0.983466900
51.947030498,0.954225352,0.983466200
51.948635634,0.954225352,0.983465100
51.951845907,0.954225352,0.983462000
51.956661316,0.954225352,0.983456800
51.959871589,0.954225352,0.983455960
52.008025682,0.954225352,0.983418700
52.011235955,0.954225352,0.983415370
52.033707865,0.954225352,0.983401200
52.036918138,0.954225352,0.983398700
52.136436597,0.954225352,0.983328800
52.139646870,0.954225352,0.983328100
52.142857143,0.954225352,0.983322260
52.146067416,0.954225352,0.983321900
52.171749599,0.954225352,0.983295600
52.174959872,0.954225352,0.983293060
52.176565008,0.954225352,0.983292040
52.179775281,0.954225352,0.983290100
52.184590690,0.954225352,0.983284650
52.187800963,0.954225352,0.983283300
52.200642055,0.954225352,0.983273900
52.203852327,0.954225352,0.983273000
52.235955056,0.954225352,0.983251800
52.239165329,0.954225352,0.983251040
52.247191011,0.954225352,0.983246500
52.250401284,0.954225352,0.983246270
52.264847512,0.954225352,0.983234640
52.268057785,0.954225352,0.983233870
52.309791332,0.954225352,0.983197000
52.313001605,0.954225352,0.983196400
52.321027287,0.954225352,0.983190540
52.324237560,0.954225352,0.983190400
52.338683788,0.954225352,0.983180300
52.341894061,0.954225352,0.983179570
52.345104334,0.954225352,0.983177500
52.348314607,0.954225352,0.983173250
52.369181380,0.954225352,0.983148600
52.372391653,0.954225352,0.983146000
52.377207063,0.954225352,0.983143600
52.382022472,0.954225352,0.983141540
52.465489567,0.954225352,0.983085450
52.468699839,0.954225352,0.983083250
52.475120385,0.954225352,0.983080270
52.478330658,0.954225352,0.983075500
52.512038523,0.954225352,0.983052400
52.518459069,0.954225352,0.983050050
52.568218299,0.954225352,0.983009760
52.571428571,0.954225352,0.983004900
52.585874799,0.954225352,0.982992950
52.592295345,0.954225352,0.982991640
52.634028892,0.954225352,0.982952830
52.637239165,0.954225352,0.982951940
52.739967897,0.954225352,0.982867700
52.749598716,0.954225352,0.982865750
52.752808989,0.954225352,0.982864140
52.756019262,0.954225352,0.982864000
52.852327448,0.954225352,0.982805200
52.855537721,0.954225352,0.982804600
52.879614767,0.954225352,0.982785050
52.882825040,0.954225352,0.982783200
52.943820225,0.954225352,0.982727600
52.947030498,0.954225352,0.982726000
52.969502408,0.954225352,0.982705060
52.972712681,0.954225352,0.982701960
53.035313002,0.954225352,0.982661400
53.038523274,0.954225352,0.982658300
53.044943820,0.954225352,0.982653900
53.048154093,0.954225352,0.982651650
53.057784912,0.954225352,0.982644400
53.060995185,0.954225352,0.982644140
53.078651685,0.954225352,0.982621800
53.081861958,0.954225352,0.982615800
53.091492777,0.954225352,0.982605800
53.094703050,0.954225352,0.982604440
53.099518459,0.954225352,0.982602950
53.102728732,0.954225352,0.982602500
53.136436597,0.954225352,0.982579000
53.141252006,0.954225352,0.982578750
53.152487961,0.954225352,0.982570470
53.158908507,0.954225352,0.982568100
53.181380417,0.954225352,0.982538200
53.184590690,0.954225352,0.982537300
53.319422151,0.954225352,0.982423660
53.325842697,0.954225352,0.982423400
53.349919743,0.954225352,0.982403400
53.353130016,0.954225352,0.982403160
53.370786517,0.954225352,0.982384600
53.373996790,0.954225352,0.982382000
53.436597111,0.954225352,0.982329200
53.439807384,0.954225352,0.982326700
53.508828250,0.954225352,0.982270540
53.512038523,0.954225352,0.982269170
53.560192616,0.954225352,0.982234060
53.563402889,0.954225352,0.982233050
53.566613162,0.954225352,0.982231860
53.569823435,0.954225352,0.982231700
53.590690209,0.954225352,0.982204600
53.593900482,0.954225352,0.982202900
53.626003210,0.954225352,0.982168300
53.629213483,0.954225352,0.982167700
53.646869984,0.954225352,0.982155400
53.653290530,0.954225352,0.982152000
53.707865169,0.954225352,0.982105140
53.711075441,0.954225352,0.982103900
53.728731942,0.954225352,0.982093750
53.731942215,0.954225352,0.982091250
53.735152488,0.954225352,0.982090900
53.738362761,0.954225352,0.982090400
53.746388443,0.954225352,0.982087140
53.749598716,0.954225352,0.982086800
53.759229535,0.954225352,0.982075300
53.762439807,0.954225352,0.982075040
53.808988764,0.954225352,0.982029260
53.812199037,0.954225352,0.982027400
53.826645265,0.954225352,0.982016000
53.829855538,0.954225352,0.982015400
53.839486356,0.954225352,0.982008930
53.842696629,0.954225352,0.982007200
53.865168539,0.954225352,0.981996400
53.868378812,0.954225352,0.981992960
53.874799358,0.954225352,0.981987660
53.878009631,0.954225352,0.981983070
53.939004815,0.954225352,0.981933200
53.942215088,0.954225352,0.981933060
54.040128411,0.954225352,0.981858600
54.043338684,0.954225352,0.981858130
54.083467095,0.954225352,0.981827700
54.086677368,0.954225352,0.981827440
54.091492777,0.954225352,0.981823600
54.094703050,0.954225352,0.981822700
54.125200642,0.954225352,0.981799660
54.128410915,0.954225352,0.981798950
54.184590690,0.954225352,0.981753650
54.187800963,0.954225352,0.981752630
54.227929374,0.954225352,0.981715860
54.231139647,0.954225352,0.981715740
54.288924559,0.954225352,0.981667640
54.292134831,0.954225352,0.981667160
54.322632424,0.954225352,0.981639800
54.325842697,0.954225352,0.981634200
54.385232745,0.954225352,0.981581150
54.391653291,0.954225352,0.981579540
54.420545746,0.954225352,0.981558740
54.423756019,0.954225352,0.981556200
54.446227929,0.954225352,0.981530000
54.449438202,0.954225352,0.981529900
54.499197432,0.954225352,0.981487500
54.502407705,0.954225352,0.981487400
54.507223114,0.954225352,0.981484800
54.510433387,0.954225352,0.981481200
54.560192616,0.954225352,0.981440100
54.565008026,0.954225352,0.981437700
54.568218299,0.954225352,0.981436670
54.637239165,0.954225352,0.981366400
54.640449438,0.954225352,0.981365800
54.720706260,0.954225352,0.981303800
54.723916533,0.954225352,0.981303330
54.743178170,0.954225352,0.981287960
54.746388443,0.954225352,0.981286940
54.768860353,0.954225352,0.981267100
54.772070626,0.954225352,0.981266260
54.847512039,0.954225352,0.981204400
54.850722311,0.954225352,0.981202700
54.866773676,0.954225352,0.981193200
54.869983949,0.954225352,0.981191200
54.881219904,0.954225352,0.981184540
54.887640449,0.954225352,0.981183400
54.916532905,0.954225352,0.981159450
54.919743178,0.954225352,0.981156770
54.971107544,0.954225352,0.981113300
54.974317817,0.954225352,0.981111600
55.011235955,0.954225352,0.981075900
55.014446228,0.954225352,0.981072550
55.028892456,0.954225352,0.981063600
55.035313002,0.954225352,0.981058800
55.109149278,0.954225352,0.980996250
55.112359551,0.954225352,0.980996130
55.232744783,0.954225352,0.980880600
55.239165329,0.954225352,0.980877760
55.248796148,0.954225352,0.980869770
55.252006421,0.954225352,0.980868300
55.266452648,0.954225352,0.980860000
55.269662921,0.954225352,0.980858500
55.338683788,0.954225352,0.980809200
55.341894061,0.954225352,0.980808730
55.343499197,0.954225352,0.980808400
55.346709470,0.954225352,0.980806100
55.353130016,0.954225352,0.980801400
55.356340289,0.954225352,0.980800400
55.373996790,0.954225352,0.980788900
55.377207063,0.954225352,0.980785000
55.420545746,0.954225352,0.980742340
55.423756019,0.954225352,0.980742000
55.504012841,0.954225352,0.980689050
55.508828250,0.954225352,0.980688600
55.585874799,0.954225352,0.980631000
55.589085072,0.954225352,0.980628250
55.590690209,0.954225352,0.980626760
55.593900482,0.954225352,0.980625870
55.686998395,0.954225352,0.980547370
55.690208668,0.954225352,0.980547130
55.704654896,0.954225352,0.980533000
55.707865169,0.954225352,0.980531900
55.727126806,0.954225352,0.980512740
55.730337079,0.954225352,0.980512260
55.751203852,0.954225352,0.980492900
55.754414125,0.954225352,0.980491900
55.805778491,0.954225352,0.980451400
55.808988764,0.954225352,0.980450870
55.845906902,0.954225352,0.980417000
55.849117175,0.954225352,0.980415200
55.853932584,0.954225352,0.980406050
55.857142857,0.954225352,0.980404440
55.860353130,0.954225352,0.980400100
55.863563403,0.954225352,0.980399250
55.871589085,0.954225352,0.980394700
55.874799358,0.954225352,0.980393650
55.898876404,0.954225352,0.980376960
55.902086677,0.954225352,0.980376700
55.905296950,0.954225352,0.980373600
55.908507223,0.954225352,0.980373260
55.930979133,0.954225352,0.980354130
55.934189406,0.954225352,0.980352500
55.943820225,0.954225352,0.980344300
55.943820225,0.955399061,0.980344200
55.969502408,0.955399061,0.980318070
55.972712681,0.955399061,0.980316760
56.024077047,0.955399061,0.980271900
56.027287319,0.955399061,0.980270600
56.168539326,0.955399061,0.980123200
56.171749599,0.955399061,0.980123000
56.205457464,0.955399061,0.980090300
56.210272873,0.955399061,0.980087700
56.215088283,0.955399061,0.980084060
56.218298555,0.955399061,0.980081740
56.248796148,0.955399061,0.980059700
56.252006421,0.955399061,0.980056600
56.260032103,0.955399061,0.980044070
56.260032103,0.956572770,0.980041800
56.375601926,0.956572770,0.979933740
56.378812199,0.956572770,0.979933260
56.390048154,0.956572770,0.979921200
56.394863563,0.956572770,0.979921160
56.399678973,0.956572770,0.979918360
56.402889246,0.956572770,0.979917700
56.438202247,0.956572770,0.979880870
56.441412520,0.956572770,0.979880630
56.507223114,0.956572770,0.979831500
56.510433387,0.956572770,0.979831300
56.568218299,0.956572770,0.979759750
56.571428571,0.956572770,0.979758000
56.581059390,0.956572770,0.979751170
56.587479936,0.956572770,0.979749200
56.595505618,0.956572770,0.979745450
56.598715891,0.956572770,0.979743700
56.637239165,0.956572770,0.979713300
56.640449438,0.956572770,0.979712960
56.667736758,0.956572770,0.979690200
56.670947030,0.956572770,0.979688700
56.693418941,0.956572770,0.979673700
56.696629213,0.956572770,0.979672900
56.709470305,0.956572770,0.979655270
56.712680578,0.956572770,0.979652900
56.738362761,0.956572770,0.979630350
56.738362761,0.957746479,0.979628400
56.776886035,0.957746479,0.979604360
56.780096308,0.957746479,0.979603350
56.796147673,0.957746479,0.979588900
56.799357945,0.957746479,0.979588800
56.805778491,0.957746479,0.979583300
56.808988764,0.957746479,0.979578100
56.829855538,0.957746479,0.979554530
56.829855538,0.958920188,0.979553700
56.911717496,0.958920188,0.979479600
56.914927769,0.958920188,0.979479400
56.916532905,0.958920188,0.979477400
56.919743178,0.958920188,0.979474100
56.951845907,0.958920188,0.979446050
56.958266453,0.958920188,0.979442200
57.016051364,0.958920188,0.979380550
57.020866774,0.958920188,0.979380000
57.032102729,0.958920188,0.979369600
57.035313002,0.958920188,0.979369100
57.115569823,0.958920188,0.979279400
57.118780096,0.958920188,0.979272960
57.319422151,0.958920188,0.979087800
57.322632424,0.958920188,0.979087000
57.357945425,0.958920188,0.979063450
57.361155698,0.958920188,0.979062200
57.362760835,0.958920188,0.979061070
57.365971108,0.958920188,0.979060800
57.460674157,0.958920188,0.978986440
57.463884430,0.958920188,0.978984950
57.577849117,0.958920188,0.978885000
57.581059390,0.958920188,0.978884900
57.632423756,0.958920188,0.978827660
57.635634029,0.958920188,0.978827360
57.703049759,0.958920188,0.978761200
57.707865169,0.958920188,0.978759940
57.733547352,0.958920188,0.978738700
57.736757624,0.958920188,0.978737600
57.784911717,0.958920188,0.978691100
57.788121990,0.958920188,0.978690600
57.818619583,0.958920188,0.978667700
57.818619583,0.960093897,0.978665050
57.898876404,0.960093897,0.978591100
57.902086677,0.960093897,0.978590500
57.922953451,0.960093897,0.978569270
57.926163724,0.960093897,0.978568500
58.004815409,0.960093897,0.978495300
58.008025682,0.960093897,0.978494400
58.036918138,0.960093897,0.978463000
58.040128411,0.960093897,0.978462340
58.093097913,0.960093897,0.978412330
58.096308186,0.960093897,0.978410700
58.105939005,0.960093897,0.978395460
58.109149278,0.960093897,0.978394450
58.141252006,0.960093897,0.978349450
58.141252006,0.961267606,0.978349150
58.226324238,0.961267606,0.978272900
58.232744783,0.961267606,0.978270200
58.256821830,0.961267606,0.978229460
58.260032103,0.961267606,0.978228400
58.274478331,0.961267606,0.978218850
58.277688604,0.961267606,0.978216650
58.337078652,0.961267606,0.978137500
58.340288925,0.961267606,0.978136840
58.345104334,0.961267606,0.978133500
58.348314607,0.961267606,0.978132100
58.404494382,0.961267606,0.978072800
58.407704655,0.961267606,0.978071300
58.412520064,0.961267606,0.978065100
58.415730337,0.961267606,0.978061440
58.430176565,0.961267606,0.978050800
58.433386838,0.961267606,0.978050200
58.473515249,0.961267606,0.978010360
58.476725522,0.961267606,0.978010100
58.481540931,0.961267606,0.978003500
58.484751204,0.961267606,0.978003100
58.495987159,0.961267606,0.977991000
58.499197432,0.961267606,0.977990000
58.505617978,0.961267606,0.977981400
58.508828250,0.961267606,0.977980730
58.565008026,0.961267606,0.977927300
58.568218299,0.961267606,0.977927200
58.617977528,0.961267606,0.977887900
58.621187801,0.961267606,0.977883800
58.654895666,0.961267606,0.977860450
58.658105939,0.961267606,0.977858600
58.733547352,0.961267606,0.977793000
58.733547352,0.962441315,0.977792000
58.738362761,0.962441315,0.977784630
58.741573034,0.962441315,0.977783860
58.743178170,0.962441315,0.977782800
58.746388443,0.962441315,0.977780640
58.770465490,0.962441315,0.977755100
58.773675762,0.962441315,0.977751600
58.792937400,0.962441315,0.977731500
58.796147673,0.962441315,0.977729700
58.841091493,0.962441315,0.977693440
58.844301766,0.962441315,0.977690900
58.860353130,0.962441315,0.977675800
58.863563403,0.962441315,0.977674800
58.865168539,0.962441315,0.977674400
58.868378812,0.962441315,0.977672160
58.882825040,0.962441315,0.977660900
58.886035313,0.962441315,0.977660400
58.910112360,0.962441315,0.977642660
58.913322632,0.962441315,0.977642060
58.937399679,0.962441315,0.977617900
58.942215088,0.962441315,0.977613150
59.016051364,0.962441315,0.977548200
59.019261637,0.962441315,0.977543900
59.020866774,0.962441315,0.977543800
59.024077047,0.962441315,0.977542400
59.032102729,0.962441315,0.977533500
59.035313002,0.962441315,0.977531550
59.091492777,0.962441315,0.977476800
59.094703050,0.962441315,0.977474300
59.117174960,0.962441315,0.977459500
59.120385233,0.962441315,0.977459250
59.126805778,0.962441315,0.977447030
59.130016051,0.962441315,0.977443300
59.205457464,0.962441315,0.977375750
59.210272873,0.962441315,0.977375300
59.219903692,0.962441315,0.977366300
59.223113965,0.962441315,0.977364700
59.235955056,0.962441315,0.977350350
59.239165329,0.962441315,0.977347730
59.255216693,0.962441315,0.977333550
59.258426966,0.962441315,0.977331600
59.279293740,0.962441315,0.977307200
59.282504013,0.962441315,0.977306540
59.285714286,0.962441315,0.977305800
59.288924559,0.962441315,0.977305300
59.313001605,0.962441315,0.977282940
59.316211878,0.962441315,0.977281500
59.319422151,0.962441315,0.977275550
59.322632424,0.962441315,0.977274800
59.425361156,0.962441315,0.977199600
59.428571429,0.962441315,0.977198960
59.508828250,0.962441315,0.977119860
59.512038523,0.962441315,0.977114900
59.635634029,0.962441315,0.977012160
59.638844302,0.962441315,0.977010000
59.659711075,0.962441315,0.976990600
59.662921348,0.962441315,0.976989870
59.707865169,0.962441315,0.976929800
59.711075441,0.962441315,0.976925800
59.719101124,0.962441315,0.976921140
59.722311396,0.962441315,0.976920000
59.736757624,0.962441315,0.976911500
59.739967897,0.962441315,0.976910100
59.813804173,0.962441315,0.976848000
59.817014446,0.962441315,0.976846900
59.820224719,0.962441315,0.976843500
59.823434992,0.962441315,0.976842640
59.834670947,0.962441315,0.976835250
59.837881220,0.962441315,0.976833100
59.935794543,0.962441315,0.976739940
59.939004815,0.962441315,0.976739600
60.020866774,0.962441315,0.976653100
60.024077047,0.962441315,0.976649400
60.056179775,0.962441315,0.976615400
60.059390048,0.962441315,0.976615100
60.141252006,0.962441315,0.976533900
60.146067416,0.962441315,0.976533600
60.162118780,0.962441315,0.976514600
60.165329053,0.962441315,0.976512200
60.178170144,0.962441315,0.976495600
60.181380417,0.962441315,0.976492100
60.184590690,0.962441315,0.976490260
60.187800963,0.962441315,0.976489900
60.203852327,0.962441315,0.976476400
60.207062600,0.962441315,0.976473700
60.210272873,0.962441315,0.976470800
60.213483146,0.962441315,0.976469700
60.215088283,0.962441315,0.976468900
60.218298555,0.962441315,0.976468300
60.229534510,0.962441315,0.976457540
60.232744783,0.962441315,0.976457400
60.268057785,0.962441315,0.976425100
60.271268058,0.962441315,0.976424000
60.288924559,0.962441315,0.976404550
60.292134831,0.962441315,0.976403800
60.367576244,0.962441315,0.976343450
60.370786517,0.962441315,0.976340500
60.380417335,0.962441315,0.976327840
60.383627608,0.962441315,0.976327660
60.410914928,0.962441315,0.976287660
60.414125201,0.962441315,0.976283200
60.415730337,0.962441315,0.976280300
60.418940610,0.962441315,0.976280150
60.425361156,0.962441315,0.976269800
60.428571429,0.962441315,0.976269000
60.447833066,0.962441315,0.976243440
60.452648475,0.962441315,0.976239300
60.537720706,0.962441315,0.976160170
60.540930979,0.962441315,0.976155160
60.544141252,0.962441315,0.976154600
60.547351525,0.962441315,0.976154000
60.563402889,0.962441315,0.976138500
60.566613162,0.962441315,0.976137200
60.576243981,0.962441315,0.976132330
60.579454254,0.962441315,0.976131200
60.581059390,0.962441315,0.976129830
60.584269663,0.962441315,0.976128940
60.624398074,0.962441315,0.976082270
60.627608347,0.962441315,0.976080800
60.632423756,0.962441315,0.976077900
60.635634029,0.962441315,0.976075100
60.646869984,0.962441315,0.976057200
60.650080257,0.962441315,0.976056800
60.688603531,0.962441315,0.976025000
60.691813804,0.962441315,0.976024200
60.696629213,0.962441315,0.976009130
60.699839486,0.962441315,0.976008530
60.719101124,0.962441315,0.975988800
60.722311396,0.962441315,0.975988300
60.725521669,0.962441315,0.975986600
60.725521669,0.963615023,0.975986300
60.728731942,0.963615023,0.975986200
60.730337079,0.963615023,0.975986060
60.733547352,0.963615023,0.975984200
60.768860353,0.963615023,0.975954600
60.773675762,0.963615023,0.975951550
60.808988764,0.963615023,0.975919660
60.812199037,0.963615023,0.975917700
60.833065811,0.963615023,0.975893440
60.836276083,0.963615023,0.975890600
60.847512039,0.963615023,0.975880440
60.850722311,0.963615023,0.975879200
60.857142857,0.963615023,0.975872040
60.860353130,0.963615023,0.975868760
60.861958266,0.963615023,0.975868340
60.865168539,0.963615023,0.975868200
60.895666132,0.963615023,0.975843250
60.898876404,0.963615023,0.975842800
61.067415730,0.963615023,0.975692870
61.070626003,0.963615023,0.975692400
61.101123596,0.963615023,0.975665750
61.104333868,0.963615023,0.975661500
61.120385233,0.963615023,0.975647900
61.123595506,0.963615023,0.975639940
61.176565008,0.963615023,0.975595060
61.179775281,0.963615023,0.975592850
61.191011236,0.963615023,0.975578800
61.194221509,0.963615023,0.975578670
61.285714286,0.963615023,0.975486600
61.288924559,0.963615023,0.975482800
61.317817014,0.963615023,0.975454300
61.321027287,0.963615023,0.975453700
61.390048154,0.963615023,0.975382570
61.393258427,0.963615023,0.975382450
61.422150883,0.963615023,0.975359200
61.425361156,0.963615023,0.975355900
61.471910112,0.963615023,0.975308060
61.475120385,0.963615023,0.975307170
61.508828250,0.963615023,0.975267700
61.512038523,0.963615023,0.975266600
61.536115570,0.963615023,0.975238560
61.539325843,0.963615023,0.975238300
61.581059390,0.963615023,0.975202860
61.584269663,0.963615023,0.975201600
61.592295345,0.963615023,0.975193440
61.595505618,0.963615023,0.975192700
61.598715891,0.963615023,0.975192300
61.601926164,0.963615023,0.975190940
61.688603531,0.963615023,0.975111500
61.691813804,0.963615023,0.975109340
61.704654896,0.963615023,0.975089400
61.707865169,0.963615023,0.975087500
61.731942215,0.963615023,0.975065000
61.735152488,0.963615023,0.975064460
61.760834671,0.963615023,0.975041200
61.764044944,0.963615023,0.975040100
61.821829856,0.963615023,0.974981500
61.825040128,0.963615023,0.974980650
61.942215088,0.963615023,0.974831600
61.945425361,0.963615023,0.974830800
61.958266453,0.963615023,0.974820600
61.961476726,0.963615023,0.974819240
61.979133226,0.963615023,0.974798260
61.982343499,0.963615023,0.974797250
62.036918138,0.963615023,0.974735200
62.040128411,0.963615023,0.974731700
62.064205457,0.963615023,0.974710050
62.067415730,0.963615023,0.974709600
62.083467095,0.963615023,0.974691330
62.089887640,0.963615023,0.974690200
62.123595506,0.963615023,0.974655200
62.126805778,0.963615023,0.974655100
62.142857143,0.963615023,0.974642750
62.146067416,0.963615023,0.974641500
62.300160514,0.963615023,0.974507200
62.303370787,0.963615023,0.974506800
62.354735152,0.963615023,0.974457100
62.357945425,0.963615023,0.974456550
62.423756019,0.963615023,0.974390450
62.426966292,0.963615023,0.974389500
62.475120385,0.963615023,0.974357370
62.478330658,0.963615023,0.974357000
62.481540931,0.963615023,0.974351170
62.484751204,0.963615023,0.974348660
62.537720706,0.963615023,0.974295800
62.540930979,0.963615023,0.974289000
62.556982343,0.963615023,0.974270200
62.560192616,0.963615023,0.974265600
62.635634029,0.963615023,0.974184600
62.638844302,0.963615023,0.974184160
62.704654896,0.963615023,0.974130500
62.707865169,0.963615023,0.974127900
62.735152488,0.963615023,0.974100200
62.738362761,0.963615023,0.974100050
62.770465490,0.963615023,0.974058570
62.773675762,0.963615023,0.974055300
62.818619583,0.963615023,0.974020800
62.821829856,0.963615023,0.974019650
62.836276083,0.963615023,0.974003000
62.839486356,0.963615023,0.973998840
62.876404494,0.963615023,0.973965400
62.882825040,0.963615023,0.973961530
62.929373997,0.963615023,0.973922600
62.932584270,0.963615023,0.973921950
62.939004815,0.963615023,0.973919800
62.942215088,0.963615023,0.973914270
63.017656501,0.963615023,0.973843630
63.020866774,0.963615023,0.973843040
63.038523274,0.963615023,0.973825300
63.041733547,0.963615023,0.973823600
63.073836276,0.963615023,0.973780750
63.077046549,0.963615023,0.973778070
63.150882825,0.963615023,0.973689850
63.154093098,0.963615023,0.973689700
63.158908507,0.963615023,0.973682100
63.162118780,0.963615023,0.973681030
63.255216693,0.963615023,0.973600400
63.258426966,0.963615023,0.973600150
63.317817014,0.963615023,0.973529400
63.321027287,0.963615023,0.973527400
63.343499197,0.963615023,0.973504360
63.346709470,0.963615023,0.973501860
63.348314607,0.963615023,0.973500970
63.351524880,0.963615023,0.973500000
63.367576244,0.963615023,0.973485700
63.370786517,0.963615023,0.973485600
63.382022472,0.963615023,0.973474860
63.385232745,0.963615023,0.973474600
63.406099518,0.963615023,0.973455200
63.409309791,0.963615023,0.973450540
63.446227929,0.963615023,0.973410500
63.449438202,0.963615023,0.973405840
63.486356340,0.963615023,0.973358150
63.489566613,0.963615023,0.973357900
63.555377207,0.963615023,0.973280900
63.558587480,0.963615023,0.973279800
63.576243981,0.963615023,0.973262970
63.579454254,0.963615023,0.973260700
63.670947030,0.963615023,0.973165500
63.674157303,0.963615023,0.973163960
63.698234350,0.963615023,0.973135950
63.704654896,0.963615023,0.973134300
63.711075441,0.963615023,0.973124700
63.714285714,0.963615023,0.973124560
63.744783307,0.963615023,0.973095660
63.747993579,0.963615023,0.973093870
63.767255217,0.963615023,0.973075200
63.770465490,0.963615023,0.973072200
63.791332263,0.963615023,0.973043740
63.794542536,0.963615023,0.973039570
63.810593900,0.963615023,0.973023530
63.813804173,0.963615023,0.973019360
63.906902087,0.963615023,0.972926560
63.910112360,0.963615023,0.972923900
63.951845907,0.963615023,0.972887000
63.955056180,0.963615023,0.972886300
63.979133226,0.963615023,0.972874340
63.979133226,0.964788732,0.972873700
63.983948636,0.964788732,0.972871200
63.987158909,0.964788732,0.972870600
64.065810594,0.964788732,0.972762100
64.069020867,0.964788732,0.972761630
64.078651685,0.964788732,0.972753940
64.081861958,0.964788732,0.972750660
64.091492777,0.964788732,0.972740400
64.097913323,0.964788732,0.972736950
64.176565008,0.964788732,0.972654800
64.176565008,0.965962441,0.972648500
64.239165329,0.965962441,0.972587300
64.242375602,0.965962441,0.972584800
64.269662921,0.965962441,0.972560500
64.272873194,0.965962441,0.972559750
64.324237560,0.965962441,0.972510400
64.327447833,0.965962441,0.972509260
64.330658106,0.965962441,0.972505870
64.333868379,0.965962441,0.972499000
64.354735152,0.965962441,0.972482740
64.357945425,0.965962441,0.972478030
64.359550562,0.965962441,0.972477560
64.362760835,0.965962441,0.972476540
64.412520064,0.965962441,0.972418700
64.415730337,0.965962441,0.972418100
64.500802568,0.965962441,0.972338700
64.504012841,0.965962441,0.972337250
64.515248796,0.965962441,0.972321570
64.518459069,0.965962441,0.972321200
64.537720706,0.965962441,0.972306000
64.540930979,0.965962441,0.972305400
64.613162119,0.965962441,0.972240500
64.616372392,0.965962441,0.972240450
64.617977528,0.965962441,0.972237300
64.621187801,0.965962441,0.972234900
64.629213483,0.965962441,0.972226560
64.632423756,0.965962441,0.972224300
64.651685393,0.965962441,0.972202660
64.654895666,0.965962441,0.972201650
64.659711075,0.965962441,0.972193400
64.662921348,0.965962441,0.972190600
64.703049759,0.965962441,0.972127850
64.706260032,0.965962441,0.972126070
64.709470305,0.965962441,0.972121240
64.712680578,0.965962441,0.972120000
64.794542536,0.965962441,0.972029100
64.797752809,0.965962441,0.972029000
64.813804173,0.965962441,0.972008940
64.817014446,0.965962441,0.972005960
64.825040128,0.965962441,0.971994640
64.828250401,0.965962441,0.971993400
64.842696629,0.965962441,0.971974130
64.845906902,0.965962441,0.971973400
64.849117175,0.965962441,0.971972100
64.852327448,0.965962441,0.971970740
64.855537721,0.965962441,0.971965800
64.858747994,0.965962441,0.971965550
64.866773676,0.965962441,0.971955200
64.869983949,0.965962441,0.971954300
64.882825040,0.965962441,0.971937060
64.886035313,0.965962441,0.971931200
64.898876404,0.965962441,0.971922500
64.903691814,0.965962441,0.971920700
64.905296950,0.965962441,0.971920300
64.908507223,0.965962441,0.971917030
64.961476726,0.965962441,0.971855000
64.967897271,0.965962441,0.971852700
64.975922953,0.965962441,0.971845100
64.979133226,0.965962441,0.971844730
65.012841091,0.965962441,0.971805000
65.016051364,0.965962441,0.971803700
65.136436597,0.965962441,0.971689160
65.139646870,0.965962441,0.971685000
65.170144462,0.965962441,0.971645500
65.173354735,0.965962441,0.971645240
65.218298555,0.965962441,0.971595640
65.223113965,0.965962441,0.971592250
65.279293740,0.965962441,0.971531600
65.282504013,0.965962441,0.971527640
65.298555377,0.965962441,0.971511100
65.301765650,0.965962441,0.971510230
65.325842697,0.965962441,0.971487940
65.325842697,0.967136150,0.971485140
65.332263242,0.967136150,0.971478400
65.332263242,0.968309859,0.971476800
65.349919743,0.968309859,0.971449800
65.353130016,0.968309859,0.971448900
65.396468700,0.968309859,0.971393470
65.402889246,0.968309859,0.971388040
65.409309791,0.968309859,0.971381400
65.412520064,0.968309859,0.971379300
65.422150883,0.968309859,0.971365870
65.425361156,0.968309859,0.971362770
65.544141252,0.968309859,0.971220500
65.547351525,0.968309859,0.971219600
65.548956661,0.968309859,0.971212800
65.552166934,0.968309859,0.971207700
65.563402889,0.968309859,0.971198800
65.566613162,0.968309859,0.971198440
65.587479936,0.968309859,0.971178000
65.590690209,0.968309859,0.971177160
65.613162119,0.968309859,0.971155600
65.616372392,0.968309859,0.971151530
65.747993579,0.968309859,0.970995300
65.751203852,0.968309859,0.970991000
65.890850722,0.968309859,0.970844270
65.895666132,0.968309859,0.970841350
65.908507223,0.968309859,0.970826400
65.911717496,0.968309859,0.970825600
66.070626003,0.968309859,0.970662060
66.073836276,0.968309859,0.970661600
66.096308186,0.968309859,0.970636400
66.099518459,0.968309859,0.970634640
66.351524880,0.968309859,0.970314700
66.354735152,0.968309859,0.970310750
66.455858748,0.968309859,0.970208600
66.459069021,0.968309859,0.970207630
66.484751204,0.968309859,0.970175740
66.487961477,0.968309859,0.970173200
66.529695024,0.968309859,0.970130200
66.534510433,0.968309859,0.970129300
66.662921348,0.968309859,0.969988400
66.666131621,0.968309859,0.969985500
66.691813804,0.968309859,0.969953600
66.695024077,0.968309859,0.969953200
66.712680578,0.968309859,0.969937260
66.715890851,0.968309859,0.969936400
66.772070626,0.968309859,0.969893900
66.775280899,0.968309859,0.969893400
66.852327448,0.968309859,0.969812100
66.855537721,0.968309859,0.969808500
66.861958266,0.968309859,0.969801550
66.865168539,0.968309859,0.969799640
66.898876404,0.968309859,0.969760900
66.902086677,0.968309859,0.969759170
66.935794543,0.968309859,0.969718160
66.939004815,0.968309859,0.969715500
66.969502408,0.968309859,0.969682630
66.972712681,0.968309859,0.969682400
67.024077047,0.968309859,0.969614900
67.027287319,0.968309859,0.969611640
67.044943820,0.968309859,0.969578900
67.048154093,0.968309859,0.969578740
67.174959872,0.968309859,0.969438200
67.178170144,0.968309859,0.969437540
67.232744783,0.968309859,0.969367600
67.235955056,0.968309859,0.969364600
67.290529695,0.968309859,0.969280840
67.290529695,0.969483568,0.969279300
67.324237560,0.969483568,0.969249000
67.327447833,0.969483568,0.969248900
67.332263242,0.969483568,0.969246700
67.335473515,0.969483568,0.969245700
67.357945425,0.969483568,0.969234000
67.361155698,0.969483568,0.969233100
67.365971108,0.969483568,0.969230650
67.369181380,0.969483568,0.969227730
67.436597111,0.969483568,0.969142200
67.439807384,0.969483568,0.969139160
67.447833066,0.969483568,0.969126500
67.451043339,0.969483568,0.969126400
67.470304976,0.969483568,0.969107800
67.473515249,0.969483568,0.969106600
67.483146067,0.969483568,0.969097730
67.486356340,0.969483568,0.969096540
67.529695024,0.969483568,0.969059600
67.532905297,0.969483568,0.969059350
67.605136437,0.969483568,0.968996350
67.608346709,0.969483568,0.968990860
67.609951846,0.969483568,0.968985000
67.613162119,0.969483568,0.968983900
67.642054575,0.969483568,0.968952000
67.645264848,0.969483568,0.968943830
67.669341894,0.969483568,0.968926900
67.672552167,0.969483568,0.968922900
67.767255217,0.969483568,0.968831060
67.770465490,0.969483568,0.968829700
67.781701445,0.969483568,0.968810300
67.784911717,0.969483568,0.968809660
67.786516854,0.969483568,0.968808770
67.789727127,0.969483568,0.968807100
67.818619583,0.969483568,0.968770270
67.821829856,0.969483568,0.968769130
67.831460674,0.969483568,0.968755840
67.834670947,0.969483568,0.968754950
67.910112360,0.969483568,0.968657850
67.913322632,0.969483568,0.968657600
68.072231140,0.969483568,0.968458000
68.075441413,0.969483568,0.968457700
68.115569823,0.969483568,0.968414070
68.118780096,0.969483568,0.968412760
68.287319422,0.969483568,0.968209740
68.290529695,0.969483568,0.968208850
68.341894061,0.969483568,0.968165800
68.345104334,0.969483568,0.968163850
68.365971108,0.969483568,0.968141600
68.369181380,0.969483568,0.968138340
68.420545746,0.969483568,0.968076900
68.423756019,0.969483568,0.968076000
68.526484751,0.969483568,0.967961100
68.529695024,0.969483568,0.967960700
68.603531300,0.969483568,0.967856500
68.606741573,0.969483568,0.967854400
68.617977528,0.969483568,0.967842200
68.621187801,0.969483568,0.967842100
68.799357945,0.969483568,0.967615600
68.802568218,0.969483568,0.967614230
68.812199037,0.969483568,0.967604100
68.815409310,0.969483568,0.967603200
68.837881220,0.969483568,0.967577100
68.841091493,0.969483568,0.967576300
68.855537721,0.969483568,0.967564940
68.858747994,0.969483568,0.967564600
68.878009631,0.969483568,0.967549100
68.881219904,0.969483568,0.967547060
68.934189406,0.969483568,0.967476670
68.937399679,0.969483568,0.967473200
68.971107544,0.969483568,0.967442630
68.974317817,0.969483568,0.967442300
68.975922953,0.969483568,0.967442000
68.979133226,0.969483568,0.967440200
69.064205457,0.969483568,0.967337400
69.067415730,0.969483568,0.967335300
69.109149278,0.969483568,0.967282800
69.112359551,0.969483568,0.967278060
69.120385233,0.969483568,0.967267160
69.123595506,0.969483568,0.967264200
69.256821830,0.969483568,0.967107830
69.260032103,0.969483568,0.967107360
69.280898876,0.969483568,0.967078400
69.284109149,0.969483568,0.967078030
69.293739968,0.969483568,0.967066900
69.296950241,0.969483568,0.967063550
69.420545746,0.969483568,0.966935160
69.423756019,0.969483568,0.966934260
69.508828250,0.969483568,0.966836150
69.512038523,0.969483568,0.966834600
69.526484751,0.969483568,0.966815100
69.529695024,0.969483568,0.966812430
69.587479936,0.969483568,0.966743770
69.590690209,0.969483568,0.966740400
69.603531300,0.969483568,0.966726400
69.606741573,0.969483568,0.966726060
69.677367576,0.969483568,0.966648900
69.680577849,0.969483568,0.966645200
69.703049759,0.969483568,0.966620900
69.706260032,0.969483568,0.966618900
69.711075441,0.969483568,0.966615900
69.720706260,0.969483568,0.966612200
69.849117175,0.969483568,0.966453850
69.852327448,0.969483568,0.966445600
69.873194222,0.969483568,0.966429600
69.876404494,0.969483568,0.966428400
70.004815409,0.969483568,0.966280000
70.011235955,0.969483568,0.966274200
70.044943820,0.969483568,0.966229000
70.051364366,0.969483568,0.966227100
70.086677368,0.969483568,0.966199400
70.089887640,0.969483568,0.966196200
70.155698234,0.969483568,0.966130550
70.158908507,0.969483568,0.966129960
70.173354735,0.969483568,0.966112600
70.176565008,0.969483568,0.966110600
70.181380417,0.969483568,0.966106200
70.184590690,0.969483568,0.966104150
70.229534510,0.969483568,0.966048540
70.232744783,0.969483568,0.966047640
70.242375602,0.969483568,0.966038800
70.245585875,0.969483568,0.966036500
70.282504013,0.969483568,0.965980470
70.285714286,0.969483568,0.965978800
70.308186196,0.969483568,0.965958060
70.311396469,0.969483568,0.965957760
70.321027287,0.969483568,0.965939000
70.324237560,0.969483568,0.965936300
70.401284109,0.969483568,0.965842300
70.404494382,0.969483568,0.965841400
70.414125201,0.969483568,0.965835500
70.417335474,0.969483568,0.965830500
70.520064205,0.969483568,0.965718800
70.526484751,0.969483568,0.965716800
70.565008026,0.969483568,0.965666400
70.568218299,0.969483568,0.965663600
70.576243981,0.969483568,0.965657950
70.579454254,0.969483568,0.965655400
70.624398074,0.969483568,0.965593930
70.627608347,0.969483568,0.965589300
70.675762440,0.969483568,0.965540350
70.678972713,0.969483568,0.965537850
70.682182986,0.969483568,0.965533000
70.685393258,0.969483568,0.965531700
70.691813804,0.969483568,0.965524500
70.695024077,0.969483568,0.965522200
70.715890851,0.969483568,0.965500350
70.719101124,0.969483568,0.965499600
70.760834671,0.969483568,0.965450940
70.764044944,0.969483568,0.965446230
70.855537721,0.969483568,0.965330360
70.858747994,0.969483568,0.965328160
70.914927769,0.969483568,0.965258700
70.918138042,0.969483568,0.965257800
70.991974318,0.969483568,0.965150500
70.995184591,0.969483568,0.965144700
71.022471910,0.969483568,0.965095700
71.025682183,0.969483568,0.965093900
71.141252006,0.969483568,0.964928200
71.144462279,0.969483568,0.964928100
71.165329053,0.969483568,0.964893600
71.168539326,0.969483568,0.964893200
71.174959872,0.969483568,0.964889900
71.174959872,0.970657277,0.964887800
71.197431782,0.970657277,0.964860500
71.200642055,0.970657277,0.964857940
71.277688604,0.970657277,0.964781800
71.280898876,0.970657277,0.964781340
71.356340289,0.970657277,0.964718460
71.359550562,0.970657277,0.964715540
71.439807384,0.970657277,0.964630370
71.443017657,0.970657277,0.964629350
71.563402889,0.970657277,0.964463800
71.566613162,0.970657277,0.964461450
71.568218299,0.970657277,0.964460000
71.571428571,0.970657277,0.964457600
71.638844302,0.970657277,0.964370550
71.642054575,0.970657277,0.964369540
71.669341894,0.970657277,0.964340800
71.672552167,0.970657277,0.964340600
71.703049759,0.970657277,0.964315400
71.706260032,0.970657277,0.964314640
71.821829856,0.970657277,0.964166340
71.825040128,0.970657277,0.964162950
71.860353130,0.970657277,0.964112760
71.863563403,0.970657277,0.964112640
71.955056180,0.970657277,0.963986750
71.958266453,0.970657277,0.963984000
71.990369181,0.970657277,0.963947530
71.993579454,0.970657277,0.963947000
72.003210273,0.970657277,0.963936270
72.006420546,0.970657277,0.963936150
72.043338684,0.970657277,0.963894200
72.046548957,0.970657277,0.963892040
72.064205457,0.970657277,0.963877560
72.067415730,0.970657277,0.963872250
72.104333868,0.970657277,0.963815100
72.107544141,0.970657277,0.963815000
72.173354735,0.970657277,0.963747200
72.176565008,0.970657277,0.963742900
72.192616372,0.970657277,0.963716000
72.195826645,0.970657277,0.963713650
72.207062600,0.970657277,0.963706250
72.210272873,0.970657277,0.963701700
72.227929374,0.970657277,0.963683000
72.227929374,0.971830986,0.963677900
72.292134831,0.971830986,0.963610200
72.295345104,0.971830986,0.963608740
72.364365971,0.971830986,0.963541750
72.367576244,0.971830986,0.963539800
72.414125201,0.971830986,0.963488940
72.417335474,0.971830986,0.963488760
72.507223114,0.971830986,0.963380000
72.507223114,0.973004695,0.963379740
72.537720706,0.973004695,0.963351960
72.540930979,0.973004695,0.963346800
72.617977528,0.973004695,0.963268900
72.621187801,0.973004695,0.963268160
72.634028892,0.973004695,0.963259700
72.637239165,0.973004695,0.963257500
72.653290530,0.973004695,0.963239130
72.656500803,0.973004695,0.963234840
72.675762440,0.973004695,0.963215050
72.678972713,0.973004695,0.963212700
72.686998395,0.973004695,0.963203100
72.690208668,0.973004695,0.963202000
72.722311396,0.973004695,0.963162960
72.725521669,0.973004695,0.963160750
72.749598716,0.973004695,0.963141800
72.752808989,0.973004695,0.963140700
72.975922953,0.973004695,0.962873940
72.979133226,0.973004695,0.962873640
72.985553772,0.973004695,0.962869200
72.988764045,0.973004695,0.962865100
73.028892456,0.973004695,0.962808300
73.032102729,0.973004695,0.962807200
73.065810594,0.973004695,0.962754600
73.069020867,0.973004695,0.962753400
73.139646870,0.973004695,0.962671000
73.142857143,0.973004695,0.962668000
73.194221509,0.973004695,0.962609470
73.197431782,0.973004695,0.962607200
73.235955056,0.973004695,0.962565600
73.239165329,0.973004695,0.962562860
73.272873194,0.973004695,0.962525960
73.276083467,0.973004695,0.962523760
73.357945425,0.973004695,0.962427560
73.361155698,0.973004695,0.962426900
73.369181380,0.973004695,0.962416050
73.372391653,0.973004695,0.962413430
73.426966292,0.973004695,0.962351140
73.430176565,0.973004695,0.962350130
73.508828250,0.973004695,0.962252300
73.512038523,0.973004695,0.962251500
73.518459069,0.973004695,0.962247130
73.521669342,0.973004695,0.962244300
73.528089888,0.973004695,0.962232200
73.531300161,0.973004695,0.962229250
73.605136437,0.973004695,0.962148700
73.608346709,0.973004695,0.962148500
73.613162119,0.973004695,0.962142770
73.616372392,0.973004695,0.962141100
73.621187801,0.973004695,0.962138350
73.624398074,0.973004695,0.962135140
73.686998395,0.973004695,0.962040900
73.686998395,0.974178404,0.962037800
73.714285714,0.974178404,0.962008240
73.717495987,0.974178404,0.962006150
73.733547352,0.974178404,0.961992140
73.736757624,0.974178404,0.961991000
73.800963082,0.974178404,0.961909060
73.804173355,0.974178404,0.961908900
73.841091493,0.974178404,0.961863200
73.844301766,0.974178404,0.961855100
73.852327448,0.974178404,0.961847960
73.855537721,0.974178404,0.961846000
73.950240770,0.974178404,0.961699660
73.953451043,0.974178404,0.961697200
74.088282504,0.974178404,0.961535500
74.094703050,0.974178404,0.961528100
74.123595506,0.974178404,0.961491500
74.126805778,0.974178404,0.961489440
74.150882825,0.974178404,0.961452960
74.154093098,0.974178404,0.961449440
74.186195827,0.974178404,0.961405700
74.189406100,0.974178404,0.961403300
74.195826645,0.974178404,0.961398800
74.199036918,0.974178404,0.961397230
74.258426966,0.974178404,0.961305800
74.261637239,0.974178404,0.961303000
74.316211878,0.974178404,0.961224600
74.319422151,0.974178404,0.961220860
74.377207063,0.974178404,0.961139140
74.380417335,0.974178404,0.961130740
74.462279294,0.974178404,0.961019640
74.467094703,0.974178404,0.961018560
74.523274478,0.974178404,0.960944800
74.526484751,0.974178404,0.960943940
74.560192616,0.974178404,0.960904200
74.563402889,0.974178404,0.960903100
74.686998395,0.974178404,0.960733400
74.690208668,0.974178404,0.960733060
74.743178170,0.974178404,0.960642500
74.746388443,0.974178404,0.960641200
74.776886035,0.974178404,0.960616900
74.780096308,0.974178404,0.960614800
74.902086677,0.974178404,0.960434440
74.905296950,0.974178404,0.960433660
74.916532905,0.974178404,0.960414650
74.919743178,0.974178404,0.960413300
74.922953451,0.974178404,0.960409460
74.926163724,0.974178404,0.960406100
75.155698234,0.974178404,0.960104000
75.158908507,0.974178404,0.960102800
75.215088283,0.974178404,0.960035500
75.218298555,0.974178404,0.960035440
75.555377207,0.974178404,0.959570900
75.558587480,0.974178404,0.959570500
75.565008026,0.974178404,0.959566200
75.568218299,0.974178404,0.959565700
75.656500803,0.974178404,0.959428850
75.659711075,0.974178404,0.959428100
75.723916533,0.974178404,0.959351300
75.727126806,0.974178404,0.959350900
75.760834671,0.974178404,0.959294000
75.764044944,0.974178404,0.959292600
75.768860353,0.974178404,0.959290500
75.772070626,0.974178404,0.959290200
75.829855538,0.974178404,0.959210200
75.833065811,0.974178404,0.959210100
75.841091493,0.974178404,0.959199500
75.844301766,0.974178404,0.959195300
75.879614767,0.974178404,0.959136700
75.882825040,0.974178404,0.959130940
75.884430177,0.974178404,0.959129000
75.887640449,0.974178404,0.959127070
75.971107544,0.974178404,0.959031050
75.974317817,0.974178404,0.959030300
76.051364366,0.974178404,0.958938500
76.054574639,0.974178404,0.958937300
76.150882825,0.974178404,0.958811700
76.154093098,0.974178404,0.958810800
76.157303371,0.974178404,0.958803060
76.160513644,0.974178404,0.958802700
76.224719101,0.974178404,0.958696540
76.227929374,0.974178404,0.958694900
76.280898876,0.974178404,0.958627160
76.284109149,0.974178404,0.958626870
76.306581059,0.974178404,0.958601530
76.309791332,0.974178404,0.958600600
76.324237560,0.974178404,0.958582340
76.327447833,0.974178404,0.958582160
76.345104334,0.974178404,0.958557370
76.351524880,0.974178404,0.958552900
76.483146067,0.974178404,0.958380900
76.486356340,0.974178404,0.958379300
76.590690209,0.974178404,0.958231750
76.593900482,0.974178404,0.958227600
76.608346709,0.974178404,0.958208440
76.611556982,0.974178404,0.958204900
76.746388443,0.974178404,0.958015400
76.749598716,0.974178404,0.958008500
76.800963082,0.974178404,0.957935450
76.804173355,0.974178404,0.957933100
76.879614767,0.974178404,0.957835900
76.882825040,0.974178404,0.957831500
76.947030498,0.974178404,0.957730900
76.950240770,0.974178404,0.957730700
76.961476726,0.974178404,0.957714500
76.964686998,0.974178404,0.957711600
76.975922953,0.974178404,0.957693640
76.979133226,0.974178404,0.957692300
76.991974318,0.974178404,0.957670870
76.998394864,0.974178404,0.957665440
77.292134831,0.974178404,0.957224600
77.295345104,0.974178404,0.957222300
77.325842697,0.974178404,0.957185270
77.332263242,0.974178404,0.957177800
77.404494382,0.974178404,0.957095600
77.407704655,0.974178404,0.957094970
77.414125201,0.974178404,0.957070470
77.417335474,0.974178404,0.957064900
77.463884430,0.974178404,0.957006800
77.467094703,0.974178404,0.957006500
77.539325843,0.974178404,0.956910850
77.542536116,0.974178404,0.956910800
77.587479936,0.974178404,0.956850500
77.590690209,0.974178404,0.956850400
77.712680578,0.974178404,0.956660500
77.715890851,0.974178404,0.956651450
77.730337079,0.974178404,0.956630900
77.733547352,0.974178404,0.956620930
77.746388443,0.974178404,0.956604000
77.749598716,0.974178404,0.956600840
77.751203852,0.974178404,0.956600670
77.754414125,0.974178404,0.956599650
77.780096308,0.974178404,0.956562200
77.783306581,0.974178404,0.956558400
77.836276083,0.974178404,0.956473770
77.839486356,0.974178404,0.956471400
77.876404494,0.974178404,0.956427750
77.879614767,0.974178404,0.956426900
77.898876404,0.974178404,0.956407200
77.902086677,0.974178404,0.956404450
77.979133226,0.974178404,0.956298350
77.982343499,0.974178404,0.956298100
78.006420546,0.974178404,0.956258100
78.009630819,0.974178404,0.956255500
78.024077047,0.974178404,0.956236540
78.027287319,0.974178404,0.956231830
78.030497592,0.974178404,0.956227500
78.033707865,0.974178404,0.956220300
78.069020867,0.974178404,0.956164960
78.072231140,0.974178404,0.956162630
78.120385233,0.974178404,0.956104200
78.123595506,0.974178404,0.956103900
78.174959872,0.974178404,0.956038650
78.178170144,0.974178404,0.956036150
78.189406100,0.974178404,0.956021100
78.192616372,0.974178404,0.956020400
78.194221509,0.974178404,0.956019900
78.197431782,0.974178404,0.956017800
78.229534510,0.974178404,0.955984500
78.234349920,0.974178404,0.955982300
78.377207063,0.974178404,0.955739600
78.380417335,0.974178404,0.955737600
78.454253612,0.974178404,0.955624500
78.454253612,0.975352113,0.955624200
78.626003210,0.975352113,0.955413800
78.626003210,0.976525822,0.955413700
78.675762440,0.976525822,0.955345150
78.678972713,0.976525822,0.955343660
78.691813804,0.976525822,0.955328000
78.695024077,0.976525822,0.955326800
78.939004815,0.976525822,0.954963100
78.942215088,0.976525822,0.954962500
78.951845907,0.976525822,0.954950150
78.955056180,0.976525822,0.954945500
78.967897271,0.976525822,0.954926670
78.971107544,0.976525822,0.954923570
79.072231140,0.976525822,0.954767200
79.075441413,0.976525822,0.954764400
79.168539326,0.976525822,0.954641900
79.171749599,0.976525822,0.954635700
79.189406100,0.976525822,0.954612600
79.192616372,0.976525822,0.954612550
79.391653291,0.976525822,0.954341650
79.394863563,0.976525822,0.954331340
79.582664526,0.976525822,0.954071500
79.585874799,0.976525822,0.954070600
79.626003210,0.976525822,0.954002100
79.629213483,0.976525822,0.954001200
79.637239165,0.976525822,0.953988850
79.640449438,0.976525822,0.953986050
79.783306581,0.976525822,0.953787400
79.786516854,0.976525822,0.953786800
79.821829856,0.976525822,0.953710440
79.825040128,0.976525822,0.953709800
79.834670947,0.976525822,0.953698500
79.837881220,0.976525822,0.953697860
79.887640449,0.976525822,0.953593430
79.890850722,0.976525822,0.953591170
79.927768860,0.976525822,0.953539550
79.930979133,0.976525822,0.953537400
79.990369181,0.976525822,0.953458300
79.993579454,0.976525822,0.953457530
79.998394864,0.976525822,0.953450700
80.001605136,0.976525822,0.953450600
80.004815409,0.976525822,0.953449400
80.008025682,0.976525822,0.953449100
80.149277689,0.976525822,0.953214940
80.152487961,0.976525822,0.953209940
80.165329053,0.976525822,0.953187350
80.168539326,0.976525822,0.953186300
80.242375602,0.976525822,0.953078150
80.245585875,0.976525822,0.953074600
80.277688604,0.976525822,0.953034640
80.280898876,0.976525822,0.953032140
80.292134831,0.976525822,0.953020330
80.295345104,0.976525822,0.953019000
80.410914928,0.976525822,0.952850160
80.414125201,0.976525822,0.952848200
80.487961477,0.976525822,0.952737900
80.491171750,0.976525822,0.952737750
80.600321027,0.976525822,0.952575150
80.603531300,0.976525822,0.952574000
80.656500803,0.976525822,0.952495400
80.659711075,0.976525822,0.952495100
80.725521669,0.976525822,0.952398840
80.728731942,0.976525822,0.952395400
80.754414125,0.976525822,0.952358600
80.757624398,0.976525822,0.952357770
80.783306581,0.976525822,0.952335500
80.786516854,0.976525822,0.952330600
80.873194222,0.976525822,0.952189100
80.876404494,0.976525822,0.952189000
80.927768860,0.976525822,0.952114760
80.930979133,0.976525822,0.952113700
80.993579454,0.976525822,0.952004700
80.996789727,0.976525822,0.952004550
81.094703050,0.976525822,0.951856550
81.097913323,0.976525822,0.951853500
81.110754414,0.976525822,0.951843400
81.113964687,0.976525822,0.951842300
81.322632424,0.976525822,0.951534300
81.325842697,0.976525822,0.951532660
81.327447833,0.976525822,0.951527360
81.330658106,0.976525822,0.951526300
81.447833066,0.976525822,0.951351760
81.451043339,0.976525822,0.951349600
81.504012841,0.976525822,0.951258100
81.507223114,0.976525822,0.951252400
81.510433387,0.976525822,0.951247330
81.513643660,0.976525822,0.951241850
81.590690209,0.976525822,0.951108100
81.593900482,0.976525822,0.951107000
81.621187801,0.976525822,0.951075000
81.624398074,0.976525822,0.951074900
81.634028892,0.976525822,0.951066700
81.637239165,0.976525822,0.951055700
81.650080257,0.976525822,0.951044900
81.653290530,0.976525822,0.951042000
81.712680578,0.976525822,0.950950900
81.715890851,0.976525822,0.950949500
81.728731942,0.976525822,0.950935240
81.731942215,0.976525822,0.950933640
81.825040128,0.976525822,0.950816000
81.828250401,0.976525822,0.950814000
81.961476726,0.976525822,0.950620300
81.964686998,0.976525822,0.950613600
81.982343499,0.976525822,0.950603250
81.985553772,0.976525822,0.950602400
82.038523274,0.976525822,0.950506500
82.041733547,0.976525822,0.950505550
82.051364366,0.976525822,0.950485940
82.054574639,0.976525822,0.950476050
82.070626003,0.976525822,0.950436650
82.073836276,0.976525822,0.950427300
82.085072231,0.976525822,0.950408000
82.088282504,0.976525822,0.950405200
82.242375602,0.976525822,0.950186900
82.245585875,0.976525822,0.950181600
82.306581059,0.976525822,0.950095200
82.309791332,0.976525822,0.950092730
82.552166934,0.976525822,0.949742800
82.555377207,0.976525822,0.949733000
82.635634029,0.976525822,0.949627340
82.638844302,0.976525822,0.949620000
82.696629213,0.976525822,0.949506100
82.699839486,0.976525822,0.949502200
82.792937400,0.976525822,0.949348200
82.799357945,0.976525822,0.949346300
82.813804173,0.976525822,0.949329600
82.817014446,0.976525822,0.949320400
82.844301766,0.976525822,0.949265200
82.847512039,0.976525822,0.949261100
82.853932584,0.976525822,0.949251650
82.857142857,0.976525822,0.949251100
82.865168539,0.976525822,0.949239100
82.868378812,0.976525822,0.949238840
82.932584270,0.976525822,0.949131800
82.935794543,0.976525822,0.949131670
83.078651685,0.976525822,0.948955830
83.085072231,0.976525822,0.948953700
83.398073836,0.976525822,0.948552130
83.401284109,0.976525822,0.948550800
83.438202247,0.976525822,0.948490560
83.441412520,0.976525822,0.948489900
83.489566613,0.976525822,0.948447350
83.489566613,0.977699531,0.948443830
83.521669342,0.977699531,0.948406600
83.524879615,0.977699531,0.948405740
83.728731942,0.977699531,0.948124900
83.731942215,0.977699531,0.948122600
83.751203852,0.977699531,0.948092500
83.754414125,0.977699531,0.948090900
83.874799358,0.977699531,0.947859760
83.878009631,0.977699531,0.947858600
83.930979133,0.977699531,0.947767600
83.934189406,0.977699531,0.947766500
83.935794543,0.977699531,0.947766100
83.939004815,0.977699531,0.947763260
84.000000000,0.977699531,0.947643600
84.003210273,0.977699531,0.947640000
84.038523274,0.977699531,0.947587250
84.041733547,0.977699531,0.947586200
84.115569823,0.977699531,0.947452370
84.118780096,0.977699531,0.947452070
84.191011236,0.977699531,0.947338500
84.194221509,0.977699531,0.947332140
84.207062600,0.977699531,0.947303240
84.210272873,0.977699531,0.947295000
84.237560193,0.977699531,0.947245060
84.240770465,0.977699531,0.947241200
84.357945425,0.977699531,0.947047000
84.361155698,0.977699531,0.947043900
84.589085072,0.977699531,0.946685300
84.592295345,0.977699531,0.946673450
84.632423756,0.977699531,0.946619630
84.635634029,0.977699531,0.946611700
84.645264848,0.977699531,0.946587560
84.648475120,0.977699531,0.946587260
84.674157303,0.977699531,0.946552750
84.677367576,0.977699531,0.946547500
84.686998395,0.977699531,0.946527400
84.690208668,0.977699531,0.946522240
84.865168539,0.977699531,0.946225640
84.868378812,0.977699531,0.946223400
84.956661316,0.977699531,0.946105960
84.959871589,0.977699531,0.946104600
84.966292135,0.977699531,0.946098300
84.969502408,0.977699531,0.946097550
85.019261637,0.977699531,0.946000750
85.022471910,0.977699531,0.945998850
85.070626003,0.977699531,0.945925600
85.073836276,0.977699531,0.945922900
85.107544141,0.977699531,0.945872250
85.110754414,0.977699531,0.945867000
85.258426966,0.977699531,0.945588650
85.261637239,0.977699531,0.945587340
85.454253612,0.977699531,0.945294300
85.457463884,0.977699531,0.945280900
85.463884430,0.977699531,0.945277700
85.467094703,0.977699531,0.945276860
85.471910112,0.977699531,0.945270500
85.475120385,0.977699531,0.945266070
85.476725522,0.977699531,0.945263560
85.479935795,0.977699531,0.945262700
85.484751204,0.977699531,0.945250330
85.487961477,0.977699531,0.945245600
85.584269663,0.977699531,0.945114430
85.587479936,0.977699531,0.945114300
85.634028892,0.977699531,0.945049050
85.637239165,0.977699531,0.945048500
85.656500803,0.977699531,0.945005950
85.659711075,0.977699531,0.945004760
85.733547352,0.977699531,0.944900450
85.736757624,0.977699531,0.944899100
85.895666132,0.977699531,0.944644870
85.898876404,0.977699531,0.944639860
86.110754414,0.977699531,0.944297900
86.113964687,0.977699531,0.944296200
86.155698234,0.977699531,0.944230500
86.158908507,0.977699531,0.944226700
86.194221509,0.977699531,0.944163700
86.197431782,0.977699531,0.944161650
86.434991974,0.977699531,0.943777500
86.438202247,0.977699531,0.943773500
86.508828250,0.977699531,0.943663300
86.512038523,0.977699531,0.943660560
86.544141252,0.977699531,0.943614100
86.547351525,0.977699531,0.943612040
86.560192616,0.977699531,0.943573830
86.563402889,0.977699531,0.943562270
86.587479936,0.977699531,0.943520550
86.590690209,0.977699531,0.943520400
86.642054575,0.977699531,0.943450600
86.645264848,0.977699531,0.943450100
86.747993579,0.977699531,0.943253000
86.751203852,0.977699531,0.943250700
86.860353130,0.977699531,0.943096340
86.863563403,0.977699531,0.943093200
86.993579454,0.977699531,0.942894500
86.996789727,0.977699531,0.942894100
87.083467095,0.977699531,0.942780100
87.086677368,0.977699531,0.942778200
87.203852327,0.977699531,0.942598160
87.207062600,0.977699531,0.942597750
87.231139647,0.977699531,0.942560400
87.234349920,0.977699531,0.942556300
87.269662921,0.977699531,0.942498200
87.272873194,0.977699531,0.942486000
87.300160514,0.977699531,0.942434700
87.303370787,0.977699531,0.942433900
87.380417335,0.977699531,0.942331550
87.383627608,0.977699531,0.942329940
87.388443018,0.977699531,0.942323100
87.391653291,0.977699531,0.942321600
87.407704655,0.977699531,0.942297040
87.410914928,0.977699531,0.942293760
87.494382022,0.977699531,0.942149300
87.494382022,0.978873239,0.942148750
87.534510433,0.978873239,0.942066250
87.537720706,0.978873239,0.942065900
87.624398074,0.978873239,0.941926840
87.627608347,0.978873239,0.941922900
87.635634029,0.978873239,0.941910300
87.638844302,0.978873239,0.941909130
87.656500803,0.978873239,0.941883440
87.659711075,0.978873239,0.941882700
87.791332263,0.978873239,0.941675360
87.794542536,0.978873239,0.941674950
87.818619583,0.978873239,0.941636400
87.821829856,0.978873239,0.941633160
87.905296950,0.978873239,0.941476600
87.908507223,0.978873239,0.941474000
87.940609952,0.978873239,0.941405060
87.943820225,0.978873239,0.941401840
88.311396469,0.978873239,0.940871600
88.314606742,0.978873239,0.940871500
88.354735152,0.978873239,0.940809250
88.357945425,0.978873239,0.940798900
88.409309791,0.978873239,0.940732960
88.412520064,0.978873239,0.940730500
88.526484751,0.978873239,0.940516800
88.529695024,0.978873239,0.940511600
88.560192616,0.978873239,0.940442900
88.566613162,0.978873239,0.940441550
88.593900482,0.978873239,0.940399050
88.597110754,0.978873239,0.940398040
88.906902087,0.978873239,0.939888360
88.910112360,0.978873239,0.939885200
88.950240770,0.978873239,0.939798950
88.953451043,0.978873239,0.939795100
89.011235955,0.978873239,0.939689040
89.014446228,0.978873239,0.939687800
89.139646870,0.978873239,0.939430830
89.142857143,0.978873239,0.939424100
89.529695024,0.978873239,0.938819650
89.536115570,0.978873239,0.938812900
89.576243981,0.978873239,0.938739500
89.579454254,0.978873239,0.938739200
89.584269663,0.978873239,0.938719630
89.587479936,0.978873239,0.938712500
89.614767255,0.978873239,0.938686550
89.617977528,0.978873239,0.938686430
89.624398074,0.978873239,0.938663360
89.627608347,0.978873239,0.938662000
89.680577849,0.978873239,0.938590900
89.683788122,0.978873239,0.938583850
89.746388443,0.978873239,0.938470960
89.749598716,0.978873239,0.938470100
89.881219904,0.978873239,0.938292900
89.884430177,0.978873239,0.938292500
90.028892456,0.978873239,0.938025200
90.032102729,0.978873239,0.938018140
90.197431782,0.978873239,0.937745900
90.200642055,0.978873239,0.937745700
90.412520064,0.978873239,0.937425550
90.415730337,0.978873239,0.937424840
90.611556982,0.978873239,0.937057500
90.614767255,0.978873239,0.937056840
90.616372392,0.978873239,0.937049200
90.619582665,0.978873239,0.937047400
90.646869984,0.978873239,0.936989500
90.650080257,0.978873239,0.936988200
90.658105939,0.978873239,0.936982330
90.664526485,0.978873239,0.936981800
90.675762440,0.978873239,0.936955630
90.678972713,0.978873239,0.936949900
90.807383628,0.978873239,0.936759350
90.810593900,0.978873239,0.936759230
90.874799358,0.978873239,0.936646640
90.881219904,0.978873239,0.936639370
90.882825040,0.978873239,0.936633000
90.886035313,0.978873239,0.936628800
90.995184591,0.978873239,0.936428900
90.998394864,0.978873239,0.936427500
91.118780096,0.978873239,0.936210160
91.121990369,0.978873239,0.936206200
91.208667737,0.978873239,0.936033200
91.211878010,0.978873239,0.936030200
91.272873194,0.978873239,0.935901760
91.276083467,0.978873239,0.935900700
91.369181380,0.978873239,0.935740350
91.372391653,0.978873239,0.935736600
91.396468700,0.978873239,0.935697140
91.399678973,0.978873239,0.935693440
91.515248796,0.978873239,0.935510040
91.518459069,0.978873239,0.935505450
91.547351525,0.978873239,0.935443760
91.550561798,0.978873239,0.935442450
91.600321027,0.978873239,0.935355300
91.603531300,0.978873239,0.935353600
91.739967897,0.978873239,0.935121500
91.739967897,0.980046948,0.935120500
91.897271268,0.980046948,0.934829800
91.900481541,0.980046948,0.934829060
91.911717496,0.980046948,0.934810940
91.914927769,0.980046948,0.934806400
92.105939005,0.980046948,0.934504450
92.109149278,0.980046948,0.934503100
92.226324238,0.980046948,0.934285640
92.229534510,0.980046948,0.934281900
92.319422151,0.980046948,0.934136570
92.322632424,0.980046948,0.934134360
92.415730337,0.980046948,0.934001000
92.418940610,0.980046948,0.933998100
92.504012841,0.980046948,0.933843000
92.507223114,0.980046948,0.933835900
92.555377207,0.980046948,0.933737000
92.558587480,0.980046948,0.933730660
92.600321027,0.980046948,0.933673560
92.603531300,0.980046948,0.933671200
92.617977528,0.980046948,0.933652700
92.621187801,0.980046948,0.933652300
92.749598716,0.980046948,0.933417600
92.752808989,0.980046948,0.933416960
92.760834671,0.980046948,0.933409700
92.764044944,0.980046948,0.933408260
92.780096308,0.980046948,0.933378340
92.783306581,0.980046948,0.933369600
92.829855538,0.980046948,0.933297040
92.834670947,0.980046948,0.933288700
92.900481541,0.980046948,0.933129430
92.903691814,0.980046948,0.933128650
92.964686998,0.980046948,0.933009150
92.967897271,0.980046948,0.933008130
93.089887640,0.980046948,0.932822200
93.093097913,0.980046948,0.932820000
93.138041734,0.980046948,0.932760600
93.141252006,0.980046948,0.932759640
93.179775281,0.980046948,0.932673000
93.182985554,0.980046948,0.932648060
93.235955056,0.980046948,0.932554360
93.242375602,0.980046948,0.932549200
93.279293740,0.980046948,0.932495240
93.282504013,0.980046948,0.932490900
93.348314607,0.980046948,0.932408630
93.351524880,0.980046948,0.932406400
93.556982343,0.980046948,0.932063200
93.560192616,0.980046948,0.932059760
93.772070626,0.980046948,0.931659460
93.775280899,0.980046948,0.931658450
93.829855538,0.980046948,0.931560000
93.833065811,0.980046948,0.931553660
93.943820225,0.980046948,0.931302670
93.947030498,0.980046948,0.931299870
93.950240770,0.980046948,0.931291600
93.953451043,0.980046948,0.931290200
94.009630819,0.980046948,0.931176400
94.012841091,0.980046948,0.931173860
94.043338684,0.980046948,0.931116300
94.046548957,0.980046948,0.931115570
94.168539326,0.980046948,0.930899200
94.171749599,0.980046948,0.930898130
94.213483146,0.980046948,0.930824600
94.216693419,0.980046948,0.930822730
94.219903692,0.980046948,0.930815940
94.223113965,0.980046948,0.930815500
94.235955056,0.980046948,0.930788040
94.239165329,0.980046948,0.930785950
94.268057785,0.980046948,0.930730640
94.272873194,0.980046948,0.930726350
94.382022472,0.980046948,0.930525360
94.388443018,0.980046948,0.930514200
94.502407705,0.980046948,0.930298150
94.505617978,0.980046948,0.930297800
94.555377207,0.980046948,0.930199400
94.558587480,0.980046948,0.930197800
94.662921348,0.980046948,0.930023550
94.669341894,0.980046948,0.930010260
94.764044944,0.980046948,0.929845330
94.768860353,0.980046948,0.929843500
94.778491172,0.980046948,0.929814930
94.781701445,0.980046948,0.929814800
94.919743178,0.980046948,0.929533840
94.922953451,0.980046948,0.929533360
94.953451043,0.980046948,0.929471850
94.956661316,0.980046948,0.929470540
95.025682183,0.980046948,0.929354100
95.028892456,0.980046948,0.929353540
95.051364366,0.980046948,0.929320400
95.054574639,0.980046948,0.929319860
95.101123596,0.980046948,0.929228370
95.104333868,0.980046948,0.929220300
95.308186196,0.980046948,0.928860900
95.311396469,0.980046948,0.928859060
95.354735152,0.980046948,0.928777340
95.357945425,0.980046948,0.928774700
95.370786517,0.980046948,0.928760500
95.373996790,0.980046948,0.928754150
95.407704655,0.980046948,0.928712600
95.410914928,0.980046948,0.928709750
95.553772071,0.980046948,0.928479730
95.556982343,0.980046948,0.928477200
95.577849117,0.980046948,0.928421440
95.581059390,0.980046948,0.928418460
95.714285714,0.980046948,0.928163700
95.717495987,0.980046948,0.928160850
95.871589085,0.980046948,0.927886600
95.874799358,0.980046948,0.927885600
95.955056180,0.980046948,0.927748800
95.958266453,0.980046948,0.927747370
96.162118780,0.980046948,0.927370200
96.165329053,0.980046948,0.927370130
96.205457464,0.980046948,0.927306800
96.208667737,0.980046948,0.927305200
96.290529695,0.980046948,0.927139000
96.293739968,0.980046948,0.927135400
96.410914928,0.980046948,0.926882860
96.414125201,0.980046948,0.926880540
96.471910112,0.980046948,0.926764000
96.475120385,0.980046948,0.926763300
96.487961477,0.980046948,0.926739630
96.491171750,0.980046948,0.926731770
96.585874799,0.980046948,0.926538700
96.589085072,0.980046948,0.926537750
96.605136437,0.980046948,0.926502650
96.608346709,0.980046948,0.926500900
96.744783307,0.980046948,0.926164200
96.747993579,0.980046948,0.926161400
96.906902087,0.980046948,0.925875300
96.910112360,0.980046948,0.925856400
96.919743178,0.980046948,0.925837800
96.922953451,0.980046948,0.925836860
97.040128411,0.980046948,0.925604050
97.043338684,0.980046948,0.925601500
97.044943820,0.980046948,0.925600470
97.048154093,0.980046948,0.925598000
97.260032103,0.980046948,0.925225600
97.266452648,0.980046948,0.925221300
97.439807384,0.980046948,0.924891700
97.443017657,0.980046948,0.924887800
97.516853933,0.980046948,0.924767700
97.521669342,0.980046948,0.924762850
97.738362761,0.980046948,0.924362060
97.744783307,0.980046948,0.924354600
97.890850722,0.980046948,0.924076140
97.894060995,0.980046948,0.924067300
98.064205457,0.980046948,0.923683300
98.067415730,0.980046948,0.923683100
98.101123596,0.980046948,0.923622850
98.104333868,0.980046948,0.923621100
98.240770465,0.980046948,0.923344730
98.243980738,0.980046948,0.923343300
98.301765650,0.980046948,0.923206200
98.304975923,0.980046948,0.923204000
98.322632424,0.980046948,0.923172200
98.325842697,0.980046948,0.923166600
98.364365971,0.980046948,0.923086500
98.367576244,0.980046948,0.923085630
98.508828250,0.980046948,0.922852040
98.512038523,0.980046948,0.922848500
98.592295345,0.980046948,0.922683840
98.595505618,0.980046948,0.922679000
98.773675762,0.980046948,0.922305600
98.776886035,0.980046948,0.922302900
98.852327448,0.980046948,0.922183600
98.855537721,0.980046948,0.922180100
98.908507223,0.980046948,0.922050600
98.911717496,0.980046948,0.922040900
99.025682183,0.980046948,0.921768100
99.028892456,0.980046948,0.921766700
99.131621188,0.980046948,0.921564460
99.134831461,0.980046948,0.921563800
99.213483146,0.980046948,0.921397860
99.216693419,0.980046948,0.921394500
99.258426966,0.980046948,0.921312330
99.261637239,0.980046948,0.921307600
99.418940610,0.980046948,0.920992730
99.422150883,0.980046948,0.920992500
99.436597111,0.980046948,0.920971600
99.443017657,0.980046948,0.920969200
99.473515249,0.980046948,0.920906600
99.476725522,0.980046948,0.920905050
99.508828250,0.980046948,0.920816400
99.512038523,0.980046948,0.920815900
99.524879615,0.980046948,0.920790600
99.528089888,0.980046948,0.920789300
99.556982343,0.980046948,0.920755570
99.560192616,0.980046948,0.920754430
99.622792937,0.980046948,0.920652100
99.626003210,0.980046948,0.920648040
99.709470305,0.980046948,0.920467500
99.712680578,0.980046948,0.920467140
99.720706260,0.980046948,0.920443650
99.723916533,0.980046948,0.920443000
99.788121990,0.980046948,0.920333700
99.791332263,0.980046948,0.920333500
99.922953451,0.980046948,0.920119300
99.926163724,0.980046948,0.920114640
100.033707865,0.980046948,0.919905500
100.036918138,0.980046948,0.919900400
100.040128411,0.980046948,0.919898100
100.043338684,0.980046948,0.919895400
100.077046549,0.980046948,0.919836600
100.080256822,0.980046948,0.919834700
100.109149278,0.980046948,0.919788960
100.112359551,0.980046948,0.919785860
100.284109149,0.980046948,0.919436450
100.287319422,0.980046948,0.919435900
100.288924559,0.980046948,0.919431200
100.292134831,0.980046948,0.919430900
100.433386838,0.980046948,0.919186060
100.436597111,0.980046948,0.919185700
100.516853933,0.980046948,0.919016700
100.520064205,0.980046948,0.919014900
100.638844302,0.980046948,0.918816270
100.642054575,0.980046948,0.918808800
100.659711075,0.980046948,0.918758750
100.662921348,0.980046948,0.918758200
100.794542536,0.980046948,0.918544100
100.797752809,0.980046948,0.918542500
100.812199037,0.980046948,0.918517200
100.815409310,0.980046948,0.918515440
100.942215088,0.980046948,0.918268440
100.948635634,0.980046948,0.918263800
101.046548957,0.980046948,0.918127540
101.049759230,0.980046948,0.918126200
101.184590690,0.980046948,0.917877800
101.187800963,0.980046948,0.917876360
101.357945425,0.980046948,0.917514560
101.361155698,0.980046948,0.917506640
101.858747994,0.980046948,0.916526730
101.861958266,0.980046948,0.916525900
101.918138042,0.980046948,0.916434600
101.922953451,0.980046948,0.916431600
102.075441413,0.980046948,0.916166500
102.078651685,0.980046948,0.916166200
102.478330658,0.980046948,0.915326240
102.481540931,0.980046948,0.915321950
102.510433387,0.980046948,0.915286500
102.513643660,0.980046948,0.915285300
102.568218299,0.980046948,0.915172640
102.571428571,0.980046948,0.915172460
102.609951846,0.980046948,0.915081600
102.613162119,0.980046948,0.915077600
102.807383628,0.980046948,0.914715400
102.810593900,0.980046948,0.914707900
102.890850722,0.980046948,0.914513470
102.894060995,0.980046948,0.914509360
102.906902087,0.980046948,0.914469800
102.910112360,0.980046948,0.914461140
102.918138042,0.980046948,0.914436500
102.921348315,0.980046948,0.914422000
103.109149278,0.980046948,0.914051700
103.112359551,0.980046948,0.914050600
103.154093098,0.980046948,0.913986440
103.157303371,0.980046948,0.913984200
103.181380417,0.980046948,0.913932000
103.184590690,0.980046948,0.913930200
103.243980738,0.980046948,0.913795000
103.247191011,0.980046948,0.913792900
103.349919743,0.980046948,0.913580700
103.353130016,0.980046948,0.913575600
103.479935795,0.980046948,0.913328400
103.483146067,0.980046948,0.913328200
103.526484751,0.980046948,0.913249140
103.529695024,0.980046948,0.913246900
103.555377207,0.980046948,0.913210870
103.558587480,0.980046948,0.913209860
103.582664526,0.980046948,0.913176300
103.585874799,0.980046948,0.913168500
103.666131621,0.980046948,0.912992000
103.669341894,0.980046948,0.912990200
103.736757624,0.980046948,0.912850300
103.739967897,0.980046948,0.912843170
103.837881220,0.980046948,0.912629800
103.841091493,0.980046948,0.912628350
103.881219904,0.980046948,0.912551700
103.884430177,0.980046948,0.912547500
103.892455859,0.980046948,0.912523800
103.895666132,0.980046948,0.912521400
104.102728732,0.980046948,0.912131200
104.105939005,0.980046948,0.912130700
104.123595506,0.980046948,0.912083500
104.126805778,0.980046948,0.912081840
104.189406100,0.980046948,0.911961440
104.192616372,0.980046948,0.911956600
104.313001605,0.980046948,0.911732550
104.316211878,0.980046948,0.911724300
104.385232745,0.980046948,0.911589900
104.388443018,0.980046948,0.911589600
104.473515249,0.980046948,0.911403900
104.476725522,0.980046948,0.911403500
104.656500803,0.980046948,0.911054400
104.659711075,0.980046948,0.911052600
104.739967897,0.980046948,0.910899040
104.743178170,0.980046948,0.910898570
104.764044944,0.980046948,0.910851900
104.767255217,0.980046948,0.910845760
104.991974318,0.980046948,0.910336500
104.995184591,0.980046948,0.910335600
105.046548957,0.980046948,0.910207330
105.049759230,0.980046948,0.910205070
105.099518459,0.980046948,0.910052660
105.102728732,0.980046948,0.910051170
105.155698234,0.980046948,0.909934400
105.158908507,0.980046948,0.909924860
105.516853933,0.980046948,0.909165560
105.520064205,0.980046948,0.909164200
105.558587480,0.980046948,0.909083700
105.561797753,0.980046948,0.909082230
105.886035313,0.980046948,0.908357400
105.889245586,0.980046948,0.908356250
105.927768860,0.980046948,0.908283950
105.930979133,0.980046948,0.908273500
105.961476726,0.980046948,0.908206160
105.964686998,0.980046948,0.908199800
106.109149278,0.980046948,0.907951830
106.112359551,0.980046948,0.907950600
106.144462279,0.980046948,0.907904270
106.147672552,0.980046948,0.907893900
106.182985554,0.980046948,0.907810150
106.186195827,0.980046948,0.907809560
106.300160514,0.980046948,0.907517970
106.303370787,0.980046948,0.907516540
106.316211878,0.980046948,0.907494100
106.321027287,0.980046948,0.907493950
106.430176565,0.980046948,0.907251600
106.433386838,0.980046948,0.907242600
106.483146067,0.980046948,0.907125100
106.486356340,0.980046948,0.907122100
106.529695024,0.980046948,0.907019200
106.532905297,0.980046948,0.907018600
106.659711075,0.980046948,0.906773800
106.662921348,0.980046948,0.906764270
106.709470305,0.980046948,0.906678140
106.712680578,0.980046948,0.906677200
106.752808989,0.980046948,0.906613200
106.757624398,0.980046948,0.906610900
106.760834671,0.980046948,0.906597000
106.767255217,0.980046948,0.906584260
106.770465490,0.980046948,0.906582700
106.823434992,0.980046948,0.906465200
106.826645265,0.980046948,0.906464300
106.914927769,0.980046948,0.906262800
106.918138042,0.980046948,0.906255300
107.134831461,0.980046948,0.905786600
107.138041734,0.980046948,0.905785000
107.243980738,0.980046948,0.905567700
107.247191011,0.980046948,0.905567500
107.428571429,0.980046948,0.905271700
107.431781701,0.980046948,0.905268900
107.467094703,0.980046948,0.905222950
107.470304976,0.980046948,0.905218660
107.531300161,0.980046948,0.905073500
107.536115570,0.980046948,0.905072600
107.609951846,0.980046948,0.904901300
107.613162119,0.980046948,0.904897700
107.675762440,0.980046948,0.904740750
107.678972713,0.980046948,0.904724800
107.717495987,0.980046948,0.904610200
107.720706260,0.980046948,0.904606040
107.810593900,0.980046948,0.904416300
107.813804173,0.980046948,0.904415250
107.825040128,0.980046948,0.904394100
107.828250401,0.980046948,0.904392100
108.048154093,0.980046948,0.903883000
108.051364366,0.980046948,0.903882300
108.130016051,0.980046948,0.903686300
108.133226324,0.980046948,0.903686170
108.149277689,0.980046948,0.903659100
108.152487961,0.980046948,0.903655700
108.210272873,0.980046948,0.903513600
108.213483146,0.980046948,0.903513300
108.465489567,0.980046948,0.902866840
108.468699839,0.980046948,0.902866240
108.597110754,0.980046948,0.902604460
108.600321027,0.980046948,0.902603750
108.667736758,0.980046948,0.902460200
108.672552167,0.980046948,0.902459740
108.693418941,0.980046948,0.902398000
108.696629213,0.980046948,0.902394530
108.703049759,0.980046948,0.902370300
108.706260032,0.980046948,0.902369260
108.768860353,0.980046948,0.902221400
108.772070626,0.980046948,0.902221260
108.831460674,0.980046948,0.902120300
108.834670947,0.980046948,0.902119200
109.081861958,0.980046948,0.901581760
109.085072231,0.980046948,0.901579440
109.086677368,0.980046948,0.901577100
109.089887640,0.980046948,0.901576500
109.123595506,0.980046948,0.901511130
109.126805778,0.980046948,0.901508200
109.229534510,0.980046948,0.901334940
109.232744783,0.980046948,0.901331960
109.260032103,0.980046948,0.901276770
109.263242376,0.980046948,0.901276200
109.327447833,0.980046948,0.901088650
109.327447833,0.981220657,0.901082800
109.617977528,0.981220657,0.900373900
109.621187801,0.981220657,0.900370100
109.735152488,0.981220657,0.900041460
109.738362761,0.981220657,0.900036450
109.813804173,0.981220657,0.899849360
109.817014446,0.981220657,0.899845300
109.886035313,0.981220657,0.899733700
109.889245586,0.981220657,0.899732350
110.059390048,0.981220657,0.899361300
110.062600321,0.981220657,0.899351360
110.223113965,0.981220657,0.898998700
110.226324238,0.981220657,0.898998500
110.242375602,0.981220657,0.898971600
110.245585875,0.981220657,0.898970840
110.404494382,0.981220657,0.898604450
110.407704655,0.981220657,0.898603860
110.804173355,0.981220657,0.897694950
110.807383628,0.981220657,0.897693460
110.841091493,0.981220657,0.897604170
110.844301766,0.981220657,0.897603750
110.873194222,0.981220657,0.897529800
110.874799358,0.982394366,0.897527400
110.929373997,0.982394366,0.897393170
110.932584270,0.982394366,0.897392630
111.545746388,0.982394366,0.896009150
111.548956661,0.982394366,0.896002500
111.818619583,0.982394366,0.895355100
111.821829856,0.982394366,0.895353000
111.955056180,0.982394366,0.895082060
111.958266453,0.982394366,0.895081700
111.969502408,0.982394366,0.895067100
111.972712681,0.982394366,0.895065370
112.057784912,0.982394366,0.894812700
112.060995185,0.982394366,0.894812200
112.105939005,0.982394366,0.894730800
112.109149278,0.982394366,0.894724400
112.208667737,0.982394366,0.894458000
112.211878010,0.982394366,0.894455700
112.226324238,0.982394366,0.894425100
112.229534510,0.982394366,0.894420400
112.266452648,0.982394366,0.894299300
112.269662921,0.982394366,0.894298900
112.404494382,0.982394366,0.893975700
112.407704655,0.982394366,0.893974700
112.481540931,0.982394366,0.893772600
112.484751204,0.982394366,0.893760700
112.630818620,0.982394366,0.893498240
112.634028892,0.982394366,0.893494100
112.638844302,0.982394366,0.893484800
112.642054575,0.982394366,0.893478400
112.768860353,0.982394366,0.893166960
112.772070626,0.982394366,0.893161830
113.149277689,0.982394366,0.892239100
113.152487961,0.982394366,0.892234560
113.157303371,0.982394366,0.892225700
113.157303371,0.983568075,0.892221030
113.174959872,0.983568075,0.892187540
113.178170144,0.983568075,0.892186900
113.235955056,0.983568075,0.892058430
113.239165329,0.983568075,0.892054400
113.438202247,0.983568075,0.891595960
113.441412520,0.983568075,0.891593600
114.008025682,0.983568075,0.890257700
114.011235955,0.983568075,0.890252100
114.016051364,0.983568075,0.890241300
114.019261637,0.983568075,0.890240300
114.136436597,0.983568075,0.889979240
114.139646870,0.983568075,0.889974360
114.184590690,0.983568075,0.889869900
114.187800963,0.983568075,0.889864300
114.245585875,0.983568075,0.889693800
114.248796148,0.983568075,0.889688730
114.266452648,0.983568075,0.889660500
114.269662921,0.983568075,0.889657000
114.434991974,0.983568075,0.889286160
114.438202247,0.983568075,0.889275900
114.560192616,0.983568075,0.889064000
114.563402889,0.983568075,0.889061570
114.621187801,0.983568075,0.888950100
114.624398074,0.983568075,0.888943430
114.746388443,0.983568075,0.888681000
114.749598716,0.983568075,0.888678100
114.831460674,0.983568075,0.888509870
114.834670947,0.983568075,0.888508800
114.991974318,0.983568075,0.888155760
114.995184591,0.983568075,0.888151700
115.149277689,0.983568075,0.887759700
115.152487961,0.983568075,0.887756470
115.223113965,0.983568075,0.887571330
115.226324238,0.983568075,0.887553200
115.321027287,0.983568075,0.887348650
115.324237560,0.983568075,0.887345900
115.351524880,0.983568075,0.887294650
115.354735152,0.983568075,0.887284700
115.365971108,0.983568075,0.887244000
115.369181380,0.983568075,0.887243150
115.542536116,0.983568075,0.886818500
115.545746388,0.983568075,0.886813460
115.585874799,0.983568075,0.886706900
115.589085072,0.983568075,0.886705400
115.595505618,0.983568075,0.886689070
115.598715891,0.983568075,0.886688770
115.698234350,0.983568075,0.886476800
115.701444623,0.983568075,0.886476760
115.939004815,0.983568075,0.885904900
115.942215088,0.983568075,0.885900600
116.027287319,0.983568075,0.885605160
116.030497592,0.983568075,0.885593950
116.033707865,0.983568075,0.885584950
116.040128411,0.983568075,0.885568140
116.166934189,0.983568075,0.885232200
116.176565008,0.983568075,0.885217500
116.211878010,0.983568075,0.885127100
116.215088283,0.983568075,0.885127000
116.224719101,0.983568075,0.885115440
116.227929374,0.983568075,0.885112500
116.351524880,0.983568075,0.884897700
116.354735152,0.983568075,0.884895740
116.513643660,0.983568075,0.884480660
116.516853933,0.983568075,0.884471000
116.544141252,0.983568075,0.884388000
116.547351525,0.983568075,0.884386060
116.600321027,0.983568075,0.884219900
116.603531300,0.983568075,0.884214460
116.711075441,0.983568075,0.883985400
116.714285714,0.983568075,0.883981200
116.757624398,0.983568075,0.883884400
116.760834671,0.983568075,0.883881300
116.781701445,0.983568075,0.883843500
116.784911717,0.983568075,0.883843200
116.812199037,0.983568075,0.883775100
116.815409310,0.983568075,0.883773450
116.845906902,0.983568075,0.883714500
116.849117175,0.983568075,0.883711000
116.852327448,0.983568075,0.883708600
116.855537721,0.983568075,0.883708360
116.895666132,0.983568075,0.883629600
116.898876404,0.983568075,0.883617160
117.060995185,0.983568075,0.883211260
117.064205457,0.983568075,0.883211100
117.091492777,0.983568075,0.883139700
117.094703050,0.983568075,0.883138540
117.250401284,0.983568075,0.882800200
117.253611557,0.983568075,0.882799860
117.314606742,0.983568075,0.882671100
117.317817014,0.983568075,0.882669270
117.407704655,0.983568075,0.882435600
117.410914928,0.983568075,0.882432600
117.451043339,0.983568075,0.882346450
117.454253612,0.983568075,0.882340500
117.463884430,0.983568075,0.882319100
117.467094703,0.983568075,0.882318600
117.642054575,0.983568075,0.881875160
117.645264848,0.983568075,0.881866800
117.987158909,0.983568075,0.880961950
117.990369181,0.983568075,0.880956530
118.269662921,0.983568075,0.880308750
118.272873194,0.983568075,0.880286400
118.563402889,0.983568075,0.879567800
118.566613162,0.983568075,0.879566800
118.573033708,0.983568075,0.879547900
118.576243981,0.983568075,0.879538500
118.924558587,0.983568075,0.878735540
118.927768860,0.983568075,0.878733700
119.038523274,0.983568075,0.878490570
119.041733547,0.983568075,0.878485860
119.059390048,0.983568075,0.878450800
119.062600321,0.983568075,0.878443540
119.261637239,0.983568075,0.878000400
119.264847512,0.983568075,0.877994100
119.507223114,0.983568075,0.877406840
119.510433387,0.983568075,0.877404300
119.646869984,0.983568075,0.876965460
119.650080257,0.983568075,0.876964030
119.709470305,0.983568075,0.876832000
119.712680578,0.983568075,0.876826940
119.756019262,0.983568075,0.876746060
119.759229535,0.983568075,0.876740160
119.788121990,0.983568075,0.876662550
119.791332263,0.983568075,0.876657840
119.974317817,0.983568075,0.876211400
119.977528090,0.983568075,0.876207500
120.022471910,0.983568075,0.876127060
120.025682183,0.983568075,0.876126400
120.221508828,0.983568075,0.875642960
120.224719101,0.983568075,0.875642700
120.309791332,0.983568075,0.875419000
120.313001605,0.983568075,0.875416800
120.357945425,0.983568075,0.875305830
120.361155698,0.983568075,0.875297500
120.792937400,0.983568075,0.874288600
120.796147673,0.983568075,0.874285460
120.881219904,0.983568075,0.874060150
120.884430177,0.983568075,0.874059600
120.955056180,0.983568075,0.873898570
120.958266453,0.983568075,0.873896600
121.202247191,0.983568075,0.873305440
121.205457464,0.983568075,0.873299360
121.237560193,0.983568075,0.873187540
121.240770465,0.983568075,0.873187070
121.296950241,0.983568075,0.873040300
121.300160514,0.983568075,0.873037400
121.317817014,0.983568075,0.872982440
121.321027287,0.983568075,0.872979300
121.462279294,0.983568075,0.872562470
121.465489567,0.983568075,0.872555500
121.487961477,0.983568075,0.872501970
121.491171750,0.983568075,0.872496600
121.642054575,0.983568075,0.872186240
121.645264848,0.983568075,0.872185800
121.775280899,0.983568075,0.871847150
121.778491172,0.983568075,0.871845100
121.900481541,0.983568075,0.871492600
121.903691814,0.983568075,0.871491600
122.070626003,0.983568075,0.871053460
122.073836276,0.983568075,0.871053300
122.197431782,0.983568075,0.870723600
122.200642055,0.983568075,0.870719130
122.300160514,0.983568075,0.870427370
122.303370787,0.983568075,0.870423730
122.406099518,0.983568075,0.870163200
122.409309791,0.983568075,0.870160640
122.497592295,0.983568075,0.869954170
122.500802568,0.983568075,0.869943400
122.516853933,0.983568075,0.869888100
122.520064205,0.983568075,0.869886340
122.523274478,0.983568075,0.869869600
122.523274478,0.984741784,0.869861070
122.569823435,0.984741784,0.869743050
122.573033708,0.984741784,0.869740960
122.720706260,0.984741784,0.869279200
122.723916533,0.984741784,0.869278300
122.738362761,0.984741784,0.869243100
122.741573034,0.984741784,0.869236050
123.033707865,0.984741784,0.868526000
123.036918138,0.984741784,0.868520440
123.051364366,0.984741784,0.868483200
123.054574639,0.984741784,0.868474660
123.176565008,0.984741784,0.868184600
123.179775281,0.984741784,0.868183600
123.377207063,0.984741784,0.867645260
123.380417335,0.984741784,0.867644000
123.418940610,0.984741784,0.867520600
123.422150883,0.984741784,0.867518070
123.622792937,0.984741784,0.866995330
123.626003210,0.984741784,0.866980250
123.667736758,0.984741784,0.866846260
123.670947030,0.984741784,0.866837600
123.701444623,0.984741784,0.866747000
123.704654896,0.984741784,0.866737070
123.714285714,0.984741784,0.866709230
123.717495987,0.984741784,0.866708700
123.733547352,0.984741784,0.866686100
123.736757624,0.984741784,0.866685570
123.780096308,0.984741784,0.866589600
123.783306581,0.984741784,0.866588700
123.799357945,0.984741784,0.866541300
123.802568218,0.984741784,0.866533640
123.855537721,0.984741784,0.866403400
123.858747994,0.984741784,0.866401900
124.024077047,0.984741784,0.865937530
124.027287319,0.984741784,0.865928200
124.048154093,0.984741784,0.865887100
124.051364366,0.984741784,0.865883500
124.128410915,0.984741784,0.865646500
124.131621188,0.984741784,0.865642550
124.133226324,0.984741784,0.865641060
124.136436597,0.984741784,0.865640160
124.139646870,0.984741784,0.865631700
124.146067416,0.984741784,0.865623300
124.261637239,0.984741784,0.865272800
124.264847512,0.984741784,0.865266900
125.139646870,0.984741784,0.862892270
125.142857143,0.984741784,0.862891550
125.174959872,0.984741784,0.862814960
125.178170144,0.984741784,0.862812400
125.187800963,0.984741784,0.862775400
125.191011236,0.984741784,0.862774850
125.367576244,0.984741784,0.862287400
125.370786517,0.984741784,0.862278600
125.747993579,0.984741784,0.861314650
125.747993579,0.985915493,0.861313500
126.000000000,0.985915493,0.860630150
126.003210273,0.985915493,0.860623540
126.077046549,0.985915493,0.860454800
126.080256822,0.985915493,0.860453900
126.104333868,0.985915493,0.860397160
126.107544141,0.985915493,0.860390540
126.126805778,0.985915493,0.860352900
126.130016051,0.985915493,0.860349500
126.181380417,0.985915493,0.860151100
126.184590690,0.985915493,0.860150930
126.274478331,0.985915493,0.859903000
126.277688604,0.985915493,0.859899300
126.322632424,0.985915493,0.859786400
126.325842697,0.985915493,0.859776440
126.563402889,0.985915493,0.859183670
126.566613162,0.985915493,0.859170200
126.674157303,0.985915493,0.858866600
126.677367576,0.985915493,0.858859360
126.829855538,0.985915493,0.858406100
126.833065811,0.985915493,0.858402430
126.894060995,0.985915493,0.858146550
126.897271268,0.985915493,0.858145240
127.215088283,0.985915493,0.857262200
127.218298555,0.985915493,0.857262100
127.359550562,0.985915493,0.856892400
127.362760835,0.985915493,0.856889070
127.409309791,0.985915493,0.856778800
127.412520064,0.985915493,0.856767800
127.643659711,0.985915493,0.856136500
127.646869984,0.985915493,0.856134900
127.857142857,0.985915493,0.855575560
127.860353130,0.985915493,0.855574800
128.027287319,0.985915493,0.855146900
128.030497592,0.985915493,0.855146700
128.105939005,0.985915493,0.854926800
128.109149278,0.985915493,0.854922800
128.181380417,0.985915493,0.854701040
128.184590690,0.985915493,0.854698960
128.433386838,0.985915493,0.854038360
128.436597111,0.985915493,0.854036100
128.457463884,0.985915493,0.853969600
128.460674157,0.985915493,0.853968200
128.563402889,0.985915493,0.853667140
128.566613162,0.985915493,0.853664800
128.897271268,0.985915493,0.852730800
128.900481541,0.985915493,0.852728960
129.130016051,0.985915493,0.852077800
129.133226324,0.985915493,0.852067000
129.152487961,0.985915493,0.852024300
129.155698234,0.985915493,0.852018540
129.438202247,0.985915493,0.851131700
129.441412520,0.985915493,0.851120770
129.500802568,0.985915493,0.850967350
129.504012841,0.985915493,0.850963200
129.550561798,0.985915493,0.850782450
129.553772071,0.985915493,0.850780900
129.747993579,0.985915493,0.850264550
129.751203852,0.985915493,0.850259700
129.808988764,0.985915493,0.850094440
129.812199037,0.985915493,0.850092900
129.882825040,0.985915493,0.849861150
129.886035313,0.985915493,0.849856260
129.889245586,0.985915493,0.849849760
129.892455859,0.985915493,0.849849460
130.138041734,0.985915493,0.849230500
130.141252006,0.985915493,0.849215400
130.162118780,0.985915493,0.849140640
130.165329053,0.985915493,0.849127100
130.393258427,0.985915493,0.848449050
130.396468700,0.985915493,0.848442260
130.784911717,0.985915493,0.847446560
130.788121990,0.985915493,0.847439900
130.805778491,0.985915493,0.847394470
130.808988764,0.985915493,0.847393200
130.825040128,0.985915493,0.847345950
130.828250401,0.985915493,0.847341500
130.874799358,0.985915493,0.847173450
130.878009631,0.985915493,0.847172700
131.040128411,0.985915493,0.846738700
131.043338684,0.985915493,0.846738000
131.128410915,0.985915493,0.846483100
131.131621188,0.985915493,0.846481300
131.232744783,0.985915493,0.846204500
131.235955056,0.985915493,0.846201960
131.382022472,0.985915493,0.845788100
131.385232745,0.985915493,0.845779100
131.775280899,0.985915493,0.844514850
131.778491172,0.985915493,0.844512640
131.800963082,0.985915493,0.844446240
131.804173355,0.985915493,0.844430500
131.937399679,0.985915493,0.844116030
131.940609952,0.985915493,0.844115600
132.120385233,0.985915493,0.843652600
132.123595506,0.985915493,0.843648500
132.260032103,0.985915493,0.843234900
132.260032103,0.987089202,0.843234500
132.333868379,0.987089202,0.843046100
132.337078652,0.987089202,0.843041400
132.393258427,0.987089202,0.842870950
132.396468700,0.987089202,0.842863900
132.438202247,0.987089202,0.842757500
132.441412520,0.987089202,0.842747200
132.669341894,0.987089202,0.842117000
132.672552167,0.987089202,0.842114750
132.686998395,0.987089202,0.842093940
132.690208668,0.987089202,0.842089900
132.886035313,0.987089202,0.841596840
132.889245586,0.987089202,0.841595650
133.142857143,0.987089202,0.840922240
133.146067416,0.987089202,0.840922200
133.195826645,0.987089202,0.840754600
133.199036918,0.987089202,0.840752900
133.226324238,0.987089202,0.840634350
133.229534510,0.987089202,0.840630650
133.433386838,0.987089202,0.840019500
133.436597111,0.987089202,0.840016000
133.780096308,0.987089202,0.838930900
133.783306581,0.987089202,0.838926700
133.943820225,0.987089202,0.838498060
133.947030498,0.987089202,0.838492500
134.077046549,0.987089202,0.838145400
134.080256822,0.987089202,0.838143400
134.205457464,0.987089202,0.837818860
134.208667737,0.987089202,0.837815940
134.306581059,0.987089202,0.837531200
134.309791332,0.987089202,0.837530730
134.351524880,0.987089202,0.837417000
134.354735152,0.987089202,0.837405560
134.390048154,0.987089202,0.837289100
134.393258427,0.987089202,0.837286200
134.423756019,0.987089202,0.837213400
134.426966292,0.987089202,0.837205230
134.898876404,0.987089202,0.835802440
134.902086677,0.987089202,0.835797670
134.903691814,0.987089202,0.835794450
134.906902087,0.987089202,0.835786300
134.939004815,0.987089202,0.835722700
134.942215088,0.987089202,0.835708200
134.972712681,0.987089202,0.835589050
134.975922953,0.987089202,0.835585060
135.067415730,0.987089202,0.835309900
135.070626003,0.987089202,0.835305200
135.179775281,0.987089202,0.835014900
135.182985554,0.987089202,0.835002500
135.388443018,0.987089202,0.834409240
135.391653291,0.987089202,0.834404900
135.420545746,0.987089202,0.834374370
135.423756019,0.987089202,0.834366100
135.463884430,0.987089202,0.834209000
135.467094703,0.987089202,0.834204200
135.690208668,0.987089202,0.833539500
135.693418941,0.987089202,0.833536500
135.707865169,0.987089202,0.833508000
135.711075441,0.987089202,0.833504860
135.871589085,0.987089202,0.832996370
135.874799358,0.987089202,0.832992700
136.113964687,0.987089202,0.832322660
136.117174960,0.987089202,0.832320750
136.223113965,0.987089202,0.832052200
136.226324238,0.987089202,0.832051800
136.250401284,0.987089202,0.831984460
136.253611557,0.987089202,0.831970300
136.380417335,0.987089202,0.831541240
136.383627608,0.987089202,0.831540640
136.850722311,0.987089202,0.830213100
136.853932584,0.987089202,0.830207900
136.983948636,0.987089202,0.829733300
136.987158909,0.987089202,0.829733100
137.131621188,0.987089202,0.829285200
137.134831461,0.987089202,0.829282500
137.163723917,0.987089202,0.829166600
137.166934189,0.987089202,0.829166100
137.322632424,0.987089202,0.828702100
137.325842697,0.987089202,0.828699600
137.491171750,0.987089202,0.828196350
137.494382022,0.987089202,0.828195450
137.548956661,0.987089202,0.828011630
137.552166934,0.987089202,0.828007900
137.658105939,0.987089202,0.827678560
137.661316212,0.987089202,0.827675340
137.897271268,0.987089202,0.826936200
137.900481541,0.987089202,0.826928300
138.051364366,0.987089202,0.826481100
138.054574639,0.987089202,0.826466800
138.191011236,0.987089202,0.825964030
138.194221509,0.987089202,0.825954260
138.473515249,0.987089202,0.825066100
138.476725522,0.987089202,0.825065550
138.670947030,0.987089202,0.824434460
138.674157303,0.987089202,0.824433400
138.735152488,0.987089202,0.824264300
138.738362761,0.987089202,0.824253560
139.144462279,0.987089202,0.822934150
139.147672552,0.987089202,0.822933200
139.219903692,0.987089202,0.822735600
139.223113965,0.987089202,0.822732000
139.266452648,0.987089202,0.822604200
139.272873194,0.987089202,0.822595700
139.304975923,0.987089202,0.822524000
139.308186196,0.987089202,0.822520800
139.643659711,0.987089202,0.821551700
139.646869984,0.987089202,0.821550250
139.720706260,0.987089202,0.821353500
139.723916533,0.987089202,0.821352840
139.918138042,0.987089202,0.820877200
139.921348315,0.987089202,0.820876840
139.922953451,0.987089202,0.820875600
139.926163724,0.987089202,0.820868250
140.051364366,0.987089202,0.820499360
140.054574639,0.987089202,0.820495500
140.062600321,0.987089202,0.820478260
140.065810594,0.987089202,0.820468900
140.072231140,0.987089202,0.820456500
140.075441413,0.987089202,0.820453600
140.576243981,0.987089202,0.818947900
140.579454254,0.987089202,0.818940160
140.654895666,0.987089202,0.818757200
140.658105939,0.987089202,0.818756700
140.768860353,0.987089202,0.818349360
140.772070626,0.987089202,0.818342800
140.773675762,0.987089202,0.818339170
140.776886035,0.987089202,0.818334040
140.823434992,0.987089202,0.818167600
140.826645265,0.987089202,0.818165700
140.889245586,0.987089202,0.817978440
140.892455859,0.987089202,0.817973200
141.414125201,0.987089202,0.816438200
141.417335474,0.987089202,0.816435340
141.476725522,0.987089202,0.816285130
141.479935795,0.987089202,0.816282030
141.487961477,0.987089202,0.816250100
141.491171750,0.987089202,0.816249700
141.553772071,0.987089202,0.816042240
141.556982343,0.987089202,0.816035400
141.566613162,0.987089202,0.816012860
141.569823435,0.987089202,0.816010650
141.844301766,0.987089202,0.815306370
141.847512039,0.987089202,0.815303900
142.184590690,0.987089202,0.814377200
142.187800963,0.987089202,0.814368000
142.550561798,0.987089202,0.813201550
142.553772071,0.987089202,0.813199460
142.693418941,0.987089202,0.812760300
142.696629213,0.987089202,0.812759700
143.004815409,0.987089202,0.811781500
143.008025682,0.987089202,0.811781400
143.012841091,0.987089202,0.811775500
143.016051364,0.987089202,0.811774850
143.019261637,0.987089202,0.811765900
143.022471910,0.987089202,0.811759770
143.036918138,0.987089202,0.811692950
143.040128411,0.987089202,0.811689730
143.216693419,0.987089202,0.811166800
143.219903692,0.987089202,0.811165330
143.420545746,0.987089202,0.810501600
143.423756019,0.987089202,0.810498060
143.621187801,0.987089202,0.809792600
143.624398074,0.987089202,0.809786260
143.837881220,0.987089202,0.809199900
143.841091493,0.987089202,0.809192240
143.956661316,0.987089202,0.808847600
143.959871589,0.987089202,0.808842300
143.966292135,0.987089202,0.808804750
143.969502408,0.987089202,0.808797240
144.024077047,0.987089202,0.808611000
144.027287319,0.987089202,0.808594800
144.221508828,0.987089202,0.807950500
144.224719101,0.987089202,0.807946560
144.298555377,0.987089202,0.807698500
144.301765650,0.987089202,0.807693360
144.433386838,0.987089202,0.807256640
144.436597111,0.987089202,0.807249070
144.645264848,0.987089202,0.806662100
144.648475120,0.987089202,0.806659900
144.958266453,0.987089202,0.805710550
144.961476726,0.987089202,0.805706200
145.229534510,0.987089202,0.804895100
145.232744783,0.987089202,0.804879500
145.550561798,0.987089202,0.803895530
145.553772071,0.987089202,0.803891840
145.579454254,0.987089202,0.803814200
145.582664526,0.987089202,0.803805950
145.699839486,0.987089202,0.803374500
145.703049759,0.987089202,0.803374000
145.739967897,0.987089202,0.803271600
145.743178170,0.987089202,0.803268400
145.833065811,0.987089202,0.803023930
145.836276083,0.987089202,0.803022440
146.057784912,0.987089202,0.802329900
146.060995185,0.987089202,0.802327330
146.367576244,0.987089202,0.801386800
146.370786517,0.987089202,0.801381700
146.638844302,0.987089202,0.800540200
146.642054575,0.987089202,0.800534700
147.146067416,0.987089202,0.799031600
147.149277689,0.987089202,0.799022500
147.155698234,0.987089202,0.799003200
147.158908507,0.987089202,0.798998000
147.252006421,0.987089202,0.798747300
147.255216693,0.987089202,0.798745900
147.337078652,0.987089202,0.798519130
147.340288925,0.987089202,0.798508050
147.569823435,0.987089202,0.797719660
147.573033708,0.987089202,0.797704900
147.616372392,0.987089202,0.797578630
147.619582665,0.987089202,0.797558670
147.781701445,0.987089202,0.797057400
147.784911717,0.987089202,0.797057150
148.276083467,0.987089202,0.795522500
148.279293740,0.987089202,0.795520540
148.504012841,0.987089202,0.794757200
148.507223114,0.987089202,0.794754600
148.866773676,0.987089202,0.793623270
148.869983949,0.987089202,0.793604000
148.956661316,0.987089202,0.793328400
148.959871589,0.987089202,0.793308260
149.706260032,0.987089202,0.790708700
149.709470305,0.987089202,0.790674200
149.818619583,0.987089202,0.790343800
149.821829856,0.987089202,0.790337600
150.052969502,0.987089202,0.789510550
150.056179775,0.987089202,0.789510250
150.184590690,0.987089202,0.789036500
150.187800963,0.987089202,0.789035300
150.191011236,0.987089202,0.789029360
150.194221509,0.987089202,0.789018630
150.227929374,0.987089202,0.788903800
150.231139647,0.987089202,0.788903500
150.264847512,0.987089202,0.788814660
150.268057785,0.987089202,0.788801800
150.348314607,0.987089202,0.788520930
150.351524880,0.987089202,0.788519860
150.362760835,0.987089202,0.788477100
150.369181380,0.987089202,0.788468840
150.402889246,0.987089202,0.788369300
150.406099518,0.987089202,0.788368050
150.438202247,0.987089202,0.788303700
150.441412520,0.987089202,0.788303000
150.452648475,0.987089202,0.788282330
150.455858748,0.987089202,0.788277800
150.587479936,0.987089202,0.787894700
150.590690209,0.987089202,0.787892640
150.626003210,0.987089202,0.787785350
150.629213483,0.987089202,0.787779300
150.675762440,0.987089202,0.787593360
150.678972713,0.987089202,0.787588800
150.788121990,0.987089202,0.787225370
150.791332263,0.987089202,0.787221670
150.828250401,0.987089202,0.787126960
150.831460674,0.987089202,0.787120700
150.887640449,0.987089202,0.786979900
150.890850722,0.987089202,0.786978540
150.950240770,0.987089202,0.786805900
150.953451043,0.987089202,0.786804400
151.144462279,0.987089202,0.786101500
151.147672552,0.987089202,0.786099430
151.174959872,0.987089202,0.785998200
151.178170144,0.987089202,0.785997700
151.186195827,0.987089202,0.785985200
151.189406100,0.987089202,0.785984600
151.340288925,0.987089202,0.785432100
151.343499197,0.987089202,0.785428900
151.436597111,0.987089202,0.785173900
151.439807384,0.987089202,0.785163940
151.577849117,0.987089202,0.784801400
151.584269663,0.987089202,0.784800770
151.698234350,0.987089202,0.784379840
151.701444623,0.987089202,0.784378050
151.776886035,0.987089202,0.784145500
151.780096308,0.987089202,0.784143870
152.191011236,0.987089202,0.782978950
152.194221509,0.987089202,0.782975400
152.250401284,0.987089202,0.782773440
152.253611557,0.987089202,0.782771470
152.372391653,0.987089202,0.782394800
152.375601926,0.987089202,0.782394200
152.589085072,0.987089202,0.781742930
152.592295345,0.987089202,0.781740500
153.341894061,0.987089202,0.779299260
153.345104334,0.987089202,0.779291330
153.754414125,0.987089202,0.778010500
153.757624398,0.987089202,0.778007400
153.988764045,0.987089202,0.777194260
153.991974318,0.987089202,0.777185100
154.035313002,0.987089202,0.777026530
154.038523274,0.987089202,0.777024800
154.081861958,0.987089202,0.776897900
154.085072231,0.987089202,0.776892900
154.158908507,0.987089202,0.776627540
154.162118780,0.987089202,0.776605000
154.195826645,0.987089202,0.776510300
154.199036918,0.987089202,0.776508750
154.446227929,0.987089202,0.775703550
154.449438202,0.987089202,0.775693000
154.879614767,0.987089202,0.774219500
154.882825040,0.987089202,0.774207600
154.903691814,0.987089202,0.774100100
154.906902087,0.987089202,0.774096100
154.950240770,0.987089202,0.773949400
154.953451043,0.987089202,0.773947500
155.531300161,0.987089202,0.772288000
155.534510433,0.987089202,0.772285600
155.947030498,0.987089202,0.770860200
155.950240770,0.987089202,0.770853040
155.955056180,0.987089202,0.770836200
155.958266453,0.987089202,0.770827530
156.028892456,0.987089202,0.770552400
156.032102729,0.987089202,0.770550970
156.232744783,0.987089202,0.769915200
156.235955056,0.987089202,0.769892330
156.239165329,0.987089202,0.769888300
156.242375602,0.987089202,0.769886260
156.356340289,0.987089202,0.769452300
156.359550562,0.987089202,0.769434870
156.433386838,0.987089202,0.769199300
156.436597111,0.987089202,0.769197760
156.518459069,0.987089202,0.768986050
156.518459069,0.988262911,0.768984800
156.582664526,0.988262911,0.768741130
156.585874799,0.988262911,0.768734700
156.653290530,0.988262911,0.768449900
156.656500803,0.988262911,0.768438300
156.951845907,0.988262911,0.767527800
156.955056180,0.988262911,0.767522500
157.052969502,0.988262911,0.767169300
157.056179775,0.988262911,0.767163100
157.112359551,0.988262911,0.766914960
157.115569823,0.988262911,0.766911200
157.451043339,0.988262911,0.765859960
157.454253612,0.988262911,0.765855600
157.468699839,0.988262911,0.765787300
157.471910112,0.988262911,0.765781200
157.894060995,0.988262911,0.764305500
157.897271268,0.988262911,0.764304700
157.929373997,0.988262911,0.764220600
157.932584270,0.988262911,0.764214100
158.128410915,0.988262911,0.763546100
158.134831461,0.988262911,0.763539100
158.155698234,0.988262911,0.763476250
158.158908507,0.988262911,0.763451930
158.189406100,0.988262911,0.763258900
158.192616372,0.988262911,0.763248740
158.390048154,0.988262911,0.762447000
158.393258427,0.988262911,0.762444500
158.526484751,0.988262911,0.761960200
158.529695024,0.988262911,0.761958600
159.346709470,0.988262911,0.759189250
159.349919743,0.988262911,0.759187600
159.454253612,0.988262911,0.758832400
159.457463884,0.988262911,0.758822560
159.568218299,0.988262911,0.758463260
159.571428571,0.988262911,0.758458000
160.203852327,0.988262911,0.756336570
160.207062600,0.988262911,0.756334600
160.428571429,0.988262911,0.755591030
160.431781701,0.988262911,0.755588950
160.523274478,0.988262911,0.755228040
160.526484751,0.988262911,0.755226000
160.544141252,0.988262911,0.755198960
160.547351525,0.988262911,0.755196630
160.889245586,0.988262911,0.753861960
160.892455859,0.988262911,0.753855900
161.666131621,0.988262911,0.751127800
161.669341894,0.988262911,0.751125040
161.932584270,0.988262911,0.750055800
161.939004815,0.988262911,0.750047300
161.940609952,0.988262911,0.750041500
161.943820225,0.988262911,0.750029800
162.077046549,0.988262911,0.749527160
162.080256822,0.988262911,0.749522100
162.263242376,0.988262911,0.748851540
162.266452648,0.988262911,0.748847100
162.516853933,0.988262911,0.747965800
162.520064205,0.988262911,0.747964740
162.696629213,0.988262911,0.747365060
162.699839486,0.988262911,0.747363870
163.052969502,0.988262911,0.745905040
163.056179775,0.988262911,0.745892600
163.142857143,0.988262911,0.745566400
163.146067416,0.988262911,0.745562850
163.229534510,0.988262911,0.745258870
163.232744783,0.988262911,0.745257440
163.304975923,0.988262911,0.744975570
163.308186196,0.988262911,0.744975450
163.335473515,0.988262911,0.744894740
163.338683788,0.988262911,0.744880800
163.407704655,0.988262911,0.744610130
163.410914928,0.988262911,0.744609500
163.465489567,0.988262911,0.744419300
163.468699839,0.988262911,0.744419040
163.508828250,0.988262911,0.744287500
163.515248796,0.988262911,0.744282300
163.629213483,0.988262911,0.743864950
163.632423756,0.988262911,0.743861200
163.961476726,0.988262911,0.742632270
163.964686998,0.988262911,0.742625060
164.192616372,0.988262911,0.741646300
164.195826645,0.988262911,0.741637700
164.231139647,0.988262911,0.741517200
164.234349920,0.988262911,0.741513500
164.295345104,0.988262911,0.741303270
164.298555377,0.988262911,0.741301360
164.364365971,0.988262911,0.741081800
164.367576244,0.988262911,0.741072700
164.659711075,0.988262911,0.740058400
164.662921348,0.988262911,0.740058300
164.966292135,0.988262911,0.738957050
164.969502408,0.988262911,0.738954700
165.314606742,0.988262911,0.737687470
165.317817014,0.988262911,0.737687300
165.349919743,0.988262911,0.737608730
165.353130016,0.988262911,0.737604560
165.404494382,0.988262911,0.737418500
165.407704655,0.988262911,0.737418060
165.428571429,0.988262911,0.737331150
165.431781701,0.988262911,0.737327160
165.569823435,0.988262911,0.736953140
165.569823435,0.989436620,0.736952800
166.028892456,0.989436620,0.735390900
166.032102729,0.989436620,0.735388500
166.157303371,0.989436620,0.734980700
166.160513644,0.989436620,0.734979570
166.292134831,0.989436620,0.734486160
166.295345104,0.989436620,0.734483600
166.723916533,0.989436620,0.732842800
166.727126806,0.989436620,0.732837800
167.157303371,0.989436620,0.731332240
167.160513644,0.989436620,0.731327650
167.372391653,0.989436620,0.730562500
167.372391653,0.990610329,0.730556550
167.479935795,0.990610329,0.730204100
167.483146067,0.990610329,0.730197400
167.987158909,0.990610329,0.728338500
167.990369181,0.990610329,0.728329660
168.126805778,0.990610329,0.727831400
168.130016051,0.990610329,0.727829200
168.295345104,0.990610329,0.727220650
168.298555377,0.990610329,0.727204260
168.402889246,0.990610329,0.726804550
168.406099518,0.990610329,0.726781600
168.510433387,0.990610329,0.726344900
168.513643660,0.990610329,0.726339200
168.582664526,0.990610329,0.726092700
168.585874799,0.990610329,0.726090130
168.878009631,0.990610329,0.724960570
168.881219904,0.990610329,0.724959800
169.006420546,0.990610329,0.724504200
169.009630819,0.990610329,0.724493800
169.467094703,0.990610329,0.722779300
169.470304976,0.990610329,0.722778900
169.574638844,0.990610329,0.722380160
169.577849117,0.990610329,0.722371940
169.605136437,0.990610329,0.722280900
169.608346709,0.990610329,0.722275800
169.691813804,0.990610329,0.722018200
169.695024077,0.990610329,0.722008170
170.080256822,0.990610329,0.720630300
170.085072231,0.990610329,0.720612000
170.131621188,0.990610329,0.720471260
170.134831461,0.990610329,0.720469060
170.507223114,0.990610329,0.719093300
170.510433387,0.990610329,0.719089900
170.680577849,0.990610329,0.718386200
170.683788122,0.990610329,0.718378540
170.818619583,0.990610329,0.717893000
170.821829856,0.990610329,0.717892200
170.987158909,0.990610329,0.717266600
170.990369181,0.990610329,0.717262800
171.040128411,0.990610329,0.717035530
171.043338684,0.990610329,0.717028860
171.130016051,0.990610329,0.716684200
171.133226324,0.990610329,0.716683450
171.455858748,0.990610329,0.715583300
171.459069021,0.990610329,0.715579150
171.784911717,0.990610329,0.714520040
171.788121990,0.990610329,0.714517600
172.033707865,0.990610329,0.713602900
172.036918138,0.990610329,0.713599560
172.072231140,0.990610329,0.713468550
172.075441413,0.990610329,0.713466400
172.094703050,0.990610329,0.713404950
172.097913323,0.990610329,0.713404540
172.545746388,0.990610329,0.711872340
172.548956661,0.990610329,0.711872100
173.025682183,0.990610329,0.710094000
173.028892456,0.990610329,0.710079130
173.446227929,0.990610329,0.708688740
173.449438202,0.990610329,0.708685100
173.634028892,0.990610329,0.707981800
173.637239165,0.990610329,0.707981200
174.051364366,0.990610329,0.706622660
174.054574639,0.990610329,0.706616400
174.317817014,0.990610329,0.705482240
174.321027287,0.990610329,0.705481400
174.380417335,0.990610329,0.705266240
174.383627608,0.990610329,0.705263730
174.410914928,0.990610329,0.705185530
174.414125201,0.990610329,0.705177700
174.433386838,0.990610329,0.705097140
174.436597111,0.990610329,0.705095950
174.619582665,0.990610329,0.704410900
174.622792937,0.990610329,0.704409840
175.394863563,0.990610329,0.701456300
175.398073836,0.990610329,0.701450900
175.491171750,0.990610329,0.701126460
175.494382022,0.990610329,0.701115000
175.902086677,0.990610329,0.699607130
175.905296950,0.990610329,0.699603260
176.367576244,0.990610329,0.697878960
176.370786517,0.990610329,0.697877800
176.399678973,0.990610329,0.697710040
176.402889246,0.990610329,0.697705100
176.556982343,0.990610329,0.697251140
176.560192616,0.990610329,0.697243030
176.643659711,0.990610329,0.696891840
176.646869984,0.990610329,0.696881950
176.837881220,0.990610329,0.696259000
176.841091493,0.990610329,0.696249200
176.845906902,0.990610329,0.696244660
176.849117175,0.990610329,0.696235500
177.054574639,0.990610329,0.695450500
177.057784912,0.990610329,0.695449600
177.077046549,0.990610329,0.695341170
177.080256822,0.990610329,0.695338600
177.213483146,0.990610329,0.694705300
177.216693419,0.990610329,0.694681170
177.756019262,0.990610329,0.692633500
177.759229535,0.990610329,0.692627700
177.764044944,0.990610329,0.692607050
177.767255217,0.990610329,0.692605500
177.857142857,0.990610329,0.692203500
177.860353130,0.990610329,0.692200900
177.953451043,0.990610329,0.691893460
177.956661316,0.990610329,0.691888450
178.141252006,0.990610329,0.691174570
178.144462279,0.990610329,0.691169860
178.176565008,0.990610329,0.691031200
178.179775281,0.990610329,0.691029900
178.248796148,0.990610329,0.690677640
178.252006421,0.990610329,0.690677170
178.304975923,0.990610329,0.690481400
178.308186196,0.990610329,0.690477100
178.473515249,0.990610329,0.689804900
178.476725522,0.990610329,0.689797000
178.521669342,0.990610329,0.689583400
178.524879615,0.990610329,0.689575430
178.674157303,0.990610329,0.689029900
178.677367576,0.990610329,0.689025800
178.905296950,0.990610329,0.688179850
178.908507223,0.990610329,0.688162150
179.048154093,0.990610329,0.687622500
179.051364366,0.990610329,0.687620200
179.547351525,0.990610329,0.685568150
179.550561798,0.990610329,0.685557960
179.812199037,0.990610329,0.684459030
179.815409310,0.990610329,0.684457300
179.861958266,0.990610329,0.684266000
179.865168539,0.990610329,0.684263500
179.921348315,0.990610329,0.683940600
179.924558587,0.990610329,0.683914800
180.083467095,0.990610329,0.683234040
180.086677368,0.990610329,0.683217900
180.247191011,0.990610329,0.682674470
180.250401284,0.990610329,0.682671000
181.006420546,0.990610329,0.679735540
181.009630819,0.990610329,0.679734800
181.382022472,0.990610329,0.678369760
181.385232745,0.990610329,0.678359400
181.515248796,0.990610329,0.677786600
181.518459069,0.990610329,0.677766600
181.611556982,0.990610329,0.677403500
181.614767255,0.990610329,0.677397670
181.955056180,0.990610329,0.676016330
181.958266453,0.990610329,0.676007500
182.059390048,0.990610329,0.675605240
182.062600321,0.990610329,0.675602560
182.165329053,0.990610329,0.675098700
182.168539326,0.990610329,0.675097760
182.319422151,0.990610329,0.674523230
182.322632424,0.990610329,0.674507560
182.529695024,0.990610329,0.673796900
182.532905297,0.990610329,0.673783240
182.536115570,0.990610329,0.673773700
182.539325843,0.990610329,0.673773600
182.622792937,0.990610329,0.673466740
182.626003210,0.990610329,0.673465500
182.635634029,0.990610329,0.673437360
182.638844302,0.990610329,0.673434000
182.791332263,0.990610329,0.672732200
182.794542536,0.990610329,0.672730000
183.194221509,0.990610329,0.671097640
183.197431782,0.990610329,0.671090540
183.380417335,0.990610329,0.670369200
183.383627608,0.990610329,0.670368300
183.805778491,0.990610329,0.668673630
183.808988764,0.990610329,0.668660000
183.921348315,0.990610329,0.668117600
183.924558587,0.990610329,0.668109100
184.117174960,0.990610329,0.667423500
184.120385233,0.990610329,0.667412900
184.248796148,0.990610329,0.666947900
184.248796148,0.991784038,0.666944900
184.362760835,0.991784038,0.666487900
184.365971108,0.991784038,0.666481730
184.452648475,0.991784038,0.666136100
184.455858748,0.991784038,0.666135400
185.287319422,0.991784038,0.662679730
185.290529695,0.991784038,0.662674960
185.306581059,0.991784038,0.662604700
185.309791332,0.991784038,0.662602250
185.367576244,0.991784038,0.662377240
185.370786517,0.991784038,0.662364240
185.560192616,0.991784038,0.661579900
185.563402889,0.991784038,0.661578000
185.714285714,0.991784038,0.661012600
185.717495987,0.991784038,0.661004540
185.958266453,0.991784038,0.660077600
185.961476726,0.991784038,0.660072300
185.969502408,0.991784038,0.660033640
185.972712681,0.991784038,0.660016900
186.166934189,0.991784038,0.659251600
186.170144462,0.991784038,0.659248350
186.321027287,0.991784038,0.658584000
186.324237560,0.991784038,0.658583400
186.701444623,0.991784038,0.657027600
186.704654896,0.991784038,0.657016800
187.166934189,0.991784038,0.654935700
187.170144462,0.991784038,0.654935600
187.223113965,0.991784038,0.654673500
187.226324238,0.991784038,0.654654400
187.242375602,0.991784038,0.654583930
187.245585875,0.991784038,0.654583400
187.348314607,0.991784038,0.654259900
187.351524880,0.991784038,0.654253070
187.385232745,0.991784038,0.654106140
187.388443018,0.991784038,0.654093600
187.415730337,0.991784038,0.653978600
187.418940610,0.991784038,0.653978300
187.516853933,0.991784038,0.653597700
187.520064205,0.991784038,0.653596340
187.743178170,0.991784038,0.652681770
187.746388443,0.991784038,0.652676760
187.961476726,0.991784038,0.651859300
187.964686998,0.991784038,0.651858270
188.229534510,0.991784038,0.650898200
188.232744783,0.991784038,0.650891300
188.235955056,0.991784038,0.650879300
188.239165329,0.991784038,0.650878500
188.287319422,0.991784038,0.650671000
188.290529695,0.991784038,0.650669700
188.627608347,0.991784038,0.649273930
188.630818620,0.991784038,0.649260040
188.646869984,0.991784038,0.649191560
188.650080257,0.991784038,0.649172660
188.866773676,0.991784038,0.648445250
188.869983949,0.991784038,0.648441900
188.897271268,0.991784038,0.648332360
188.900481541,0.991784038,0.648317040
189.110754414,0.991784038,0.647377430
189.113964687,0.991784038,0.647362900
189.197431782,0.991784038,0.646972400
189.200642055,0.991784038,0.646972300
189.266452648,0.991784038,0.646657000
189.269662921,0.991784038,0.646651800
189.853932584,0.991784038,0.644128400
189.857142857,0.991784038,0.644085400
189.913322632,0.991784038,0.643807950
189.916532905,0.991784038,0.643799500
189.950240770,0.991784038,0.643613300
189.953451043,0.991784038,0.643612800
190.617977528,0.991784038,0.641271530
190.621187801,0.991784038,0.641270200
190.733547352,0.991784038,0.640754900
190.736757624,0.991784038,0.640750170
190.834670947,0.991784038,0.640409650
190.837881220,0.991784038,0.640400230
191.152487961,0.991784038,0.639103700
191.155698234,0.991784038,0.639085950
191.202247191,0.991784038,0.638926400
191.205457464,0.991784038,0.638925850
191.577849117,0.991784038,0.637389200
191.581059390,0.991784038,0.637387900
191.874799358,0.991784038,0.636196800
191.878009631,0.991784038,0.636192700
192.073836276,0.991784038,0.635435700
192.077046549,0.991784038,0.635433900
192.252006421,0.991784038,0.634697800
192.255216693,0.991784038,0.634685200
192.475120385,0.991784038,0.633782100
192.478330658,0.991784038,0.633781250
192.890850722,0.991784038,0.632092060
192.894060995,0.991784038,0.632086400
193.102728732,0.991784038,0.631157700
193.105939005,0.991784038,0.631149950
193.650080257,0.991784038,0.628660440
193.653290530,0.991784038,0.628644800
193.943820225,0.991784038,0.627453500
193.947030498,0.991784038,0.627450940
194.417335474,0.991784038,0.625659940
194.420545746,0.991784038,0.625658500
194.544141252,0.991784038,0.625077500
194.547351525,0.991784038,0.625075900
194.733547352,0.991784038,0.624412500
194.736757624,0.991784038,0.624412240
195.075441413,0.991784038,0.622946860
195.078651685,0.991784038,0.622943040
195.304975923,0.991784038,0.622015400
195.308186196,0.991784038,0.622013750
195.362760835,0.991784038,0.621814000
195.365971108,0.991784038,0.621812460
195.369181380,0.991784038,0.621779140
195.372391653,0.991784038,0.621778900
195.431781701,0.991784038,0.621521700
195.434991974,0.991784038,0.621517500
195.495987159,0.991784038,0.621279400
195.499197432,0.991784038,0.621264160
195.581059390,0.991784038,0.620956000
195.585874799,0.991784038,0.620938500
195.841091493,0.991784038,0.619729940
195.844301766,0.991784038,0.619716600
195.905296950,0.991784038,0.619463100
195.908507223,0.991784038,0.619460400
195.964686998,0.991784038,0.619227770
195.967897271,0.991784038,0.619227400
196.378812199,0.991784038,0.617550130
196.382022472,0.991784038,0.617548760
196.494382022,0.991784038,0.617138800
196.497592295,0.991784038,0.617123300
196.672552167,0.991784038,0.616381400
196.675762440,0.991784038,0.616376040
196.712680578,0.991784038,0.616210760
196.715890851,0.991784038,0.616210000
196.730337079,0.991784038,0.616155270
196.733547352,0.991784038,0.616152800
196.898876404,0.991784038,0.615469500
196.902086677,0.991784038,0.615460460
197.452648475,0.991784038,0.613050900
197.455858748,0.991784038,0.613029600
197.664526485,0.991784038,0.612080900
197.667736758,0.991784038,0.612079300
197.932584270,0.991784038,0.610931160
197.935794543,0.991784038,0.610920000
198.077046549,0.991784038,0.610384460
198.080256822,0.991784038,0.610381660
198.932584270,0.991784038,0.607008500
198.935794543,0.991784038,0.607008400
199.272873194,0.991784038,0.605687700
199.276083467,0.991784038,0.605678200
199.288924559,0.991784038,0.605631000
199.292134831,0.991784038,0.605626170
199.295345104,0.991784038,0.605610700
199.298555377,0.991784038,0.605606900
199.451043339,0.991784038,0.605034400
199.454253612,0.991784038,0.605022130
199.828250401,0.991784038,0.603387060
199.831460674,0.991784038,0.603384200
199.873194222,0.991784038,0.603195900
199.876404494,0.991784038,0.603193640
200.534510433,0.991784038,0.600358550
200.537720706,0.991784038,0.600356700
200.661316212,0.991784038,0.599820850
200.664526485,0.991784038,0.599815700
200.889245586,0.991784038,0.598824440
200.892455859,0.991784038,0.598815260
200.921348315,0.991784038,0.598635140
200.924558587,0.991784038,0.598626500
201.182985554,0.991784038,0.597339030
201.186195827,0.991784038,0.597329260
201.386837881,0.991784038,0.596650240
201.390048154,0.991784038,0.596648200
201.443017657,0.991784038,0.596455200
201.446227929,0.991784038,0.596454500
201.566613162,0.991784038,0.596065640
201.569823435,0.991784038,0.596063440
201.943820225,0.991784038,0.594506000
201.947030498,0.991784038,0.594502700
202.049759230,0.991784038,0.594113200
202.052969502,0.991784038,0.594101400
202.311396469,0.991784038,0.592934130
202.314606742,0.991784038,0.592924900
202.332263242,0.991784038,0.592888600
202.338683788,0.991784038,0.592862800
202.569823435,0.991784038,0.591867570
202.573033708,0.991784038,0.591866850
202.642054575,0.991784038,0.591545160
202.645264848,0.991784038,0.591544400
202.887640449,0.991784038,0.590374470
202.890850722,0.991784038,0.590363300
202.953451043,0.991784038,0.590158900
202.956661316,0.991784038,0.590154650
202.980738363,0.991784038,0.590059000
202.983948636,0.991784038,0.590042050
203.056179775,0.991784038,0.589742660
203.059390048,0.991784038,0.589741350
203.247191011,0.991784038,0.588793800
203.250401284,0.991784038,0.588789940
203.295345104,0.991784038,0.588657300
203.298555377,0.991784038,0.588639200
203.637239165,0.991784038,0.587210000
203.642054575,0.991784038,0.587199400
203.645264848,0.991784038,0.587188240
204.134831461,0.991784038,0.584968100
204.138041734,0.991784038,0.584964160
204.526484751,0.991784038,0.583166840
204.529695024,0.991784038,0.583142200
204.772070626,0.991784038,0.582018260
204.775280899,0.991784038,0.582017200
204.855537721,0.991784038,0.581598400
204.858747994,0.991784038,0.581594900
204.887640449,0.991784038,0.581450160
204.890850722,0.991784038,0.581445340
204.958266453,0.991784038,0.581209600
204.961476726,0.991784038,0.581200100
205.130016051,0.991784038,0.580404900
205.133226324,0.991784038,0.580382900
205.261637239,0.991784038,0.579801200
205.264847512,0.991784038,0.579795060
205.813804173,0.991784038,0.577197700
205.817014446,0.991784038,0.577192300
205.884430177,0.991784038,0.576924800
205.887640449,0.991784038,0.576919440
206.293739968,0.991784038,0.575216900
206.296950241,0.991784038,0.575213200
206.473515249,0.991784038,0.574437140
206.476725522,0.991784038,0.574430300
206.582664526,0.991784038,0.574007030
206.585874799,0.991784038,0.573998870
206.839486356,0.991784038,0.572968700
206.844301766,0.991784038,0.572968660
206.927768860,0.991784038,0.572642700
206.930979133,0.991784038,0.572635200
207.321027287,0.991784038,0.570850300
207.324237560,0.991784038,0.570849660
207.585874799,0.991784038,0.569849100
207.589085072,0.991784038,0.569848000
207.720706260,0.991784038,0.569142340
207.723916533,0.991784038,0.569134830
207.913322632,0.991784038,0.568239900
207.916532905,0.991784038,0.568233500
208.179775281,0.991784038,0.567026440
208.182985554,0.991784038,0.567020700
208.263242376,0.991784038,0.566648200
208.266452648,0.991784038,0.566644300
208.293739968,0.991784038,0.566505900
208.296950241,0.991784038,0.566498100
208.696629213,0.991784038,0.564763900
208.699839486,0.991784038,0.564745550
209.685393258,0.991784038,0.560273900
209.688603531,0.991784038,0.560273350
210.125200642,0.991784038,0.558170300
210.128410915,0.991784038,0.558158340
210.540930979,0.991784038,0.556429300
210.544141252,0.991784038,0.556420000
210.701444623,0.991784038,0.555791500
210.707865169,0.991784038,0.555766940
210.797752809,0.991784038,0.555352000
210.800963082,0.991784038,0.555338740
211.136436597,0.991784038,0.553935950
211.139646870,0.991784038,0.553930000
211.752808989,0.991784038,0.551043750
211.756019262,0.991784038,0.551005540
211.834670947,0.991784038,0.550693630
211.837881220,0.991784038,0.550685350
211.878009631,0.991784038,0.550587060
211.881219904,0.991784038,0.550586600
212.491171750,0.991784038,0.547758600
212.494382022,0.991784038,0.547752100
212.495987159,0.991784038,0.547727640
212.499197432,0.991784038,0.547721150
213.191011236,0.991784038,0.544871450
213.194221509,0.991784038,0.544869840
213.332263242,0.991784038,0.544267100
213.335473515,0.991784038,0.544266600
213.401284109,0.991784038,0.543857160
213.404494382,0.991784038,0.543851850
213.414125201,0.991784038,0.543818830
213.417335474,0.991784038,0.543812800
213.520064205,0.991784038,0.543340000
213.523274478,0.991784038,0.543339300
213.853932584,0.991784038,0.542040170
213.857142857,0.991784038,0.542015900
214.036918138,0.991784038,0.541336830
214.040128411,0.991784038,0.541320000
214.418940610,0.991784038,0.539756360
214.422150883,0.991784038,0.539749740
214.807383628,0.991784038,0.538019660
214.810593900,0.991784038,0.538017700
214.898876404,0.991784038,0.537626150
214.902086677,0.991784038,0.537621100
215.044943820,0.991784038,0.536980570
215.044943820,0.992957746,0.536965550
215.524879615,0.992957746,0.534942500
215.528089888,0.992957746,0.534915000
215.736757624,0.992957746,0.533956940
215.739967897,0.992957746,0.533955600
216.069020867,0.992957746,0.532454670
216.072231140,0.992957746,0.532446800
216.707865169,0.992957746,0.529759170
216.711075441,0.992957746,0.529751060
217.174959872,0.992957746,0.527560530
217.178170144,0.992957746,0.527554600
217.455858748,0.992957746,0.526312500
217.459069021,0.992957746,0.526310400
218.319422151,0.992957746,0.522282400
218.322632424,0.992957746,0.522280100
219.118780096,0.992957746,0.518807500
219.121990369,0.992957746,0.518805000
219.385232745,0.992957746,0.517683800
219.388443018,0.992957746,0.517643030
219.897271268,0.992957746,0.515371740
219.900481541,0.992957746,0.515358100
219.980738363,0.992957746,0.515042660
219.983948636,0.992957746,0.515028950
220.213483146,0.992957746,0.513768730
220.216693419,0.992957746,0.513760900
220.255216693,0.992957746,0.513599340
220.258426966,0.992957746,0.513598740
220.749598716,0.992957746,0.511516900
220.752808989,0.992957746,0.511513200
221.033707865,0.992957746,0.510152300
221.036918138,0.992957746,0.510137440
221.049759230,0.992957746,0.510068060
221.052969502,0.992957746,0.510064600
221.139646870,0.992957746,0.509670400
221.142857143,0.992957746,0.509664100
221.178170144,0.992957746,0.509494200
221.181380417,0.992957746,0.509479400
221.202247191,0.992957746,0.509347700
221.205457464,0.992957746,0.509324670
221.292134831,0.992957746,0.508963300
221.295345104,0.992957746,0.508958200
221.585874799,0.992957746,0.507478200
221.592295345,0.992957746,0.507473800
221.603531300,0.992957746,0.507394130
221.606741573,0.992957746,0.507391150
221.807383628,0.992957746,0.506378000
221.810593900,0.992957746,0.506364600
221.939004815,0.992957746,0.505788150
221.942215088,0.992957746,0.505783300
222.043338684,0.992957746,0.505335900
222.046548957,0.992957746,0.505332800
222.093097913,0.992957746,0.505154850
222.096308186,0.992957746,0.505154600
222.306581059,0.992957746,0.504065700
222.309791332,0.992957746,0.504053950
222.319422151,0.992957746,0.504018660
222.322632424,0.992957746,0.504003640
222.425361156,0.992957746,0.503402950
222.428571429,0.992957746,0.503394500
222.658105939,0.992957746,0.502316500
222.661316212,0.992957746,0.502316200
222.985553772,0.992957746,0.500709600
222.988764045,0.992957746,0.500708900
223.101123596,0.992957746,0.500136600
223.104333868,0.992957746,0.500130200
223.271268058,0.992957746,0.499398530
223.274478331,0.992957746,0.499394450
223.656500803,0.992957746,0.497671430
223.659711075,0.992957746,0.497670950
223.678972713,0.992957746,0.497582600
223.682182986,0.992957746,0.497580380
224.099518459,0.992957746,0.495731980
224.102728732,0.992957746,0.495731060
224.210272873,0.992957746,0.495189200
224.213483146,0.992957746,0.495186870
224.521669342,0.992957746,0.493719250
224.524879615,0.992957746,0.493708900
224.634028892,0.992957746,0.493099570
224.637239165,0.992957746,0.493098300
224.725521669,0.992957746,0.492651400
224.728731942,0.992957746,0.492650120
225.025682183,0.992957746,0.491021300
225.028892456,0.992957746,0.491013500
225.057784912,0.992957746,0.490861450
225.060995185,0.992957746,0.490843560
225.300160514,0.992957746,0.489610300
225.303370787,0.992957746,0.489607750
225.451043339,0.992957746,0.488886500
225.454253612,0.992957746,0.488870900
225.574638844,0.992957746,0.488281100
225.577849117,0.992957746,0.488265040
225.609951846,0.992957746,0.488120200
225.613162119,0.992957746,0.488117520
225.624398074,0.992957746,0.488037320
225.627608347,0.992957746,0.488032430
225.857142857,0.992957746,0.486829640
225.861958266,0.992957746,0.486826000
225.882825040,0.992957746,0.486732900
225.886035313,0.992957746,0.486732400
225.937399679,0.992957746,0.486428650
225.940609952,0.992957746,0.486419170
226.041733547,0.992957746,0.485938200
226.044943820,0.992957746,0.485935300
226.049759230,0.992957746,0.485898380
226.052969502,0.992957746,0.485881500
226.120385233,0.992957746,0.485538630
226.123595506,0.992957746,0.485538330
226.179775281,0.992957746,0.485329840
226.182985554,0.992957746,0.485320930
226.208667737,0.992957746,0.485207000
226.211878010,0.992957746,0.485204300
226.467094703,0.992957746,0.483924240
226.470304976,0.992957746,0.483909070
226.598715891,0.992957746,0.483290580
226.601926164,0.992957746,0.483276870
226.606741573,0.992957746,0.483257230
226.609951846,0.992957746,0.483253270
226.754414125,0.992957746,0.482596500
226.757624398,0.992957746,0.482580720
226.942215088,0.992957746,0.481619420
226.945425361,0.992957746,0.481606250
226.979133226,0.992957746,0.481417750
226.982343499,0.992957746,0.481394650
226.996789727,0.992957746,0.481323720
227.000000000,0.992957746,0.481315640
227.176565008,0.992957746,0.480543640
227.179775281,0.992957746,0.480533840
227.463884430,0.992957746,0.479209360
227.467094703,0.992957746,0.479209200
227.760834671,0.992957746,0.477830800
227.764044944,0.992957746,0.477826650
228.439807384,0.992957746,0.474518700
228.443017657,0.992957746,0.474505600
228.481540931,0.992957746,0.474266400
228.484751204,0.992957746,0.474252460
228.634028892,0.992957746,0.473410130
228.637239165,0.992957746,0.473399760
228.642054575,0.992957746,0.473395900
228.645264848,0.992957746,0.473387600
228.669341894,0.992957746,0.473267300
228.672552167,0.992957746,0.473256200
228.754414125,0.992957746,0.472894970
228.757624398,0.992957746,0.472891870
228.865168539,0.992957746,0.472369820
228.868378812,0.992957746,0.472315460
228.934189406,0.992957746,0.471990200
228.937399679,0.992957746,0.471980720
229.032102729,0.992957746,0.471420850
229.035313002,0.992957746,0.471402200
229.235955056,0.992957746,0.470450300
229.239165329,0.992957746,0.470423670
229.266452648,0.992957746,0.470326040
229.269662921,0.992957746,0.470314680
229.314606742,0.992957746,0.470094350
229.317817014,0.992957746,0.470080230
229.423756019,0.992957746,0.469589680
229.426966292,0.992957746,0.469577200
229.964686998,0.992957746,0.466772050
229.964686998,0.994131455,0.466765300
230.990369181,0.994131455,0.461681040
230.993579454,0.994131455,0.461680740
231.155698234,0.994131455,0.460844730
231.158908507,0.994131455,0.460840230
231.831460674,0.994131455,0.457535620
231.834670947,0.994131455,0.457490900
232.088282504,0.994131455,0.456198780
232.091492777,0.994131455,0.456197560
232.486356340,0.994131455,0.454285560
232.489566613,0.994131455,0.454277500
232.584269663,0.994131455,0.453854050
232.587479936,0.994131455,0.453847470
232.626003210,0.994131455,0.453630120
232.629213483,0.994131455,0.453629640
233.070626003,0.994131455,0.451273230
233.073836276,0.994131455,0.451271980
233.113964687,0.994131455,0.451086600
233.117174960,0.994131455,0.451086070
233.192616372,0.994131455,0.450730680
233.195826645,0.994131455,0.450721260
233.632423756,0.994131455,0.448674860
233.635634029,0.994131455,0.448669900
235.125200642,0.994131455,0.440929830
235.128410915,0.994131455,0.440929400
235.335473515,0.994131455,0.439801480
235.338683788,0.994131455,0.439785150
235.357945425,0.994131455,0.439639870
235.361155698,0.994131455,0.439639300
235.749598716,0.994131455,0.437466260
235.752808989,0.994131455,0.437459500
236.141252006,0.994131455,0.435453030
236.144462279,0.994131455,0.435451450
236.195826645,0.994131455,0.435247480
236.199036918,0.994131455,0.435235860
236.309791332,0.994131455,0.434719650
236.313001605,0.994131455,0.434717330
236.518459069,0.994131455,0.433611450
236.521669342,0.994131455,0.433599920
236.638844302,0.994131455,0.433008600
236.642054575,0.994131455,0.433003070
236.963081862,0.994131455,0.431314950
236.966292135,0.994131455,0.431310330
237.330658106,0.994131455,0.429290180
237.333868379,0.994131455,0.429274530
237.953451043,0.994131455,0.426163970
237.956661316,0.994131455,0.426161350
238.093097913,0.994131455,0.425536840
238.096308186,0.994131455,0.425519680
238.211878010,0.994131455,0.424828020
238.215088283,0.994131455,0.424820700
239.030497592,0.994131455,0.420209140
239.033707865,0.994131455,0.420205860
239.410914928,0.994131455,0.418245260
239.414125201,0.994131455,0.418239500
239.704654896,0.994131455,0.416838400
239.707865169,0.994131455,0.416836770
239.759229535,0.994131455,0.416544800
239.762439807,0.994131455,0.416535740
240.643659711,0.994131455,0.412075200
240.646869984,0.994131455,0.412068960
240.821829856,0.994131455,0.411127570
240.825040128,0.994131455,0.411126880
240.940609952,0.994131455,0.410433260
240.943820225,0.994131455,0.410428640
240.947030498,0.994131455,0.410416570
240.950240770,0.994131455,0.410402860
242.979133226,0.994131455,0.399858400
242.982343499,0.994131455,0.399854100
243.634028892,0.994131455,0.396447240
243.637239165,0.994131455,0.396438100
243.939004815,0.994131455,0.394870460
243.942215088,0.994131455,0.394870040
245.365971108,0.994131455,0.387284930
245.369181380,0.994131455,0.387272800
245.720706260,0.994131455,0.385185840
245.723916533,0.994131455,0.385183070
246.004815409,0.994131455,0.383486930
246.008025682,0.994131455,0.383484750
246.447833066,0.994131455,0.381199270
246.451043339,0.994131455,0.381189350
247.510433387,0.994131455,0.375180070
247.513643660,0.994131455,0.375176520
248.412520064,0.994131455,0.370593850
248.415730337,0.994131455,0.370591500
248.802568218,0.994131455,0.368770360
248.805778491,0.994131455,0.368765350
248.812199037,0.994131455,0.368718680
248.815409310,0.994131455,0.368716840
251.252006421,0.994131455,0.355013600
251.255216693,0.994131455,0.354985480
251.831460674,0.994131455,0.351826880
251.834670947,0.994131455,0.351822970
252.017656501,0.994131455,0.350900020
252.020866774,0.994131455,0.350889500
255.574638844,0.994131455,0.330314370
255.577849117,0.994131455,0.330285130
256.054574639,0.994131455,0.327435970
256.057784912,0.994131455,0.327359740
256.735152488,0.994131455,0.323379370
256.738362761,0.994131455,0.323376740
258.603531300,0.994131455,0.311832670
258.606741573,0.994131455,0.311828820
259.964686998,0.994131455,0.303063840
259.967897271,0.994131455,0.303048300
260.747993579,0.994131455,0.297941500
260.751203852,0.994131455,0.297941330
262.097913323,0.994131455,0.288973780
262.101123596,0.994131455,0.288935300
268.017656501,0.994131455,0.242380460
268.020866774,0.994131455,0.242375940
268.743178170,0.994131455,0.235852780
268.746388443,0.994131455,0.235846470
269.036918138,0.994131455,0.232825670
269.040128411,0.994131455,0.232789640
269.388443018,0.994131455,0.229630400
269.391653291,0.994131455,0.229622450
271.841091493,0.994131455,0.208071720
271.844301766,0.994131455,0.208068090
273.349919743,0.994131455,0.194062140
273.353130016,0.994131455,0.194058700
275.619582665,0.994131455,0.167965530
275.622792937,0.994131455,0.167947440
279.439807384,0.994131455,0.100092605
