0.000000000,0.000000000,2.000000000
0.022388060,0.043227666,1.000000000
0.022388060,0.063400576,0.999999900
0.037313433,0.074927954,0.999999640
0.037313433,0.077809798,0.999999500
0.044776119,0.083573487,0.999999400
0.067164179,0.092219020,0.999999300
0.067164179,0.097982709,0.999999170
0.074626866,0.097982709,0.999999050
0.074626866,0.109510086,0.999998900
0.089552239,0.112391931,0.999998800
0.104477612,0.118155620,0.999998700
0.104477612,0.123919308,0.999998570
0.104477612,0.126801153,0.999998450
0.111940299,0.132564841,0.999998200
0.111940299,0.138328530,0.999997850
0.119402985,0.141210375,0.999997740
0.119402985,0.146974063,0.999997600
0.119402985,0.149855908,0.999997500
0.134328358,0.155619597,0.999997400
0.141791045,0.158501441,0.999997260
0.164179104,0.158501441,0.999997140
0.179104478,0.170028818,0.999997000
0.186567164,0.172910663,0.999996900
0.186567164,0.175792507,0.999996660
0.201492537,0.175792507,0.999996540
0.223880597,0.175792507,0.999996070
0.223880597,0.178674352,0.999995950
0.231343284,0.181556196,0.999995800
0.231343284,0.184438040,0.999995700
0.246268657,0.184438040,0.999995600
0.253731343,0.187319885,0.999995470
0.261194030,0.193083573,0.999995350
0.276119403,0.198847262,0.999995230
0.283582090,0.201729107,0.999995100
0.283582090,0.204610951,0.999995000
0.291044776,0.210374640,0.999994900
0.305970149,0.210374640,0.999994300
0.313432836,0.210374640,0.999994040
0.313432836,0.213256484,0.999993900
0.320895522,0.213256484,0.999993800
0.320895522,0.219020173,0.999993560
0.335820896,0.219020173,0.999993200
0.343283582,0.219020173,0.999993100
0.358208955,0.219020173,0.999992500
0.358208955,0.221902017,0.999991900
0.373134328,0.221902017,0.999991400
0.380597015,0.224783862,0.999991300
0.402985075,0.224783862,0.999991200
0.402985075,0.233429395,0.999990700
0.432835821,0.233429395,0.999989400
0.440298507,0.236311239,0.999989300
0.440298507,0.239193084,0.999989030
0.447761194,0.239193084,0.999988700
0.447761194,0.242074928,0.999988560
0.455223881,0.242074928,0.999988440
0.455223881,0.247838617,0.999988100
0.462686567,0.247838617,0.999987600
0.477611940,0.253602305,0.999987500
0.492537313,0.253602305,0.999987240
0.492537313,0.256484150,0.999987100
0.507462687,0.256484150,0.999986770
0.522388060,0.256484150,0.999986200
0.544776119,0.256484150,0.999985600
0.544776119,0.262247839,0.999985200
0.589552239,0.262247839,0.999983670
0.604477612,0.262247839,0.999983550
0.604477612,0.265129683,0.999983430
0.619402985,0.265129683,0.999983300
0.619402985,0.270893372,0.999982500
0.634328358,0.270893372,0.999981900
0.649253731,0.270893372,0.999981640
0.671641791,0.270893372,0.999981050
0.671641791,0.276657061,0.999979600
0.686567164,0.276657061,0.999978660
0.686567164,0.282420749,0.999978400
0.686567164,0.285302594,0.999978070
0.694029851,0.288184438,0.999977470
0.731343284,0.288184438,0.999975900
0.731343284,0.291066282,0.999975560
0.738805970,0.291066282,0.999974700
0.738805970,0.296829971,0.999974250
0.746268657,0.299711816,0.999974000
0.746268657,0.302593660,0.999973200
0.768656716,0.302593660,0.999972200
0.768656716,0.311239193,0.999971500
0.783582090,0.311239193,0.999971150
0.805970149,0.311239193,0.999970440
0.805970149,0.314121037,0.999970200
0.813432836,0.314121037,0.999969840
0.820895522,0.317002882,0.999969360
0.850746269,0.317002882,0.999968500
0.850746269,0.319884726,0.999967800
0.865671642,0.319884726,0.999965400
0.865671642,0.322766571,0.999965300
0.873134328,0.322766571,0.999964700
0.880597015,0.325648415,0.999964240
0.910447761,0.325648415,0.999963300
0.910447761,0.328530259,0.999963160
0.940298507,0.328530259,0.999962450
0.947761194,0.331412104,0.999962330
0.962686567,0.331412104,0.999961600
0.962686567,0.334293948,0.999961260
0.977611940,0.334293948,0.999960900
0.977611940,0.337175793,0.999960060
1.007462687,0.337175793,0.999957900
1.007462687,0.340057637,0.999957100
1.037313433,0.340057637,0.999955900
1.037313433,0.342939481,0.999955530
1.044776119,0.342939481,0.999954940
1.059701493,0.342939481,0.999954700
1.067164179,0.342939481,0.999953500
1.074626866,0.345821326,0.999953150
1.089552239,0.345821326,0.999951500
1.097014925,0.345821326,0.999949930
1.097014925,0.348703170,0.999949460
1.104477612,0.348703170,0.999949100
1.104477612,0.351585014,0.999949000
1.126865672,0.351585014,0.999946700
1.126865672,0.354466859,0.999945300
1.141791045,0.354466859,0.999944100
1.156716418,0.354466859,0.999943600
1.223880597,0.354466859,0.999940400
1.223880597,0.357348703,0.999939900
1.231343284,0.357348703,0.999939300
1.231343284,0.363112392,0.999938130
1.238805970,0.365994236,0.999937900
1.261194030,0.365994236,0.999934550
1.276119403,0.365994236,0.999933100
1.283582090,0.368876081,0.999932400
1.343283582,0.368876081,0.999929400
1.343283582,0.374639769,0.999929200
1.358208955,0.374639769,0.999927900
1.358208955,0.377521614,0.999927640
1.373134328,0.377521614,0.999927400
1.380597015,0.377521614,0.999926570
1.380597015,0.380403458,0.999926100
1.455223881,0.380403458,0.999922040
1.470149254,0.380403458,0.999921800
1.477611940,0.380403458,0.999921560
1.500000000,0.380403458,0.999920600
1.507462687,0.380403458,0.999918940
1.507462687,0.383285303,0.999918600
1.514925373,0.383285303,0.999916550
1.514925373,0.391930836,0.999916430
1.522388060,0.391930836,0.999915240
1.522388060,0.397694524,0.999915100
1.529850746,0.397694524,0.999915000
1.544776119,0.397694524,0.999913930
1.567164179,0.397694524,0.999912740
1.567164179,0.403458213,0.999912500
1.574626866,0.403458213,0.999912260
1.574626866,0.406340058,0.999910240
1.582089552,0.406340058,0.999910000
1.597014925,0.406340058,0.999909900
1.626865672,0.406340058,0.999907850
1.626865672,0.409221902,0.999907500
1.634328358,0.412103746,0.999907000
1.634328358,0.414985591,0.999904900
1.641791045,0.417867435,0.999904750
1.641791045,0.420749280,0.999902960
1.671641791,0.420749280,0.999901060
1.671641791,0.423631124,0.999900700
1.686567164,0.423631124,0.999898800
1.701492537,0.423631124,0.999896760
1.716417910,0.423631124,0.999894500
1.723880597,0.423631124,0.999891640
1.738805970,0.423631124,0.999889730
1.753731343,0.423631124,0.999889000
1.753731343,0.426512968,0.999887470
1.798507463,0.426512968,0.999882940
1.813432836,0.426512968,0.999882460
1.843283582,0.426512968,0.999881600
1.843283582,0.429394813,0.999879100
1.858208955,0.429394813,0.999878170
1.858208955,0.432276657,0.999877450
1.865671642,0.432276657,0.999876600
1.865671642,0.435158501,0.999876260
1.880597015,0.435158501,0.999875550
1.895522388,0.435158501,0.999875400
1.910447761,0.435158501,0.999873900
1.910447761,0.438040346,0.999873500
1.955223881,0.438040346,0.999868500
1.955223881,0.440922190,0.999868150
1.962686567,0.440922190,0.999866250
1.977611940,0.440922190,0.999865650
1.985074627,0.440922190,0.999865300
1.985074627,0.443804035,0.999864340
2.000000000,0.443804035,0.999864200
2.022388060,0.443804035,0.999862300
2.022388060,0.446685879,0.999861360
2.111940299,0.446685879,0.999852540
2.126865672,0.446685879,0.999851000
2.156716418,0.446685879,0.999847530
2.156716418,0.452449568,0.999847200
2.291044776,0.452449568,0.999831200
2.291044776,0.458213256,0.999830500
2.298507463,0.458213256,0.999830000
2.298507463,0.461095101,0.999829200
2.328358209,0.461095101,0.999824800
2.328358209,0.463976945,0.999824350
2.335820896,0.463976945,0.999823870
2.350746269,0.463976945,0.999823630
2.373134328,0.463976945,0.999820530
2.373134328,0.466858790,0.999819600
2.395522388,0.466858790,0.999814800
2.410447761,0.466858790,0.999814450
2.425373134,0.466858790,0.999813600
2.425373134,0.472622478,0.999810640
2.440298507,0.472622478,0.999807540
2.440298507,0.475504323,0.999806340
2.455223881,0.475504323,0.999806100
2.470149254,0.475504323,0.999804800
2.470149254,0.478386167,0.999804440
2.567164179,0.478386167,0.999795140
2.582089552,0.478386167,0.999793600
2.634328358,0.478386167,0.999788600
2.634328358,0.481268012,0.999785500
2.664179104,0.481268012,0.999782150
2.686567164,0.481268012,0.999781800
2.694029851,0.481268012,0.999779760
2.708955224,0.481268012,0.999777730
2.723880597,0.481268012,0.999776900
2.738805970,0.481268012,0.999776300
2.753731343,0.481268012,0.999774630
2.753731343,0.484149856,0.999773800
2.776119403,0.484149856,0.999773560
2.910447761,0.484149856,0.999759500
2.910447761,0.489913545,0.999758900
2.917910448,0.489913545,0.999758660
2.917910448,0.492795389,0.999758400
2.962686567,0.492795389,0.999754000
2.977611940,0.492795389,0.999753300
2.992537313,0.492795389,0.999752340
2.992537313,0.495677233,0.999752200
3.014925373,0.495677233,0.999746860
3.029850746,0.495677233,0.999746000
3.111940299,0.495677233,0.999736700
3.126865672,0.495677233,0.999736500
3.305970149,0.495677233,0.999706100
3.313432836,0.498559078,0.999705730
3.343283582,0.498559078,0.999697200
3.350746269,0.501440922,0.999696500
3.417910448,0.501440922,0.999683600
3.417910448,0.504322767,0.999682660
3.447761194,0.504322767,0.999674300
3.462686567,0.504322767,0.999674100
3.522388060,0.504322767,0.999663230
3.522388060,0.507204611,0.999661900
3.552238806,0.507204611,0.999656800
3.552238806,0.510086455,0.999656100
3.567164179,0.510086455,0.999655000
3.574626866,0.510086455,0.999653000
3.589552239,0.510086455,0.999652860
3.597014925,0.510086455,0.999650840
3.611940299,0.510086455,0.999648600
3.619402985,0.510086455,0.999645700
3.619402985,0.512968300,0.999645350
3.679104478,0.512968300,0.999634600
3.686567164,0.515850144,0.999632360
3.716417910,0.515850144,0.999625560
3.716417910,0.518731988,0.999623800
3.776119403,0.518731988,0.999609530
3.791044776,0.518731988,0.999608340
3.791044776,0.524495677,0.999603570
3.835820896,0.524495677,0.999596800
3.850746269,0.524495677,0.999596200
3.888059701,0.524495677,0.999589860
3.902985075,0.527377522,0.999589500
3.910447761,0.527377522,0.999587000
3.925373134,0.527377522,0.999585900
4.000000000,0.527377522,0.999571860
4.000000000,0.530259366,0.999571500
4.022388060,0.530259366,0.999568640
4.111940299,0.530259366,0.999555300
4.111940299,0.533141210,0.999554200
4.283582090,0.533141210,0.999523160
4.283582090,0.536023055,0.999523040
4.350746269,0.536023055,0.999513150
4.365671642,0.536023055,0.999512700
4.373134328,0.536023055,0.999511960
4.388059701,0.536023055,0.999510500
4.395522388,0.538904899,0.999509450
4.402985075,0.538904899,0.999505500
4.432835821,0.538904899,0.999502200
4.432835821,0.541786744,0.999501100
4.477611940,0.541786744,0.999496340
4.507462687,0.541786744,0.999490500
4.694029851,0.541786744,0.999460500
4.723880597,0.541786744,0.999456470
4.768656716,0.541786744,0.999450400
4.768656716,0.544668588,0.999447640
4.776119403,0.544668588,0.999445500
4.783582090,0.547550432,0.999445140
4.798507463,0.547550432,0.999441900
4.798507463,0.550432277,0.999441200
4.925373134,0.550432277,0.999419570
4.925373134,0.553314121,0.999417800
4.940298507,0.553314121,0.999417200
5.007462687,0.553314121,0.999406700
5.007462687,0.556195965,0.999406600
5.097014925,0.556195965,0.999378100
5.111940299,0.556195965,0.999377550
5.134328358,0.556195965,0.999371700
5.149253731,0.556195965,0.999370300
5.164179104,0.556195965,0.999369440
5.179104478,0.556195965,0.999360860
5.320895522,0.556195965,0.999329570
5.335820896,0.556195965,0.999329450
5.358208955,0.556195965,0.999326600
5.373134328,0.556195965,0.999324800
5.380597015,0.556195965,0.999323250
5.380597015,0.559077810,0.999319900
5.395522388,0.559077810,0.999317400
5.395522388,0.561959654,0.999317300
5.649253731,0.561959654,0.999265250
5.649253731,0.564841499,0.999264800
5.679104478,0.564841499,0.999260840
5.679104478,0.567723343,0.999260500
5.694029851,0.567723343,0.999258600
5.708955224,0.567723343,0.999252400
5.731343284,0.567723343,0.999247300
5.731343284,0.570605187,0.999244330
5.910447761,0.570605187,0.999198730
5.925373134,0.570605187,0.999197300
6.067164179,0.570605187,0.999159930
6.082089552,0.570605187,0.999159460
6.097014925,0.570605187,0.999159100
6.111940299,0.570605187,0.999158860
6.201492537,0.570605187,0.999145270
6.216417910,0.570605187,0.999145150
6.231343284,0.570605187,0.999142170
6.238805970,0.573487032,0.999141450
6.268656716,0.573487032,0.999135200
6.268656716,0.576368876,0.999133170
6.358208955,0.576368876,0.999114930
6.373134328,0.576368876,0.999109700
6.402985075,0.576368876,0.999099250
6.417910448,0.576368876,0.999097700
6.462686567,0.576368876,0.999085800
6.477611940,0.576368876,0.999085550
6.544776119,0.576368876,0.999073500
6.559701493,0.576368876,0.999072550
6.694029851,0.576368876,0.999049250
6.694029851,0.579250720,0.999048530
6.723880597,0.579250720,0.999043760
6.738805970,0.579250720,0.999043500
6.783582090,0.579250720,0.999040200
6.828358209,0.579250720,0.999036550
6.828358209,0.582132565,0.999033900
6.873134328,0.582132565,0.999024870
6.880597015,0.585014409,0.999019270
6.895522388,0.585014409,0.999013900
6.895522388,0.587896254,0.999010200
7.037313433,0.587896254,0.998985100
7.052238806,0.587896254,0.998985000
7.149253731,0.587896254,0.998955250
7.156716418,0.590778098,0.998954200
7.156716418,0.593659942,0.998949470
7.171641791,0.593659942,0.998948160
7.171641791,0.596541787,0.998944940
7.201492537,0.596541787,0.998931600
7.201492537,0.599423631,0.998931470
7.350746269,0.599423631,0.998902300
7.365671642,0.599423631,0.998900300
7.455223881,0.599423631,0.998885000
7.470149254,0.599423631,0.998879400
7.537313433,0.599423631,0.998867150
7.552238806,0.599423631,0.998865600
7.701492537,0.599423631,0.998815660
7.701492537,0.602305476,0.998815300
7.723880597,0.602305476,0.998804900
7.723880597,0.605187320,0.998800900
7.746268657,0.605187320,0.998798000
7.753731343,0.608069164,0.998795150
7.925373134,0.608069164,0.998743950
7.925373134,0.610951009,0.998742500
7.940298507,0.610951009,0.998739060
8.029850746,0.610951009,0.998718260
8.044776119,0.610951009,0.998715640
8.089552239,0.610951009,0.998704430
8.104477612,0.610951009,0.998703840
8.305970149,0.610951009,0.998659730
8.320895522,0.610951009,0.998659600
8.350746269,0.610951009,0.998652400
8.350746269,0.613832853,0.998647500
8.410447761,0.613832853,0.998638330
8.432835821,0.613832853,0.998636400
8.447761194,0.613832853,0.998634900
8.462686567,0.613832853,0.998633700
8.477611940,0.613832853,0.998631060
8.514925373,0.613832853,0.998619560
8.529850746,0.613832853,0.998618840
8.641791045,0.613832853,0.998596600
8.656716418,0.613832853,0.998594460
8.731343284,0.613832853,0.998574730
8.746268657,0.613832853,0.998574000
8.850746269,0.613832853,0.998552000
8.850746269,0.616714697,0.998550950
8.962686567,0.616714697,0.998508500
8.992537313,0.616714697,0.998504640
9.037313433,0.616714697,0.998488550
9.037313433,0.619596542,0.998487230
9.097014925,0.619596542,0.998471300
9.111940299,0.619596542,0.998469050
9.470149254,0.619596542,0.998355900
9.485074627,0.619596542,0.998355700
9.559701493,0.619596542,0.998345140
9.574626866,0.619596542,0.998344200
9.679104478,0.619596542,0.998318100
9.679104478,0.622478386,0.998316400
9.731343284,0.622478386,0.998297750
9.746268657,0.622478386,0.998295000
9.850746269,0.622478386,0.998246550
9.865671642,0.622478386,0.998245000
9.895522388,0.622478386,0.998239900
9.895522388,0.625360231,0.998236900
9.955223881,0.625360231,0.998221340
9.970149254,0.625360231,0.998217300
9.985074627,0.625360231,0.998214840
9.992537313,0.628242075,0.998213200
10.529850746,0.628242075,0.998040260
10.544776119,0.628242075,0.998039900
10.611940299,0.628242075,0.998020650
10.626865672,0.628242075,0.998019930
10.626865672,0.634005764,0.998018500
10.858208955,0.634005764,0.997955200
10.888059701,0.634005764,0.997953300
10.970149254,0.634005764,0.997922960
10.985074627,0.634005764,0.997912600
11.029850746,0.634005764,0.997892900
11.029850746,0.639769452,0.997882800
11.037313433,0.639769452,0.997881100
11.037313433,0.642651297,0.997878300
11.119402985,0.642651297,0.997854650
11.119402985,0.645533141,0.997853460
11.149253731,0.645533141,0.997846960
11.171641791,0.645533141,0.997844100
11.246268657,0.645533141,0.997822170
11.253731343,0.648414986,0.997821570
11.320895522,0.648414986,0.997801000
11.350746269,0.648414986,0.997795340
11.365671642,0.648414986,0.997787950
11.380597015,0.648414986,0.997787830
11.455223881,0.648414986,0.997765300
11.455223881,0.651296830,0.997760200
11.492537313,0.651296830,0.997741800
11.507462687,0.651296830,0.997740600
11.611940299,0.651296830,0.997711300
11.626865672,0.651296830,0.997709400
11.865671642,0.651296830,0.997637870
11.895522388,0.651296830,0.997632740
11.932835821,0.651296830,0.997615600
11.947761194,0.651296830,0.997614260
12.022388060,0.651296830,0.997590070
12.037313433,0.651296830,0.997588160
12.067164179,0.651296830,0.997585060
12.067164179,0.654178674,0.997584460
12.082089552,0.654178674,0.997577600
12.097014925,0.654178674,0.997577500
12.149253731,0.654178674,0.997546600
12.164179104,0.654178674,0.997544200
12.485074627,0.654178674,0.997388060
12.500000000,0.654178674,0.997382940
12.544776119,0.654178674,0.997364340
12.544776119,0.657060519,0.997362100
12.701492537,0.657060519,0.997323200
12.701492537,0.659942363,0.997319640
12.723880597,0.659942363,0.997309800
12.738805970,0.659942363,0.997308500
12.776119403,0.659942363,0.997299730
12.791044776,0.659942363,0.997299130
12.888059701,0.659942363,0.997262360
12.902985075,0.659942363,0.997261170
13.246268657,0.659942363,0.997123200
13.246268657,0.662824207,0.997117640
13.253731343,0.662824207,0.997117040
13.253731343,0.665706052,0.997107100
13.417910448,0.665706052,0.997039100
13.447761194,0.665706052,0.997033100
13.492537313,0.665706052,0.997011800
13.507462687,0.665706052,0.997010350
13.567164179,0.665706052,0.996982500
13.567164179,0.668587896,0.996982160
13.686567164,0.668587896,0.996933600
13.686567164,0.671469741,0.996933100
14.007462687,0.671469741,0.996805900
14.022388060,0.671469741,0.996797000
14.052238806,0.671469741,0.996786360
14.067164179,0.671469741,0.996782060
14.320895522,0.671469741,0.996650760
14.320895522,0.674351585,0.996649560
14.664179104,0.674351585,0.996521350
14.679104478,0.674351585,0.996519450
14.716417910,0.674351585,0.996499060
14.716417910,0.677233429,0.996495400
14.761194030,0.677233429,0.996480940
14.761194030,0.680115274,0.996473000
14.813432836,0.680115274,0.996455200
14.828358209,0.680115274,0.996447440
14.828358209,0.682997118,0.996447270
14.888059701,0.682997118,0.996406140
14.902985075,0.682997118,0.996402140
14.932835821,0.682997118,0.996383800
14.962686567,0.682997118,0.996380400
15.000000000,0.682997118,0.996373360
15.014925373,0.682997118,0.996365300
15.141791045,0.682997118,0.996318800
15.156716418,0.682997118,0.996311250
15.186567164,0.682997118,0.996302960
15.201492537,0.682997118,0.996301300
15.261194030,0.682997118,0.996273040
15.276119403,0.682997118,0.996269000
15.320895522,0.682997118,0.996256800
15.320895522,0.685878963,0.996252800
15.522388060,0.685878963,0.996176700
15.537313433,0.685878963,0.996176500
15.656716418,0.685878963,0.996109660
15.656716418,0.691642651,0.996109070
15.895522388,0.691642651,0.996015500
15.910447761,0.691642651,0.996012450
15.910447761,0.694524496,0.996010800
15.932835821,0.694524496,0.996006550
15.932835821,0.697406340,0.995995300
15.955223881,0.697406340,0.995990600
15.955223881,0.703170029,0.995986300
16.059701493,0.703170029,0.995946000
16.059701493,0.706051873,0.995944100
16.171641791,0.706051873,0.995883400
16.186567164,0.706051873,0.995881440
16.395522388,0.706051873,0.995807200
16.410447761,0.706051873,0.995798900
16.500000000,0.706051873,0.995745700
16.529850746,0.706051873,0.995738740
16.716417910,0.706051873,0.995618100
16.738805970,0.706051873,0.995613460
16.753731343,0.706051873,0.995605000
16.768656716,0.706051873,0.995598000
17.186567164,0.706051873,0.995358770
17.201492537,0.706051873,0.995358170
17.619402985,0.706051873,0.995164400
17.619402985,0.711815562,0.995164040
17.679104478,0.711815562,0.995150150
17.694029851,0.711815562,0.995146700
17.723880597,0.711815562,0.995136900
17.723880597,0.714697406,0.995135840
17.746268657,0.714697406,0.995128400
17.761194030,0.714697406,0.995128040
17.962686567,0.714697406,0.995035950
17.977611940,0.714697406,0.995034930
18.052238806,0.714697406,0.994989800
18.082089552,0.714697406,0.994985460
18.097014925,0.714697406,0.994967040
18.111940299,0.714697406,0.994966200
18.171641791,0.714697406,0.994933400
18.186567164,0.714697406,0.994931300
18.238805970,0.714697406,0.994898500
18.253731343,0.714697406,0.994890700
18.305970149,0.714697406,0.994868400
18.320895522,0.714697406,0.994866700
18.522388060,0.714697406,0.994778500
18.537313433,0.714697406,0.994777800
18.552238806,0.714697406,0.994766600
18.567164179,0.714697406,0.994756700
19.097014925,0.714697406,0.994442160
19.111940299,0.714697406,0.994440100
19.111940299,0.717579251,0.994432870
19.194029851,0.717579251,0.994401300
19.208955224,0.717579251,0.994398300
19.410447761,0.717579251,0.994270100
19.410447761,0.720461095,0.994262200
19.470149254,0.720461095,0.994218100
19.485074627,0.726224784,0.994212000
19.723880597,0.726224784,0.994091600
19.738805970,0.726224784,0.994091200
19.858208955,0.726224784,0.994031370
19.888059701,0.726224784,0.994025800
19.888059701,0.729106628,0.994023500
19.895522388,0.729106628,0.994019750
19.895522388,0.731988473,0.994012300
19.970149254,0.731988473,0.993946800
19.985074627,0.731988473,0.993944200
20.074626866,0.731988473,0.993884150
20.089552239,0.731988473,0.993884000
20.104477612,0.731988473,0.993875900
20.119402985,0.731988473,0.993870140
20.238805970,0.731988473,0.993807000
20.253731343,0.731988473,0.993800700
20.447761194,0.731988473,0.993671800
20.462686567,0.731988473,0.993669330
20.679104478,0.731988473,0.993528200
20.694029851,0.731988473,0.993526700
20.716417910,0.731988473,0.993512330
20.731343284,0.731988473,0.993511740
20.746268657,0.731988473,0.993510800
20.761194030,0.731988473,0.993509350
20.917910448,0.731988473,0.993425000
20.932835821,0.731988473,0.993412550
21.022388060,0.731988473,0.993369800
21.022388060,0.734870317,0.993369500
21.134328358,0.734870317,0.993320470
21.134328358,0.737752161,0.993319400
21.231343284,0.737752161,0.993270340
21.246268657,0.737752161,0.993268550
21.380597015,0.737752161,0.993194460
21.395522388,0.737752161,0.993193700
21.529850746,0.737752161,0.993127470
21.544776119,0.737752161,0.993127000
21.641791045,0.737752161,0.993048130
21.641791045,0.740634006,0.993047200
21.835820896,0.740634006,0.992906700
21.850746269,0.740634006,0.992901200
21.865671642,0.740634006,0.992892600
21.880597015,0.740634006,0.992886000
21.985074627,0.740634006,0.992823240
21.985074627,0.743515850,0.992817300
22.283582090,0.743515850,0.992622000
22.298507463,0.743515850,0.992619800
22.388059701,0.743515850,0.992571900
22.402985075,0.743515850,0.992561300
22.537313433,0.743515850,0.992460800
22.552238806,0.743515850,0.992460100
22.567164179,0.743515850,0.992454900
22.582089552,0.743515850,0.992445050
22.798507463,0.743515850,0.992314400
22.813432836,0.743515850,0.992302900
22.865671642,0.743515850,0.992281400
22.880597015,0.743515850,0.992280000
23.097014925,0.743515850,0.992130600
23.111940299,0.743515850,0.992128970
23.141791045,0.743515850,0.992110430
23.156716418,0.743515850,0.992106200
23.380597015,0.743515850,0.991923030
23.395522388,0.743515850,0.991922740
23.940298507,0.743515850,0.991589250
23.955223881,0.743515850,0.991589000
23.977611940,0.743515850,0.991556640
23.992537313,0.743515850,0.991540600
24.119402985,0.743515850,0.991438400
24.134328358,0.743515850,0.991438150
24.171641791,0.743515850,0.991411200
24.171641791,0.746397695,0.991411100
24.529850746,0.746397695,0.991158300
24.544776119,0.746397695,0.991149070
24.671641791,0.746397695,0.991051850
24.686567164,0.746397695,0.991042140
24.708955224,0.746397695,0.991012630
24.723880597,0.746397695,0.991006300
25.082089552,0.746397695,0.990767100
25.097014925,0.746397695,0.990751600
25.462686567,0.746397695,0.990515350
25.477611940,0.746397695,0.990500570
25.552238806,0.746397695,0.990449850
25.567164179,0.746397695,0.990445730
25.619402985,0.746397695,0.990396260
25.619402985,0.749279539,0.990394900
25.656716418,0.749279539,0.990358530
25.679104478,0.749279539,0.990348100
25.798507463,0.749279539,0.990286200
25.813432836,0.749279539,0.990276800
25.880597015,0.749279539,0.990220670
25.895522388,0.749279539,0.990218000
26.014925373,0.749279539,0.990164100
26.014925373,0.752161383,0.990158140
26.283582090,0.752161383,0.989958600
26.298507463,0.752161383,0.989953340
26.485074627,0.752161383,0.989787340
26.485074627,0.755043228,0.989780660
26.574626866,0.755043228,0.989707100
26.589552239,0.755043228,0.989706900
26.708955224,0.755043228,0.989586700
26.723880597,0.755043228,0.989584150
27.171641791,0.755043228,0.989204470
27.186567164,0.755043228,0.989197550
27.201492537,0.755043228,0.989191950
27.216417910,0.755043228,0.989189600
27.291044776,0.755043228,0.989098400
27.291044776,0.757925072,0.989094560
27.313432836,0.757925072,0.989077570
27.328358209,0.757925072,0.989075660
27.425373134,0.757925072,0.989030400
27.440298507,0.757925072,0.989029050
27.485074627,0.757925072,0.989001500
27.500000000,0.757925072,0.988999070
27.604477612,0.757925072,0.988916300
27.604477612,0.760806916,0.988915800
27.649253731,0.760806916,0.988889930
27.664179104,0.760806916,0.988875030
28.238805970,0.760806916,0.988424200
28.238805970,0.763688761,0.988421740
28.320895522,0.763688761,0.988369460
28.335820896,0.763688761,0.988369200
28.664179104,0.763688761,0.988140100
28.679104478,0.763688761,0.988135340
28.858208955,0.763688761,0.987993960
28.873134328,0.763688761,0.987992000
28.955223881,0.763688761,0.987954740
28.970149254,0.763688761,0.987946570
28.985074627,0.763688761,0.987939360
29.000000000,0.763688761,0.987918900
29.052238806,0.763688761,0.987872240
29.067164179,0.763688761,0.987866900
29.171641791,0.763688761,0.987779740
29.186567164,0.763688761,0.987779560
29.298507463,0.763688761,0.987697900
29.313432836,0.763688761,0.987694500
29.350746269,0.763688761,0.987645000
29.350746269,0.766570605,0.987641160
29.835820896,0.766570605,0.987259600
29.850746269,0.766570605,0.987258400
30.134328358,0.766570605,0.987056900
30.149253731,0.766570605,0.987056600
30.164179104,0.766570605,0.987051370
30.164179104,0.769452450,0.987047700
30.223880597,0.769452450,0.986986340
30.238805970,0.769452450,0.986975850
30.432835821,0.769452450,0.986831070
30.432835821,0.772334294,0.986829460
30.470149254,0.772334294,0.986784000
30.485074627,0.772334294,0.986774200
30.500000000,0.772334294,0.986763540
30.514925373,0.772334294,0.986745200
30.686567164,0.772334294,0.986551300
30.701492537,0.772334294,0.986538500
30.701492537,0.775216138,0.986537460
30.813432836,0.775216138,0.986402200
30.813432836,0.778097983,0.986399530
30.835820896,0.778097983,0.986378200
30.850746269,0.778097983,0.986370200
30.947761194,0.778097983,0.986315250
30.970149254,0.778097983,0.986314300
31.261194030,0.778097983,0.986032660
31.276119403,0.778097983,0.986030600
31.298507463,0.778097983,0.986011000
31.313432836,0.778097983,0.986007000
31.537313433,0.778097983,0.985818100
31.552238806,0.778097983,0.985817250
31.858208955,0.778097983,0.985559100
31.858208955,0.780979827,0.985551830
31.888059701,0.780979827,0.985539440
31.902985075,0.780979827,0.985527300
31.955223881,0.780979827,0.985464500
31.970149254,0.780979827,0.985461300
32.111940299,0.780979827,0.985345540
32.126865672,0.780979827,0.985341900
32.201492537,0.780979827,0.985246540
32.201492537,0.783861671,0.985246360
32.462686567,0.783861671,0.984964300
32.477611940,0.783861671,0.984956300
32.761194030,0.783861671,0.984587300
32.776119403,0.783861671,0.984567900
33.119402985,0.783861671,0.984317540
33.119402985,0.786743516,0.984316050
33.171641791,0.786743516,0.984282900
33.186567164,0.786743516,0.984274800
33.358208955,0.786743516,0.984137300
33.373134328,0.786743516,0.984131400
33.664179104,0.786743516,0.983884700
33.679104478,0.786743516,0.983884300
33.753731343,0.786743516,0.983814900
33.753731343,0.789625360,0.983805000
34.343283582,0.789625360,0.983159200
34.358208955,0.789625360,0.983157700
34.470149254,0.789625360,0.982998900
34.485074627,0.789625360,0.982979660
34.619402985,0.789625360,0.982846100
34.634328358,0.789625360,0.982843340
34.895522388,0.789625360,0.982644500
34.910447761,0.789625360,0.982641700
34.947761194,0.789625360,0.982609500
34.962686567,0.789625360,0.982605800
35.074626866,0.789625360,0.982506800
35.089552239,0.789625360,0.982504400
35.179104478,0.789625360,0.982388200
35.194029851,0.789625360,0.982386700
35.291044776,0.789625360,0.982286300
35.305970149,0.789625360,0.982263270
35.373134328,0.789625360,0.982180830
35.388059701,0.789625360,0.982177730
35.462686567,0.789625360,0.982140800
35.477611940,0.789625360,0.982125760
35.604477612,0.789625360,0.982020200
35.619402985,0.789625360,0.982019840
35.865671642,0.789625360,0.981800900
35.880597015,0.789625360,0.981793000
35.962686567,0.789625360,0.981680400
35.977611940,0.789625360,0.981679300
36.052238806,0.789625360,0.981639150
36.067164179,0.789625360,0.981634200
36.208955224,0.789625360,0.981476370
36.223880597,0.789625360,0.981476070
36.500000000,0.789625360,0.981186400
36.514925373,0.789625360,0.981179830
36.805970149,0.789625360,0.980933400
36.805970149,0.792507205,0.980926630
36.865671642,0.792507205,0.980872300
36.880597015,0.792507205,0.980858500
37.037313433,0.792507205,0.980668300
37.052238806,0.792507205,0.980661630
37.164179104,0.792507205,0.980539440
37.179104478,0.792507205,0.980533100
37.201492537,0.792507205,0.980496470
37.216417910,0.792507205,0.980492100
37.589552239,0.792507205,0.980066400
37.604477612,0.792507205,0.980060600
37.619402985,0.792507205,0.980043770
37.619402985,0.795389049,0.980039540
38.052238806,0.795389049,0.979565900
38.067164179,0.795389049,0.979558770
38.522388060,0.795389049,0.979117500
38.537313433,0.795389049,0.979078000
38.634328358,0.795389049,0.978959140
38.649253731,0.795389049,0.978955270
38.776119403,0.795389049,0.978741000
38.791044776,0.795389049,0.978733800
38.865671642,0.795389049,0.978678400
38.880597015,0.795389049,0.978673760
38.895522388,0.795389049,0.978671000
38.910447761,0.795389049,0.978653700
39.089552239,0.795389049,0.978420560
39.104477612,0.795389049,0.978418600
39.291044776,0.795389049,0.978230240
39.305970149,0.795389049,0.978220400
39.529850746,0.795389049,0.977938650
39.544776119,0.795389049,0.977926200
39.649253731,0.795389049,0.977842600
39.664179104,0.795389049,0.977842500
39.970149254,0.795389049,0.977424260
39.985074627,0.795389049,0.977394000
40.014925373,0.795389049,0.977351500
40.029850746,0.795389049,0.977348450
40.597014925,0.795389049,0.976661260
40.611940299,0.795389049,0.976650660
40.649253731,0.795389049,0.976609500
40.664179104,0.795389049,0.976604500
41.388059701,0.795389049,0.975747400
41.402985075,0.795389049,0.975730540
41.694029851,0.795389049,0.975459200
41.708955224,0.795389049,0.975446760
42.179104478,0.795389049,0.974803570
42.194029851,0.795389049,0.974801660
42.425373134,0.795389049,0.974555900
42.440298507,0.795389049,0.974548340
42.843283582,0.795389049,0.974064600
42.843283582,0.798270893,0.974035860
42.910447761,0.798270893,0.973971100
42.925373134,0.798270893,0.973955200
42.932835821,0.798270893,0.973949700
42.932835821,0.801152738,0.973946300
43.223880597,0.801152738,0.973552940
43.238805970,0.801152738,0.973551700
43.365671642,0.801152738,0.973383670
43.380597015,0.801152738,0.973380100
43.455223881,0.801152738,0.973306240
43.470149254,0.801152738,0.973302840
43.716417910,0.801152738,0.973035700
43.731343284,0.801152738,0.973032100
43.753731343,0.801152738,0.973020700
43.768656716,0.801152738,0.973008400
43.917910448,0.801152738,0.972835200
43.932835821,0.801152738,0.972833930
44.014925373,0.801152738,0.972659900
44.044776119,0.801152738,0.972644900
44.097014925,0.801152738,0.972552660
44.097014925,0.804034582,0.972537000
44.141791045,0.804034582,0.972441900
44.156716418,0.804034582,0.972433270
44.216417910,0.804034582,0.972322340
44.231343284,0.804034582,0.972317400
44.395522388,0.804034582,0.972052750
44.395522388,0.806916427,0.972042000
44.574626866,0.806916427,0.971771660
44.589552239,0.806916427,0.971724800
44.753731343,0.806916427,0.971474100
44.768656716,0.806916427,0.971468500
44.776119403,0.806916427,0.971464200
44.776119403,0.809798271,0.971451500
44.798507463,0.809798271,0.971401750
44.813432836,0.809798271,0.971393600
45.365671642,0.809798271,0.970523240
45.365671642,0.812680115,0.970522100
45.410447761,0.812680115,0.970466800
45.425373134,0.812680115,0.970439900
45.589552239,0.812680115,0.970245540
45.604477612,0.812680115,0.970243040
45.798507463,0.812680115,0.970041900
45.813432836,0.812680115,0.970028500
45.925373134,0.812680115,0.969834300
45.940298507,0.812680115,0.969831500
45.970149254,0.812680115,0.969813200
45.985074627,0.812680115,0.969757100
45.992537313,0.812680115,0.969742500
46.007462687,0.812680115,0.969723400
46.044776119,0.812680115,0.969673450
46.044776119,0.815561960,0.969663900
46.052238806,0.815561960,0.969644300
46.067164179,0.815561960,0.969629600
46.134328358,0.815561960,0.969472600
46.149253731,0.815561960,0.969450650
46.186567164,0.815561960,0.969387350
46.201492537,0.815561960,0.969382300
46.477611940,0.815561960,0.968949440
46.492537313,0.815561960,0.968943400
46.544776119,0.815561960,0.968876240
46.559701493,0.815561960,0.968868600
47.216417910,0.815561960,0.967967450
47.231343284,0.815561960,0.967952400
47.283582090,0.815561960,0.967921100
47.298507463,0.815561960,0.967919650
47.701492537,0.815561960,0.967405900
47.716417910,0.815561960,0.967405600
47.723880597,0.815561960,0.967393900
47.723880597,0.818443804,0.967393760
47.768656716,0.818443804,0.967327200
47.783582090,0.818443804,0.967315440
47.850746269,0.818443804,0.967243970
47.865671642,0.818443804,0.967233240
48.014925373,0.818443804,0.967011500
48.014925373,0.821325648,0.967010900
48.126865672,0.821325648,0.966861100
48.141791045,0.821325648,0.966860000
48.149253731,0.821325648,0.966841940
48.164179104,0.821325648,0.966837940
48.343283582,0.821325648,0.966546400
48.358208955,0.821325648,0.966531040
48.455223881,0.821325648,0.966336400
48.470149254,0.821325648,0.966322300
48.753731343,0.821325648,0.965991900
48.768656716,0.821325648,0.965984340
49.111940299,0.821325648,0.965435800
49.126865672,0.821325648,0.965403700
49.216417910,0.821325648,0.965245300
49.231343284,0.821325648,0.965244650
49.500000000,0.821325648,0.964686040
49.514925373,0.821325648,0.964681150
49.977611940,0.821325648,0.964078370
49.992537313,0.821325648,0.964076640
50.141791045,0.821325648,0.963908430
50.141791045,0.824207493,0.963908000
50.261194030,0.824207493,0.963780400
50.276119403,0.824207493,0.963769260
50.835820896,0.824207493,0.962755900
50.850746269,0.824207493,0.962753060
50.917910448,0.824207493,0.962642400
50.917910448,0.827089337,0.962632400
51.194029851,0.827089337,0.962182340
51.208955224,0.827089337,0.962179500
51.320895522,0.827089337,0.962031660
51.335820896,0.827089337,0.962022100
51.373134328,0.827089337,0.961931600
51.388059701,0.827089337,0.961904470
51.619402985,0.827089337,0.961526040
51.634328358,0.827089337,0.961490750
52.044776119,0.827089337,0.960880640
52.059701493,0.827089337,0.960813300
52.171641791,0.827089337,0.960597000
52.186567164,0.827089337,0.960585950
52.462686567,0.827089337,0.960101800
52.477611940,0.827089337,0.960098400
52.507462687,0.827089337,0.960078950
52.522388060,0.827089337,0.960077600
52.529850746,0.827089337,0.960067800
52.559701493,0.827089337,0.960053700
52.611940299,0.827089337,0.959913400
52.626865672,0.827089337,0.959907770
52.679104478,0.827089337,0.959877430
52.694029851,0.827089337,0.959831200
53.402985075,0.827089337,0.958788600
53.432835821,0.827089337,0.958746100
53.761194030,0.827089337,0.958180550
53.776119403,0.827089337,0.958160940
53.843283582,0.827089337,0.958073850
53.858208955,0.827089337,0.958066500
53.902985075,0.827089337,0.957976600
53.917910448,0.827089337,0.957970860
54.134328358,0.827089337,0.957644000
54.149253731,0.827089337,0.957635700
54.261194030,0.827089337,0.957414700
54.276119403,0.827089337,0.957411300
54.291044776,0.827089337,0.957410200
54.291044776,0.829971182,0.957393700
54.380597015,0.829971182,0.957224800
54.395522388,0.829971182,0.957205800
54.820895522,0.829971182,0.956583200
54.835820896,0.829971182,0.956581530
54.962686567,0.829971182,0.956287300
54.977611940,0.829971182,0.956282560
55.089552239,0.829971182,0.956151550
55.104477612,0.829971182,0.956149900
55.522388060,0.829971182,0.955524860
55.537313433,0.829971182,0.955513540
55.544776119,0.829971182,0.955504200
55.559701493,0.829971182,0.955492500
55.791044776,0.829971182,0.955122400
55.805970149,0.829971182,0.955082300
56.410447761,0.829971182,0.954005400
56.425373134,0.829971182,0.953963340
56.455223881,0.829971182,0.953927600
56.470149254,0.829971182,0.953927460
56.477611940,0.829971182,0.953916500
56.492537313,0.829971182,0.953913750
56.604477612,0.829971182,0.953746440
56.619402985,0.829971182,0.953724100
56.858208955,0.829971182,0.953358050
56.873134328,0.829971182,0.953349700
56.992537313,0.829971182,0.953187100
57.007462687,0.829971182,0.953157840
57.492537313,0.829971182,0.952204470
57.507462687,0.829971182,0.952180300
57.858208955,0.829971182,0.951479550
57.858208955,0.832853026,0.951478100
58.186567164,0.832853026,0.951000800
58.201492537,0.832853026,0.950997900
58.216417910,0.832853026,0.950941860
58.231343284,0.832853026,0.950931850
58.417910448,0.832853026,0.950504840
58.432835821,0.832853026,0.950497900
58.514925373,0.832853026,0.950375500
58.529850746,0.832853026,0.950370300
58.962686567,0.832853026,0.949485360
58.977611940,0.832853026,0.949464400
59.126865672,0.832853026,0.949255700
59.141791045,0.832853026,0.949212430
59.365671642,0.832853026,0.948784700
59.380597015,0.832853026,0.948776500
59.865671642,0.832853026,0.947974000
59.880597015,0.832853026,0.947966930
61.261194030,0.832853026,0.945752700
61.276119403,0.832853026,0.945745100
61.470149254,0.832853026,0.945292400
61.485074627,0.832853026,0.945192930
61.649253731,0.832853026,0.944757460
61.664179104,0.832853026,0.944735940
61.746268657,0.832853026,0.944565400
61.761194030,0.832853026,0.944564040
61.776119403,0.832853026,0.944544140
61.791044776,0.832853026,0.944508300
61.820895522,0.832853026,0.944450700
61.835820896,0.832853026,0.944447600
61.970149254,0.832853026,0.944088760
61.985074627,0.832853026,0.944084000
62.328358209,0.832853026,0.943442640
62.343283582,0.832853026,0.943372100
62.634328358,0.832853026,0.942701200
62.634328358,0.835734870,0.942662100
62.783582090,0.835734870,0.942425000
62.798507463,0.835734870,0.942423760
62.888059701,0.835734870,0.942269500
62.902985075,0.835734870,0.942264740
63.022388060,0.835734870,0.942066250
63.037313433,0.835734870,0.942062500
63.074626866,0.835734870,0.942012250
63.089552239,0.835734870,0.941999800
63.485074627,0.835734870,0.941244800
63.500000000,0.835734870,0.941241860
63.611940299,0.835734870,0.941092000
63.641791045,0.835734870,0.941057700
63.962686567,0.835734870,0.940502400
63.977611940,0.835734870,0.940500500
64.111940299,0.835734870,0.940283360
64.126865672,0.835734870,0.940277500
64.253731343,0.835734870,0.940025800
64.268656716,0.835734870,0.940020560
64.462686567,0.835734870,0.939743800
64.477611940,0.835734870,0.939736400
64.753731343,0.835734870,0.939254800
64.768656716,0.835734870,0.939254760
64.873134328,0.835734870,0.939082260
64.873134328,0.838616715,0.939071800
65.186567164,0.838616715,0.938319000
65.201492537,0.838616715,0.938280940
65.425373134,0.838616715,0.937870700
65.440298507,0.838616715,0.937842600
65.753731343,0.838616715,0.937190650
65.768656716,0.838616715,0.937171100
66.089552239,0.838616715,0.936449200
66.119402985,0.838616715,0.936431500
66.522388060,0.838616715,0.935501340
66.537313433,0.838616715,0.935475400
66.611940299,0.838616715,0.935244140
66.611940299,0.841498559,0.935241640
67.007462687,0.841498559,0.934354360
67.022388060,0.841498559,0.934341130
67.388059701,0.841498559,0.933621700
67.402985075,0.841498559,0.933614850
67.514925373,0.841498559,0.933402700
67.529850746,0.841498559,0.933379300
68.343283582,0.841498559,0.931788200
68.358208955,0.841498559,0.931779900
68.470149254,0.841498559,0.931514260
68.485074627,0.841498559,0.931504000
68.500000000,0.841498559,0.931483300
68.500000000,0.844380403,0.931446500
68.589552239,0.844380403,0.931163500
68.604477612,0.844380403,0.931151000
68.656716418,0.844380403,0.931033800
68.656716418,0.847262248,0.931031000
68.686567164,0.847262248,0.930977800
68.701492537,0.847262248,0.930941800
68.805970149,0.847262248,0.930683600
68.820895522,0.847262248,0.930652300
68.828358209,0.847262248,0.930649200
68.843283582,0.847262248,0.930623800
68.992537313,0.847262248,0.930289150
69.007462687,0.847262248,0.930287900
69.261194030,0.847262248,0.929768260
69.261194030,0.850144092,0.929754000
69.544776119,0.850144092,0.929111000
69.559701493,0.850144092,0.929101770
69.567164179,0.850144092,0.929086900
69.597014925,0.850144092,0.929075600
69.619402985,0.850144092,0.929030060
69.634328358,0.850144092,0.929023560
69.641791045,0.850144092,0.929018440
69.656716418,0.850144092,0.929002900
69.746268657,0.850144092,0.928808570
69.761194030,0.850144092,0.928792660
69.835820896,0.850144092,0.928628200
69.850746269,0.850144092,0.928619200
70.022388060,0.850144092,0.928115670
70.022388060,0.853025937,0.928108300
70.082089552,0.853025937,0.928001900
70.111940299,0.853025937,0.927989840
70.373134328,0.853025937,0.927487130
70.388059701,0.853025937,0.927479300
70.455223881,0.853025937,0.927344560
70.470149254,0.853025937,0.927312100
70.701492537,0.853025937,0.926717940
70.716417910,0.853025937,0.926716700
70.798507463,0.853025937,0.926570530
70.820895522,0.853025937,0.926563440
70.977611940,0.853025937,0.926205700
70.992537313,0.853025937,0.926201500
71.343283582,0.853025937,0.925288700
71.358208955,0.853025937,0.925280330
71.417910448,0.853025937,0.925174900
71.432835821,0.853025937,0.925173900
71.559701493,0.853025937,0.925001260
71.574626866,0.853025937,0.924993400
71.813432836,0.853025937,0.924569000
71.828358209,0.853025937,0.924553630
71.843283582,0.853025937,0.924536760
71.858208955,0.853025937,0.924536400
72.373134328,0.853025937,0.923332040
72.388059701,0.853025937,0.923325840
72.910447761,0.853025937,0.921971000
72.940298507,0.853025937,0.921932900
73.007462687,0.853025937,0.921823560
73.022388060,0.853025937,0.921805200
73.082089552,0.853025937,0.921662200
73.097014925,0.853025937,0.921655400
73.141791045,0.853025937,0.921561240
73.156716418,0.853025937,0.921554740
73.283582090,0.853025937,0.921349900
73.298507463,0.853025937,0.921349700
73.597014925,0.853025937,0.920627700
73.611940299,0.853025937,0.920601960
73.820895522,0.853025937,0.920216200
73.835820896,0.853025937,0.920190600
74.007462687,0.853025937,0.919778700
74.022388060,0.853025937,0.919745100
74.216417910,0.853025937,0.919050500
74.231343284,0.853025937,0.919039850
74.395522388,0.853025937,0.918655900
74.410447761,0.853025937,0.918621700
74.529850746,0.853025937,0.918339600
74.529850746,0.855907781,0.918333650
74.626865672,0.855907781,0.918117460
74.626865672,0.858789625,0.918111440
74.746268657,0.858789625,0.917852600
74.746268657,0.864553314,0.917801440
74.761194030,0.864553314,0.917791700
74.776119403,0.864553314,0.917776350
74.985074627,0.864553314,0.917300500
75.000000000,0.864553314,0.917278300
75.074626866,0.864553314,0.917062600
75.089552239,0.864553314,0.917059540
75.156716418,0.864553314,0.916969950
75.171641791,0.864553314,0.916968500
75.365671642,0.864553314,0.916581630
75.380597015,0.864553314,0.916551900
75.455223881,0.864553314,0.916376800
75.470149254,0.864553314,0.916375760
75.746268657,0.864553314,0.915756800
75.761194030,0.864553314,0.915736300
76.126865672,0.864553314,0.914905100
76.141791045,0.864553314,0.914893870
76.358208955,0.864553314,0.914443600
76.373134328,0.864553314,0.914417560
76.820895522,0.864553314,0.913210000
76.850746269,0.864553314,0.913168130
76.947761194,0.864553314,0.912847340
76.962686567,0.864553314,0.912843900
77.014925373,0.864553314,0.912731770
77.029850746,0.864553314,0.912709100
77.059701493,0.864553314,0.912599400
77.074626866,0.864553314,0.912571000
77.447761194,0.864553314,0.911641700
77.462686567,0.864553314,0.911621200
77.619402985,0.864553314,0.911017660
77.634328358,0.864553314,0.911004000
77.753731343,0.864553314,0.910679040
77.768656716,0.864553314,0.910639000
78.552238806,0.864553314,0.908344900
78.567164179,0.864553314,0.908327300
78.791044776,0.864553314,0.907781360
78.791044776,0.867435159,0.907751440
79.470149254,0.867435159,0.906193200
79.485074627,0.867435159,0.906185400
79.574626866,0.867435159,0.906028570
79.589552239,0.867435159,0.906017070
79.664179104,0.867435159,0.905793960
79.664179104,0.870317003,0.905786100
80.380597015,0.870317003,0.904043900
80.395522388,0.870317003,0.904030560
80.462686567,0.870317003,0.903887000
80.477611940,0.870317003,0.903869330
80.522388060,0.870317003,0.903748600
80.537313433,0.870317003,0.903746840
80.671641791,0.870317003,0.903319700
80.686567164,0.870317003,0.903294200
80.701492537,0.870317003,0.903195000
80.716417910,0.870317003,0.903194550
80.888059701,0.870317003,0.902592500
80.902985075,0.870317003,0.902586940
81.104477612,0.870317003,0.902121840
81.119402985,0.870317003,0.902105330
81.425373134,0.870317003,0.901400800
81.440298507,0.870317003,0.901385200
81.477611940,0.870317003,0.901341260
81.492537313,0.870317003,0.901321300
81.701492537,0.870317003,0.900695300
81.716417910,0.870317003,0.900664500
81.843283582,0.870317003,0.900241260
81.858208955,0.870317003,0.900221400
81.940298507,0.870317003,0.900014640
81.955223881,0.870317003,0.899999700
82.238805970,0.870317003,0.899265470
82.253731343,0.870317003,0.899237300
82.276119403,0.870317003,0.899192750
82.291044776,0.870317003,0.899188200
83.119402985,0.870317003,0.897018200
83.119402985,0.873198847,0.897014740
84.000000000,0.873198847,0.894493160
84.014925373,0.873198847,0.894492200
84.186567164,0.873198847,0.893860900
84.201492537,0.873198847,0.893838300
84.328358209,0.873198847,0.893470050
84.343283582,0.873198847,0.893427430
84.783582090,0.873198847,0.892254350
84.798507463,0.873198847,0.892245950
84.955223881,0.873198847,0.891813760
84.970149254,0.873198847,0.891728160
85.022388060,0.873198847,0.891561800
85.037313433,0.873198847,0.891558400
85.746268657,0.873198847,0.889480770
85.761194030,0.873198847,0.889478600
86.044776119,0.873198847,0.888669500
86.059701493,0.873198847,0.888647850
86.395522388,0.873198847,0.887843850
86.410447761,0.873198847,0.887837300
86.485074627,0.873198847,0.887622700
86.500000000,0.873198847,0.887608650
86.880597015,0.873198847,0.886694430
86.895522388,0.873198847,0.886609500
86.977611940,0.873198847,0.886394700
86.992537313,0.873198847,0.886389730
87.029850746,0.873198847,0.886268440
87.044776119,0.873198847,0.886265460
87.328358209,0.873198847,0.885394200
87.343283582,0.873198847,0.885364500
87.761194030,0.873198847,0.884169700
87.776119403,0.873198847,0.884168800
87.858208955,0.873198847,0.883928600
87.873134328,0.873198847,0.883905950
87.970149254,0.873198847,0.883750560
87.985074627,0.873198847,0.883715570
88.440298507,0.873198847,0.882243340
88.455223881,0.873198847,0.882196800
88.477611940,0.873198847,0.882171000
88.492537313,0.873198847,0.882152600
88.537313433,0.873198847,0.882054700
88.552238806,0.873198847,0.882045200
88.805970149,0.873198847,0.881329540
88.820895522,0.873198847,0.881280360
88.820895522,0.876080692,0.881199840
88.828358209,0.876080692,0.881177100
88.843283582,0.876080692,0.881159400
89.007462687,0.876080692,0.880680560
89.022388060,0.876080692,0.880671100
89.447761194,0.876080692,0.879430060
89.462686567,0.876080692,0.879406750
89.485074627,0.876080692,0.879314200
89.500000000,0.876080692,0.879310300
89.529850746,0.876080692,0.879168750
89.544776119,0.876080692,0.879150330
89.626865672,0.876080692,0.878884800
89.641791045,0.876080692,0.878872700
89.723880597,0.876080692,0.878635400
89.738805970,0.876080692,0.878609600
89.888059701,0.876080692,0.878326950
89.902985075,0.876080692,0.878323440
90.134328358,0.876080692,0.877771600
90.149253731,0.876080692,0.877730300
90.380597015,0.876080692,0.877000870
90.395522388,0.876080692,0.876997800
90.962686567,0.876080692,0.875452460
90.977611940,0.876080692,0.875438300
91.902985075,0.876080692,0.872445050
91.917910448,0.876080692,0.872421740
92.059701493,0.876080692,0.871939200
92.074626866,0.876080692,0.871931800
92.477611940,0.876080692,0.871023900
92.492537313,0.876080692,0.870949750
92.597014925,0.876080692,0.870615240
92.611940299,0.876080692,0.870575900
92.791044776,0.876080692,0.869889140
92.820895522,0.876080692,0.869761600
92.910447761,0.876080692,0.869496640
92.940298507,0.876080692,0.869478500
92.985074627,0.876080692,0.869284300
93.000000000,0.876080692,0.869280760
93.223880597,0.876080692,0.868622300
93.238805970,0.876080692,0.868608360
93.492537313,0.876080692,0.867825270
93.507462687,0.876080692,0.867821100
93.805970149,0.876080692,0.866713170
93.820895522,0.876080692,0.866689260
94.111940299,0.876080692,0.865656260
94.126865672,0.876080692,0.865652500
94.141791045,0.876080692,0.865624700
94.156716418,0.876080692,0.865610960
94.320895522,0.876080692,0.865163150
94.335820896,0.876080692,0.865134950
94.485074627,0.876080692,0.864814200
94.500000000,0.876080692,0.864807400
94.731343284,0.876080692,0.864103140
94.746268657,0.876080692,0.864074230
95.119402985,0.876080692,0.863054800
95.134328358,0.876080692,0.863035440
95.164179104,0.876080692,0.862987160
95.179104478,0.876080692,0.862986450
95.291044776,0.876080692,0.862741500
95.320895522,0.876080692,0.862687200
95.402985075,0.876080692,0.862400650
95.417910448,0.876080692,0.862392660
95.485074627,0.876080692,0.862062630
95.514925373,0.876080692,0.862050650
95.664179104,0.876080692,0.861603500
95.679104478,0.876080692,0.861524160
95.761194030,0.876080692,0.861301240
95.776119403,0.876080692,0.861191000
95.783582090,0.876080692,0.861134650
95.798507463,0.876080692,0.861101870
96.388059701,0.876080692,0.859255100
96.402985075,0.876080692,0.859247600
96.597014925,0.876080692,0.858419300
96.611940299,0.876080692,0.858365360
96.626865672,0.876080692,0.858361070
96.641791045,0.876080692,0.858360900
97.186567164,0.876080692,0.856421500
97.201492537,0.876080692,0.856402500
97.223880597,0.876080692,0.856317500
97.238805970,0.876080692,0.856225400
97.589552239,0.876080692,0.855045260
97.604477612,0.876080692,0.854982000
97.679104478,0.876080692,0.854656040
97.694029851,0.876080692,0.854648800
97.716417910,0.876080692,0.854562460
97.731343284,0.876080692,0.854562300
97.828358209,0.876080692,0.854177800
97.843283582,0.876080692,0.854175000
97.858208955,0.876080692,0.854144630
97.873134328,0.876080692,0.854142960
97.970149254,0.876080692,0.853804900
97.985074627,0.876080692,0.853783550
98.037313433,0.876080692,0.853685700
98.052238806,0.876080692,0.853674600
98.082089552,0.876080692,0.853656800
98.097014925,0.876080692,0.853639600
98.231343284,0.876080692,0.853277270
98.246268657,0.876080692,0.853228750
98.373134328,0.876080692,0.852817300
98.388059701,0.876080692,0.852767050
98.410447761,0.876080692,0.852655770
98.410447761,0.878962536,0.852653100
98.425373134,0.878962536,0.852578800
98.440298507,0.878962536,0.852572400
98.455223881,0.878962536,0.852553400
98.485074627,0.878962536,0.852528800
98.537313433,0.878962536,0.852329300
98.552238806,0.878962536,0.852316140
98.597014925,0.878962536,0.852218450
98.611940299,0.878962536,0.852203670
98.917910448,0.878962536,0.851408360
98.932835821,0.878962536,0.851404400
99.037313433,0.878962536,0.851108600
99.052238806,0.878962536,0.851107100
99.164179104,0.878962536,0.850855470
99.179104478,0.878962536,0.850710300
99.544776119,0.878962536,0.849561300
99.559701493,0.878962536,0.849505600
100.320895522,0.878962536,0.847460100
100.335820896,0.878962536,0.847401700
100.350746269,0.878962536,0.847364800
100.365671642,0.878962536,0.847317500
100.597014925,0.878962536,0.846693630
100.611940299,0.878962536,0.846639000
100.671641791,0.878962536,0.846502200
100.686567164,0.878962536,0.846501230
100.694029851,0.878962536,0.846478340
100.708955224,0.878962536,0.846439900
100.947761194,0.878962536,0.845531050
100.977611940,0.878962536,0.845474800
101.074626866,0.878962536,0.845100940
101.089552239,0.878962536,0.845100340
101.328358209,0.878962536,0.844412600
101.343283582,0.878962536,0.844375000
101.425373134,0.878962536,0.844116330
101.440298507,0.878962536,0.844109830
101.701492537,0.878962536,0.843438900
101.716417910,0.878962536,0.843431600
101.843283582,0.878962536,0.842946470
101.858208955,0.878962536,0.842934250
101.955223881,0.878962536,0.842534070
101.970149254,0.878962536,0.842530250
102.268656716,0.878962536,0.841167600
102.283582090,0.878962536,0.841147100
102.514925373,0.878962536,0.840253700
102.529850746,0.878962536,0.840242300
102.574626866,0.878962536,0.840091900
102.589552239,0.878962536,0.840091100
102.626865672,0.878962536,0.839995600
102.641791045,0.878962536,0.839961230
103.037313433,0.878962536,0.838932200
103.052238806,0.878962536,0.838909700
103.074626866,0.878962536,0.838887160
103.089552239,0.878962536,0.838857700
103.149253731,0.878962536,0.838745300
103.164179104,0.878962536,0.838697250
103.223880597,0.878962536,0.838533040
103.238805970,0.878962536,0.838516400
103.626865672,0.878962536,0.837350370
103.641791045,0.878962536,0.837339900
103.895522388,0.878962536,0.836573200
103.910447761,0.878962536,0.836548900
103.955223881,0.878962536,0.836447540
103.970149254,0.878962536,0.836444400
104.111940299,0.878962536,0.836148500
104.126865672,0.878962536,0.836146000
104.208955224,0.878962536,0.835918000
104.223880597,0.878962536,0.835911700
104.731343284,0.878962536,0.834121170
104.746268657,0.878962536,0.834115200
105.014925373,0.878962536,0.833227750
105.029850746,0.878962536,0.833212800
105.082089552,0.878962536,0.832916860
105.097014925,0.878962536,0.832896300
105.134328358,0.878962536,0.832766600
105.149253731,0.878962536,0.832760500
105.194029851,0.878962536,0.832532640
105.194029851,0.881844380,0.832506800
105.223880597,0.881844380,0.832319200
105.238805970,0.881844380,0.832285170
105.522388060,0.881844380,0.831420200
105.522388060,0.884726225,0.831373100
105.880597015,0.884726225,0.830137400
105.895522388,0.884726225,0.830108700
105.985074627,0.884726225,0.829797450
106.000000000,0.884726225,0.829777100
106.723880597,0.884726225,0.827455900
106.738805970,0.884726225,0.827422860
106.820895522,0.884726225,0.827116700
106.835820896,0.884726225,0.827113600
106.850746269,0.884726225,0.827071700
106.865671642,0.884726225,0.827026800
107.097014925,0.884726225,0.826011060
107.111940299,0.884726225,0.825961100
107.141791045,0.884726225,0.825870040
107.156716418,0.884726225,0.825867530
107.365671642,0.884726225,0.825243800
107.380597015,0.884726225,0.825243100
107.634328358,0.884726225,0.824561500
107.649253731,0.884726225,0.824557700
107.738805970,0.884726225,0.824286500
107.753731343,0.884726225,0.824282050
107.865671642,0.884726225,0.823920100
107.865671642,0.887608069,0.823898140
107.917910448,0.887608069,0.823743460
107.932835821,0.887608069,0.823715100
108.291044776,0.887608069,0.822511730
108.305970149,0.887608069,0.822498500
108.388059701,0.887608069,0.821991500
108.388059701,0.890489914,0.821979100
108.470149254,0.890489914,0.821587800
108.485074627,0.890489914,0.821488440
108.835820896,0.890489914,0.820298140
108.850746269,0.890489914,0.820295200
108.940298507,0.890489914,0.819932400
108.955223881,0.890489914,0.819931860
109.097014925,0.890489914,0.819453100
109.126865672,0.890489914,0.819430530
109.283582090,0.890489914,0.818818100
109.298507463,0.890489914,0.818780840
109.395522388,0.890489914,0.818588550
109.410447761,0.890489914,0.818584200
109.425373134,0.890489914,0.818537200
109.440298507,0.890489914,0.818517150
109.537313433,0.890489914,0.818219900
109.552238806,0.890489914,0.818215970
110.000000000,0.890489914,0.816819200
110.014925373,0.890489914,0.816767300
110.432835821,0.890489914,0.815564630
110.447761194,0.890489914,0.815541000
110.544776119,0.890489914,0.815113200
110.559701493,0.890489914,0.815084930
110.574626866,0.890489914,0.815050960
110.574626866,0.893371758,0.815021100
110.858208955,0.893371758,0.814130400
110.873134328,0.893371758,0.814125500
110.895522388,0.893371758,0.814075800
110.895522388,0.896253602,0.814017000
111.141791045,0.896253602,0.812888500
111.156716418,0.896253602,0.812876940
111.649253731,0.896253602,0.810964640
111.664179104,0.896253602,0.810915050
112.223880597,0.896253602,0.808878100
112.223880597,0.899135447,0.808803100
112.238805970,0.899135447,0.808744600
112.253731343,0.899135447,0.808740850
112.768656716,0.899135447,0.806618900
112.783582090,0.899135447,0.806608100
112.820895522,0.899135447,0.806421400
112.835820896,0.899135447,0.806376930
112.895522388,0.899135447,0.806216240
112.910447761,0.899135447,0.806189900
113.141791045,0.899135447,0.805530550
113.156716418,0.899135447,0.805528800
113.320895522,0.899135447,0.805006000
113.335820896,0.899135447,0.804970860
113.358208955,0.899135447,0.804891400
113.373134328,0.899135447,0.804871900
113.388059701,0.899135447,0.804834700
113.402985075,0.899135447,0.804832800
113.559701493,0.899135447,0.804178950
113.574626866,0.899135447,0.804154460
113.783582090,0.899135447,0.803215400
113.798507463,0.899135447,0.803200800
113.940298507,0.899135447,0.802732800
113.955223881,0.899135447,0.802708300
114.126865672,0.899135447,0.802264870
114.141791045,0.899135447,0.802249800
114.768656716,0.899135447,0.800073800
114.783582090,0.899135447,0.800069600
115.283582090,0.899135447,0.798456500
115.298507463,0.899135447,0.798364940
115.328358209,0.899135447,0.798266200
115.343283582,0.899135447,0.798248100
115.358208955,0.899135447,0.798228860
115.373134328,0.899135447,0.798175000
115.686567164,0.899135447,0.796975900
115.701492537,0.899135447,0.796971560
115.925373134,0.899135447,0.796325000
115.940298507,0.899135447,0.796323600
116.201492537,0.899135447,0.795340240
116.231343284,0.899135447,0.795304060
116.537313433,0.899135447,0.794312500
116.552238806,0.899135447,0.794298300
116.582089552,0.899135447,0.794175600
116.597014925,0.899135447,0.794095100
116.701492537,0.899135447,0.793788900
116.716417910,0.899135447,0.793728350
117.574626866,0.899135447,0.790701100
117.589552239,0.899135447,0.790695000
117.835820896,0.899135447,0.789874700
117.850746269,0.899135447,0.789845350
117.962686567,0.899135447,0.789432170
117.977611940,0.899135447,0.789399900
117.985074627,0.899135447,0.789315760
118.000000000,0.899135447,0.789300100
118.007462687,0.899135447,0.789280500
118.022388060,0.899135447,0.789276840
118.365671642,0.899135447,0.788068830
118.380597015,0.899135447,0.788024200
118.417910448,0.899135447,0.787919300
118.432835821,0.899135447,0.787917200
118.514925373,0.899135447,0.787680700
118.529850746,0.899135447,0.787674300
118.865671642,0.899135447,0.786628960
118.880597015,0.899135447,0.786606900
118.925373134,0.899135447,0.786400200
118.940298507,0.899135447,0.786398350
119.820895522,0.899135447,0.783213600
119.835820896,0.899135447,0.783145840
119.932835821,0.899135447,0.782612900
119.947761194,0.899135447,0.782579600
119.992537313,0.899135447,0.782456460
120.007462687,0.899135447,0.782451500
120.119402985,0.899135447,0.782097900
120.134328358,0.899135447,0.782066940
120.313432836,0.899135447,0.781511000
120.328358209,0.899135447,0.781507550
120.388059701,0.899135447,0.781208000
120.402985075,0.899135447,0.781206370
120.552238806,0.899135447,0.780353400
120.567164179,0.899135447,0.780352600
120.753731343,0.899135447,0.779838800
120.753731343,0.902017291,0.779827540
121.126865672,0.902017291,0.778512660
121.141791045,0.902017291,0.778499840
121.149253731,0.902017291,0.778465700
121.164179104,0.902017291,0.778414000
121.373134328,0.902017291,0.777549700
121.388059701,0.902017291,0.777539250
121.888059701,0.902017291,0.775794200
121.902985075,0.902017291,0.775783800
121.917910448,0.902017291,0.775768460
121.932835821,0.902017291,0.775753440
122.208955224,0.902017291,0.774787070
122.223880597,0.902017291,0.774737540
122.261194030,0.902017291,0.774563400
122.276119403,0.902017291,0.774433800
122.335820896,0.902017291,0.774092700
122.350746269,0.902017291,0.774063800
122.455223881,0.902017291,0.773839350
122.470149254,0.902017291,0.773803830
122.694029851,0.902017291,0.772997860
122.708955224,0.902017291,0.772986650
123.261194030,0.902017291,0.770388250
123.276119403,0.902017291,0.770293900
123.417910448,0.902017291,0.769839600
123.432835821,0.902017291,0.769828300
123.544776119,0.902017291,0.769296700
123.559701493,0.902017291,0.769287600
123.656716418,0.902017291,0.768903800
123.671641791,0.902017291,0.768903300
123.768656716,0.902017291,0.768647970
123.783582090,0.902017291,0.768633600
123.888059701,0.902017291,0.768152360
123.902985075,0.902017291,0.768129300
123.917910448,0.902017291,0.768034200
123.932835821,0.902017291,0.767998900
124.813432836,0.902017291,0.764870940
124.828358209,0.902017291,0.764856760
125.029850746,0.902017291,0.763992700
125.044776119,0.902017291,0.763960800
125.447761194,0.902017291,0.762491350
125.462686567,0.902017291,0.762488100
125.485074627,0.902017291,0.762340900
125.500000000,0.902017291,0.762278500
126.126865672,0.902017291,0.759982500
126.141791045,0.902017291,0.759972450
126.388059701,0.902017291,0.759007600
126.402985075,0.902017291,0.758966450
126.589552239,0.902017291,0.758241060
126.604477612,0.902017291,0.758189800
126.611940299,0.902017291,0.758157250
126.626865672,0.902017291,0.758148500
126.947761194,0.902017291,0.756876400
126.962686567,0.902017291,0.756809950
127.231343284,0.902017291,0.755968870
127.246268657,0.902017291,0.755947800
127.589552239,0.902017291,0.754856650
127.604477612,0.902017291,0.754777800
127.611940299,0.902017291,0.754745070
127.626865672,0.902017291,0.754690350
127.656716418,0.902017291,0.754540200
127.671641791,0.902017291,0.754510160
128.850746269,0.902017291,0.750409400
128.865671642,0.902017291,0.750406600
129.179104478,0.902017291,0.749384300
129.194029851,0.902017291,0.749269000
129.283582090,0.902017291,0.748974200
129.298507463,0.902017291,0.748968600
129.335820896,0.902017291,0.748873350
129.350746269,0.902017291,0.748867450
129.731343284,0.902017291,0.747330900
129.746268657,0.902017291,0.747324600
130.246268657,0.902017291,0.745260500
130.261194030,0.902017291,0.745205340
130.626865672,0.902017291,0.743710200
130.641791045,0.902017291,0.743686140
130.753731343,0.902017291,0.743353100
130.768656716,0.902017291,0.743318600
130.888059701,0.902017291,0.742881540
130.902985075,0.902017291,0.742860140
131.328358209,0.902017291,0.741179000
131.343283582,0.902017291,0.741155000
131.388059701,0.902017291,0.741027400
131.402985075,0.902017291,0.740891800
131.761194030,0.902017291,0.739660300
131.776119403,0.902017291,0.739613650
131.843283582,0.902017291,0.739299240
131.858208955,0.902017291,0.739293000
132.141791045,0.902017291,0.738145770
132.156716418,0.902017291,0.738074060
132.231343284,0.902017291,0.737906100
132.246268657,0.902017291,0.737861900
132.440298507,0.902017291,0.737236100
132.455223881,0.902017291,0.737228500
132.492537313,0.902017291,0.737124500
132.507462687,0.902017291,0.737111400
132.597014925,0.902017291,0.736504440
132.611940299,0.902017291,0.736486900
132.694029851,0.902017291,0.736134470
132.708955224,0.902017291,0.736048160
132.932835821,0.902017291,0.735182340
132.947761194,0.902017291,0.735171500
133.037313433,0.902017291,0.734953760
133.052238806,0.902017291,0.734947860
133.231343284,0.902017291,0.734267700
133.246268657,0.902017291,0.734262700
134.156716418,0.902017291,0.731047150
134.171641791,0.902017291,0.731042200
134.246268657,0.902017291,0.730640400
134.261194030,0.902017291,0.730617900
134.440298507,0.902017291,0.729880150
134.455223881,0.902017291,0.729842300
134.731343284,0.902017291,0.728734300
134.746268657,0.902017291,0.728685740
135.141791045,0.902017291,0.727093700
135.156716418,0.902017291,0.727088030
135.358208955,0.902017291,0.726540200
135.373134328,0.902017291,0.726419300
135.597014925,0.902017291,0.725573500
135.611940299,0.902017291,0.725566600
135.671641791,0.902017291,0.725274600
135.686567164,0.902017291,0.725257600
136.350746269,0.902017291,0.722627000
136.365671642,0.902017291,0.722617600
137.417910448,0.902017291,0.718632160
137.432835821,0.902017291,0.718574100
137.671641791,0.902017291,0.717423400
137.686567164,0.902017291,0.717406300
138.305970149,0.902017291,0.715060530
138.320895522,0.902017291,0.715051100
138.828358209,0.902017291,0.713385760
138.843283582,0.902017291,0.713348570
139.067164179,0.902017291,0.712660000
139.082089552,0.902017291,0.712638100
139.111940299,0.902017291,0.712501500
139.126865672,0.902017291,0.712500040
139.201492537,0.902017291,0.712188070
139.216417910,0.902017291,0.712149440
139.261194030,0.902017291,0.711952150
139.276119403,0.902017291,0.711942100
139.305970149,0.902017291,0.711865070
139.320895522,0.902017291,0.711860700
139.716417910,0.902017291,0.710325660
139.731343284,0.902017291,0.710302500
139.820895522,0.902017291,0.709952240
139.835820896,0.902017291,0.709916650
140.208955224,0.902017291,0.708386300
140.208955224,0.904899135,0.708380100
140.537313433,0.904899135,0.706983600
140.552238806,0.904899135,0.706954240
141.014925373,0.904899135,0.705268800
141.029850746,0.904899135,0.705246570
141.074626866,0.904899135,0.705014900
141.089552239,0.904899135,0.704978940
141.119402985,0.904899135,0.704919200
141.134328358,0.904899135,0.704900260
141.313432836,0.904899135,0.704166300
141.328358209,0.904899135,0.704148900
141.365671642,0.904899135,0.704049800
141.395522388,0.904899135,0.703995470
141.574626866,0.904899135,0.703306440
141.589552239,0.904899135,0.703282900
141.985074627,0.904899135,0.701772630
142.000000000,0.904899135,0.701768500
142.619402985,0.904899135,0.699054840
142.634328358,0.904899135,0.699028550
142.664179104,0.904899135,0.698932770
142.679104478,0.904899135,0.698906360
142.694029851,0.904899135,0.698888060
142.708955224,0.904899135,0.698879900
142.843283582,0.904899135,0.698424040
142.858208955,0.904899135,0.698415460
142.865671642,0.904899135,0.698352900
142.880597015,0.904899135,0.698352300
143.417910448,0.904899135,0.696646500
143.432835821,0.904899135,0.696505550
143.798507463,0.904899135,0.694876700
143.813432836,0.904899135,0.694862500
143.925373134,0.904899135,0.694490550
143.940298507,0.904899135,0.694425700
144.246268657,0.904899135,0.693448300
144.261194030,0.904899135,0.693436860
144.485074627,0.904899135,0.692604900
144.500000000,0.904899135,0.692593600
144.895522388,0.904899135,0.691027400
144.910447761,0.904899135,0.690987200
144.940298507,0.904899135,0.690896750
144.955223881,0.904899135,0.690882100
145.037313433,0.904899135,0.690459850
145.052238806,0.904899135,0.690431900
145.462686567,0.904899135,0.688806530
145.477611940,0.904899135,0.688762600
145.574626866,0.904899135,0.688437040
145.589552239,0.904899135,0.688398060
145.641791045,0.904899135,0.688144500
145.656716418,0.904899135,0.688143800
146.350746269,0.904899135,0.685415900
146.365671642,0.904899135,0.685408800
146.410447761,0.904899135,0.685315400
146.425373134,0.904899135,0.685312100
146.611940299,0.904899135,0.684534850
146.641791045,0.904899135,0.684464000
146.694029851,0.904899135,0.684373260
146.708955224,0.904899135,0.684320750
146.925373134,0.904899135,0.683475430
146.955223881,0.904899135,0.683439500
147.552238806,0.904899135,0.681522130
147.567164179,0.904899135,0.681515100
147.582089552,0.904899135,0.681477900
147.597014925,0.904899135,0.681476600
147.708955224,0.904899135,0.680919470
147.723880597,0.904899135,0.680874600
147.940298507,0.904899135,0.680128200
147.955223881,0.904899135,0.680122100
148.373134328,0.904899135,0.678500650
148.388059701,0.904899135,0.678483000
149.007462687,0.904899135,0.676260300
149.022388060,0.904899135,0.676243840
149.029850746,0.904899135,0.676225600
149.044776119,0.904899135,0.676180400
149.395522388,0.904899135,0.674689000
149.410447761,0.904899135,0.674629000
149.865671642,0.904899135,0.672822800
149.880597015,0.904899135,0.672800540
150.328358209,0.904899135,0.671098700
150.343283582,0.904899135,0.671013600
150.798507463,0.904899135,0.669133700
150.813432836,0.904899135,0.669099600
151.059701493,0.904899135,0.668314040
151.074626866,0.904899135,0.668227430
151.238805970,0.904899135,0.667284970
151.253731343,0.904899135,0.667230840
151.768656716,0.904899135,0.664940540
151.783582090,0.904899135,0.664858940
152.350746269,0.904899135,0.662562400
152.365671642,0.904899135,0.662509900
152.402985075,0.904899135,0.662442300
152.417910448,0.904899135,0.662426400
152.559701493,0.904899135,0.661861240
152.574626866,0.904899135,0.661804500
152.686567164,0.904899135,0.661417200
152.701492537,0.904899135,0.661403060
152.716417910,0.904899135,0.661265900
152.731343284,0.904899135,0.661177100
152.902985075,0.904899135,0.660454200
152.917910448,0.904899135,0.660425700
153.179104478,0.904899135,0.659303840
153.194029851,0.904899135,0.659268860
153.343283582,0.904899135,0.658547760
153.358208955,0.904899135,0.658533200
153.417910448,0.904899135,0.658306240
153.432835821,0.904899135,0.658293300
153.477611940,0.904899135,0.658146000
153.492537313,0.904899135,0.658135400
153.537313433,0.904899135,0.657981200
153.552238806,0.904899135,0.657976270
153.574626866,0.904899135,0.657942530
153.589552239,0.904899135,0.657933060
153.694029851,0.904899135,0.657525800
153.708955224,0.904899135,0.657504440
153.798507463,0.904899135,0.657022500
153.813432836,0.904899135,0.657011000
153.858208955,0.904899135,0.656789240
153.873134328,0.904899135,0.656740500
154.291044776,0.904899135,0.654908540
154.305970149,0.904899135,0.654875160
154.768656716,0.904899135,0.653296000
154.783582090,0.904899135,0.653292540
154.888059701,0.904899135,0.653031230
154.902985075,0.904899135,0.652954600
154.985074627,0.904899135,0.652702030
155.000000000,0.904899135,0.652663050
155.373134328,0.904899135,0.651190160
155.388059701,0.904899135,0.651174960
155.686567164,0.904899135,0.649794000
155.716417910,0.904899135,0.649723650
155.813432836,0.904899135,0.649282800
155.828358209,0.904899135,0.649261530
156.000000000,0.904899135,0.648653400
156.014925373,0.904899135,0.648622160
156.537313433,0.904899135,0.646821860
156.552238806,0.904899135,0.646812900
156.708955224,0.904899135,0.646238600
156.723880597,0.904899135,0.646203700
156.746268657,0.904899135,0.646054860
156.761194030,0.904899135,0.645987450
156.783582090,0.904899135,0.645952460
156.798507463,0.904899135,0.645947340
156.805970149,0.904899135,0.645916040
156.820895522,0.904899135,0.645893100
156.888059701,0.904899135,0.645563900
156.902985075,0.904899135,0.645562350
156.940298507,0.904899135,0.645291200
156.955223881,0.904899135,0.645231500
157.126865672,0.904899135,0.644425630
157.141791045,0.904899135,0.644403640
157.156716418,0.904899135,0.644327640
157.171641791,0.904899135,0.644317200
157.186567164,0.904899135,0.644257300
157.201492537,0.904899135,0.644225300
157.283582090,0.904899135,0.643635600
157.298507463,0.904899135,0.643620400
157.694029851,0.904899135,0.642182000
157.708955224,0.904899135,0.642107300
158.410447761,0.904899135,0.638972160
158.425373134,0.904899135,0.638959900
158.455223881,0.904899135,0.638846300
158.470149254,0.904899135,0.638799900
158.910447761,0.904899135,0.636929040
158.925373134,0.904899135,0.636832200
159.395522388,0.904899135,0.634766760
159.410447761,0.904899135,0.634687400
159.470149254,0.904899135,0.634509600
159.485074627,0.904899135,0.634497500
159.611940299,0.904899135,0.633864940
159.626865672,0.904899135,0.633815350
159.723880597,0.904899135,0.633424000
159.738805970,0.904899135,0.633415000
160.164179104,0.904899135,0.631789900
160.179104478,0.904899135,0.631789270
160.291044776,0.904899135,0.631365840
160.305970149,0.904899135,0.631357670
160.992537313,0.904899135,0.628570260
161.007462687,0.904899135,0.628569300
161.074626866,0.904899135,0.628298040
161.089552239,0.904899135,0.628277060
161.485074627,0.904899135,0.626814840
161.507462687,0.904899135,0.626795100
161.858208955,0.904899135,0.625418070
161.873134328,0.904899135,0.625398160
161.917910448,0.904899135,0.625000800
161.932835821,0.904899135,0.624910060
161.955223881,0.904899135,0.624817700
161.970149254,0.904899135,0.624755000
162.007462687,0.904899135,0.624647900
162.022388060,0.904899135,0.624558400
162.328358209,0.904899135,0.623387100
162.343283582,0.904899135,0.623356800
162.552238806,0.904899135,0.622774800
162.567164179,0.904899135,0.622773650
162.791044776,0.904899135,0.621934350
162.805970149,0.904899135,0.621831100
162.865671642,0.904899135,0.621718100
162.880597015,0.904899135,0.621716560
162.917910448,0.904899135,0.621639130
162.932835821,0.904899135,0.621561350
163.365671642,0.904899135,0.620252100
163.380597015,0.904899135,0.620175300
163.447761194,0.904899135,0.619819940
163.462686567,0.904899135,0.619711700
163.477611940,0.904899135,0.619676050
163.492537313,0.904899135,0.619674150
163.738805970,0.904899135,0.618805200
163.753731343,0.904899135,0.618778300
164.074626866,0.904899135,0.617378000
164.089552239,0.904899135,0.617368300
164.395522388,0.904899135,0.616653100
164.410447761,0.904899135,0.616643550
165.171641791,0.904899135,0.613955800
165.186567164,0.904899135,0.613938700
165.805970149,0.904899135,0.611832800
165.820895522,0.904899135,0.611808400
165.865671642,0.904899135,0.611720260
165.880597015,0.904899135,0.611704050
166.022388060,0.904899135,0.611000600
166.037313433,0.904899135,0.610969000
166.171641791,0.904899135,0.610228540
166.186567164,0.904899135,0.610178800
166.373134328,0.904899135,0.609568660
166.388059701,0.904899135,0.609566000
166.447761194,0.904899135,0.609281700
166.462686567,0.904899135,0.609266200
166.500000000,0.904899135,0.609115500
166.514925373,0.904899135,0.609078500
167.059701493,0.904899135,0.606637800
167.074626866,0.904899135,0.606546460
167.425373134,0.904899135,0.605389650
167.440298507,0.904899135,0.605351450
167.671641791,0.904899135,0.604414460
167.686567164,0.904899135,0.604366300
168.111940299,0.904899135,0.602522730
168.126865672,0.904899135,0.602457800
168.656716418,0.904899135,0.600250240
168.656716418,0.907780980,0.600166600
169.246268657,0.907780980,0.597896700
169.261194030,0.907780980,0.597889540
169.373134328,0.907780980,0.597394760
169.388059701,0.907780980,0.597364540
169.410447761,0.907780980,0.597350900
169.425373134,0.907780980,0.597346600
169.626865672,0.907780980,0.596499740
169.641791045,0.907780980,0.596480850
169.753731343,0.907780980,0.595740800
169.768656716,0.907780980,0.595738600
170.082089552,0.907780980,0.594654740
170.097014925,0.907780980,0.594643700
170.216417910,0.907780980,0.594070100
170.231343284,0.907780980,0.593989500
170.283582090,0.907780980,0.593804300
170.298507463,0.907780980,0.593798800
170.529850746,0.907780980,0.593022100
170.544776119,0.907780980,0.592952250
170.932835821,0.907780980,0.591494140
170.947761194,0.907780980,0.591487300
171.074626866,0.907780980,0.590844700
171.089552239,0.907780980,0.590818300
171.529850746,0.907780980,0.588580670
171.544776119,0.907780980,0.588574950
171.768656716,0.907780980,0.587676170
171.783582090,0.907780980,0.587661860
172.201492537,0.907780980,0.585912760
172.216417910,0.907780980,0.585863230
172.231343284,0.907780980,0.585840340
172.246268657,0.907780980,0.585829800
172.440298507,0.907780980,0.585191000
172.455223881,0.907780980,0.585132660
172.686567164,0.907780980,0.584310650
172.701492537,0.907780980,0.584301500
172.738805970,0.907780980,0.584148650
172.753731343,0.907780980,0.584140200
172.761194030,0.907780980,0.584112640
172.776119403,0.907780980,0.584095700
172.805970149,0.907780980,0.584020140
172.820895522,0.907780980,0.583944500
172.888059701,0.907780980,0.583752400
172.902985075,0.907780980,0.583705200
172.955223881,0.907780980,0.583557550
172.970149254,0.907780980,0.583543240
173.231343284,0.907780980,0.582462300
173.246268657,0.907780980,0.582440560
173.380597015,0.907780980,0.582016470
173.395522388,0.907780980,0.582002400
173.410447761,0.907780980,0.581993640
173.425373134,0.907780980,0.581965200
173.962686567,0.907780980,0.580093740
173.977611940,0.907780980,0.580092430
174.171641791,0.907780980,0.579296050
174.171641791,0.910662824,0.579293000
174.350746269,0.910662824,0.578720570
174.365671642,0.910662824,0.578704800
174.402985075,0.910662824,0.578607600
174.417910448,0.910662824,0.578573800
174.626865672,0.910662824,0.577820000
174.641791045,0.910662824,0.577795900
175.022388060,0.910662824,0.576849340
175.037313433,0.910662824,0.576803100
175.082089552,0.910662824,0.576715400
175.097014925,0.910662824,0.576687630
175.328358209,0.910662824,0.575891550
175.343283582,0.910662824,0.575888630
176.029850746,0.910662824,0.572885450
176.044776119,0.910662824,0.572883200
176.097014925,0.910662824,0.572662350
176.111940299,0.910662824,0.572655800
176.343283582,0.910662824,0.571669500
176.358208955,0.910662824,0.571668860
176.574626866,0.910662824,0.570709650
176.589552239,0.910662824,0.570701540
177.291044776,0.910662824,0.568054850
177.305970149,0.910662824,0.567997930
177.358208955,0.910662824,0.567844030
177.373134328,0.910662824,0.567843400
177.395522388,0.910662824,0.567768930
177.410447761,0.910662824,0.567726600
177.462686567,0.910662824,0.567491700
177.477611940,0.910662824,0.567459300
177.544776119,0.910662824,0.567248050
177.559701493,0.910662824,0.567229100
178.283582090,0.910662824,0.564281500
178.298507463,0.910662824,0.564270300
178.567164179,0.910662824,0.563122030
178.582089552,0.910662824,0.563114700
178.694029851,0.910662824,0.562642900
178.708955224,0.910662824,0.562574570
179.238805970,0.910662824,0.560744800
179.253731343,0.910662824,0.560737130
179.589552239,0.910662824,0.559538200
179.604477612,0.910662824,0.559533540
179.865671642,0.910662824,0.558298230
179.880597015,0.910662824,0.558282500
180.283582090,0.910662824,0.556806560
180.298507463,0.910662824,0.556806300
180.402985075,0.910662824,0.556073200
180.417910448,0.910662824,0.556071800
180.888059701,0.910662824,0.554301000
180.902985075,0.910662824,0.554255370
180.940298507,0.910662824,0.554145630
180.955223881,0.910662824,0.554120100
181.029850746,0.910662824,0.553909360
181.044776119,0.910662824,0.553903760
181.246268657,0.910662824,0.553242100
181.276119403,0.910662824,0.553096200
182.014925373,0.910662824,0.550239600
182.029850746,0.910662824,0.550138200
182.149253731,0.910662824,0.549721240
182.164179104,0.910662824,0.549711050
182.597014925,0.910662824,0.548183700
182.611940299,0.910662824,0.548172950
183.111940299,0.910662824,0.545954470
183.126865672,0.910662824,0.545923950
183.582089552,0.910662824,0.543996330
183.597014925,0.910662824,0.543975500
184.388059701,0.910662824,0.540766240
184.402985075,0.910662824,0.540750300
184.410447761,0.910662824,0.540733600
184.425373134,0.910662824,0.540679200
185.111940299,0.910662824,0.537740800
185.126865672,0.910662824,0.537541300
185.194029851,0.910662824,0.537193600
185.208955224,0.910662824,0.537124450
186.126865672,0.910662824,0.533571200
186.141791045,0.910662824,0.533523300
186.305970149,0.910662824,0.532984800
186.320895522,0.910662824,0.532927800
186.701492537,0.910662824,0.531574370
186.731343284,0.910662824,0.531555400
186.955223881,0.910662824,0.530495170
186.970149254,0.910662824,0.530473400
187.111940299,0.910662824,0.529936700
187.126865672,0.910662824,0.529930830
187.216417910,0.910662824,0.529668870
187.231343284,0.910662824,0.529647100
187.694029851,0.910662824,0.527812360
187.708955224,0.910662824,0.527800860
188.082089552,0.910662824,0.526254500
188.097014925,0.910662824,0.526105640
188.216417910,0.910662824,0.525716400
188.231343284,0.910662824,0.525707300
188.380597015,0.910662824,0.525324640
188.395522388,0.910662824,0.525314400
188.477611940,0.910662824,0.525017740
188.492537313,0.910662824,0.524979600
188.746268657,0.910662824,0.524039200
188.761194030,0.910662824,0.524012300
188.932835821,0.910662824,0.523306400
188.947761194,0.910662824,0.523216700
189.425373134,0.910662824,0.521145100
189.440298507,0.910662824,0.521093800
190.522388060,0.910662824,0.517223360
190.537313433,0.910662824,0.517191000
190.582089552,0.910662824,0.516901000
190.597014925,0.910662824,0.516838850
190.753731343,0.910662824,0.516229450
190.768656716,0.910662824,0.516228200
191.089552239,0.910662824,0.515345900
191.104477612,0.910662824,0.515237450
191.992537313,0.910662824,0.512399730
192.007462687,0.910662824,0.512187960
192.052238806,0.910662824,0.512092300
192.067164179,0.910662824,0.512091600
192.477611940,0.910662824,0.510595560
192.492537313,0.910662824,0.510589700
192.649253731,0.910662824,0.510112800
192.664179104,0.910662824,0.510112200
192.723880597,0.910662824,0.509974660
192.738805970,0.910662824,0.509949270
192.820895522,0.910662824,0.509602840
192.835820896,0.910662824,0.509598900
193.268656716,0.910662824,0.507637200
193.283582090,0.910662824,0.507619440
193.768656716,0.910662824,0.504987300
193.783582090,0.910662824,0.504957500
193.977611940,0.910662824,0.504272500
193.992537313,0.910662824,0.504240300
194.134328358,0.910662824,0.503786400
194.134328358,0.913544669,0.503771900
194.194029851,0.913544669,0.503477750
194.208955224,0.913544669,0.503453300
194.261194030,0.913544669,0.503202500
194.291044776,0.913544669,0.503089800
194.358208955,0.913544669,0.502703400
194.373134328,0.913544669,0.502673570
194.589552239,0.913544669,0.501872700
194.604477612,0.913544669,0.501871650
194.753731343,0.913544669,0.501031000
194.768656716,0.913544669,0.501028700
195.044776119,0.913544669,0.499878320
195.059701493,0.913544669,0.499826600
195.201492537,0.913544669,0.499105630
195.216417910,0.913544669,0.499099640
195.395522388,0.913544669,0.498356460
195.410447761,0.913544669,0.498344330
195.597014925,0.913544669,0.497655240
195.611940299,0.913544669,0.497546370
195.746268657,0.913544669,0.497236340
195.761194030,0.913544669,0.497215120
196.552238806,0.913544669,0.493772030
196.552238806,0.916426513,0.493753880
196.850746269,0.916426513,0.492388600
196.865671642,0.916426513,0.492349540
197.000000000,0.916426513,0.491399940
197.014925373,0.916426513,0.491387640
197.134328358,0.916426513,0.490832600
197.149253731,0.916426513,0.490826520
197.328358209,0.916426513,0.489943120
197.343283582,0.916426513,0.489935550
197.425373134,0.916426513,0.489620480
197.440298507,0.916426513,0.489611630
197.835820896,0.916426513,0.487857820
197.850746269,0.916426513,0.487845120
197.970149254,0.916426513,0.487148520
197.985074627,0.916426513,0.487127160
198.089552239,0.916426513,0.486736570
198.104477612,0.916426513,0.486735900
199.179104478,0.916426513,0.481951680
199.194029851,0.916426513,0.481931750
199.305970149,0.916426513,0.481495020
199.320895522,0.916426513,0.481488000
199.373134328,0.916426513,0.481338980
199.388059701,0.916426513,0.481274780
200.149253731,0.916426513,0.478543220
200.164179104,0.916426513,0.478531600
200.298507463,0.916426513,0.477863070
200.313432836,0.916426513,0.477823500
200.358208955,0.916426513,0.477678420
200.373134328,0.916426513,0.477652300
200.664179104,0.916426513,0.476229160
200.679104478,0.916426513,0.476068350
200.962686567,0.916426513,0.475218400
200.977611940,0.916426513,0.475195020
201.089552239,0.916426513,0.474948350
201.104477612,0.916426513,0.474939200
201.179104478,0.916426513,0.474564880
201.194029851,0.916426513,0.474496040
201.335820896,0.916426513,0.473757920
201.350746269,0.916426513,0.473744750
201.828358209,0.916426513,0.471809700
201.843283582,0.916426513,0.471779200
201.925373134,0.916426513,0.471305850
201.940298507,0.916426513,0.471301200
202.029850746,0.916426513,0.470868350
202.044776119,0.916426513,0.470752180
202.059701493,0.916426513,0.470660270
202.074626866,0.916426513,0.470610200
202.223880597,0.916426513,0.469968140
202.238805970,0.916426513,0.469940250
203.395522388,0.916426513,0.465394850
203.410447761,0.916426513,0.465359420
203.485074627,0.916426513,0.464982300
203.500000000,0.916426513,0.464891370
203.932835821,0.916426513,0.462818620
203.947761194,0.916426513,0.462804140
204.216417910,0.916426513,0.461244730
204.231343284,0.916426513,0.461217050
204.611940299,0.916426513,0.459640030
204.626865672,0.916426513,0.459606950
204.701492537,0.916426513,0.459390670
204.716417910,0.916426513,0.459358420
204.873134328,0.916426513,0.458586720
204.888059701,0.916426513,0.458577300
205.343283582,0.916426513,0.456202180
205.358208955,0.916426513,0.456197100
205.761194030,0.916426513,0.454382400
205.776119403,0.916426513,0.454368030
205.798507463,0.916426513,0.454330380
205.813432836,0.916426513,0.454326000
206.529850746,0.916426513,0.451134980
206.544776119,0.916426513,0.451129380
206.671641791,0.916426513,0.450741400
206.686567164,0.916426513,0.450707820
206.731343284,0.916426513,0.450575620
206.746268657,0.916426513,0.450573800
208.447761194,0.916426513,0.443143160
208.462686567,0.916426513,0.443131240
208.485074627,0.916426513,0.443064500
208.500000000,0.916426513,0.443010660
208.514925373,0.916426513,0.442945870
208.529850746,0.916426513,0.442932960
208.574626866,0.916426513,0.442769200
208.589552239,0.916426513,0.442721720
208.820895522,0.916426513,0.441907230
208.835820896,0.916426513,0.441891940
209.253731343,0.916426513,0.440217100
209.268656716,0.916426513,0.440099420
209.582089552,0.916426513,0.438682100
209.597014925,0.916426513,0.438659280
209.805970149,0.916426513,0.437699440
209.820895522,0.916426513,0.437668700
209.962686567,0.916426513,0.436816750
209.977611940,0.916426513,0.436809480
209.985074627,0.916426513,0.436802570
210.000000000,0.916426513,0.436740600
210.141791045,0.916426513,0.436060880
210.156716418,0.916426513,0.436047100
210.746268657,0.916426513,0.433691650
210.761194030,0.916426513,0.433690500
210.925373134,0.916426513,0.432822850
210.940298507,0.916426513,0.432797700
210.955223881,0.916426513,0.432706300
210.970149254,0.916426513,0.432683260
210.977611940,0.916426513,0.432652100
210.992537313,0.916426513,0.432643150
211.000000000,0.916426513,0.432628330
211.014925373,0.916426513,0.432624940
211.126865672,0.916426513,0.432131800
211.141791045,0.916426513,0.432125120
211.171641791,0.916426513,0.431977400
211.186567164,0.916426513,0.431949850
211.477611940,0.916426513,0.430589770
211.492537313,0.916426513,0.430558620
211.701492537,0.916426513,0.429533540
211.716417910,0.916426513,0.429526700
211.731343284,0.916426513,0.429445060
211.746268657,0.916426513,0.429411830
212.208955224,0.916426513,0.426992270
212.223880597,0.916426513,0.426976080
212.350746269,0.916426513,0.426354830
212.365671642,0.916426513,0.426345560
212.402985075,0.916426513,0.426250930
212.417910448,0.916426513,0.426183700
212.440298507,0.916426513,0.425993170
212.455223881,0.916426513,0.425988500
212.716417910,0.916426513,0.424984430
212.731343284,0.916426513,0.424970060
213.134328358,0.916426513,0.422856200
213.149253731,0.916426513,0.422791330
213.537313433,0.916426513,0.420680700
213.552238806,0.916426513,0.420656350
213.664179104,0.916426513,0.420026930
213.679104478,0.916426513,0.419993000
213.917910448,0.916426513,0.418884520
213.932835821,0.916426513,0.418868450
214.164179104,0.916426513,0.418101160
214.179104478,0.916426513,0.418075680
214.544776119,0.916426513,0.416604250
214.559701493,0.916426513,0.416593000
214.753731343,0.916426513,0.415961950
214.768656716,0.916426513,0.415907650
214.977611940,0.916426513,0.414865310
215.007462687,0.916426513,0.414814770
215.171641791,0.916426513,0.414086130
215.186567164,0.916426513,0.414022360
215.880597015,0.916426513,0.410893440
215.895522388,0.916426513,0.410884500
215.955223881,0.916426513,0.410715580
215.970149254,0.916426513,0.410652850
216.149253731,0.916426513,0.409908100
216.164179104,0.916426513,0.409891250
216.544776119,0.916426513,0.408014700
216.559701493,0.916426513,0.407951700
216.686567164,0.916426513,0.407585800
216.701492537,0.916426513,0.407569320
216.850746269,0.916426513,0.406584920
216.865671642,0.916426513,0.406553660
216.947761194,0.916426513,0.406123970
216.962686567,0.916426513,0.406115530
217.216417910,0.916426513,0.404990600
217.231343284,0.916426513,0.404944100
218.007462687,0.916426513,0.401295450
218.022388060,0.916426513,0.401284870
218.104477612,0.916426513,0.400963300
218.119402985,0.916426513,0.400945600
218.522388060,0.916426513,0.398920920
218.537313433,0.916426513,0.398917900
219.074626866,0.916426513,0.396029800
219.097014925,0.916426513,0.396008640
219.134328358,0.916426513,0.395791650
219.149253731,0.916426513,0.395718700
219.164179104,0.916426513,0.395628750
219.179104478,0.916426513,0.395581360
219.500000000,0.916426513,0.393539580
219.514925373,0.916426513,0.393527780
219.940298507,0.916426513,0.391264620
219.955223881,0.916426513,0.391237080
220.007462687,0.916426513,0.390984570
220.022388060,0.916426513,0.390953150
220.059701493,0.916426513,0.390794600
220.074626866,0.916426513,0.390730770
220.111940299,0.916426513,0.390595400
220.126865672,0.916426513,0.390593860
220.320895522,0.916426513,0.389960940
220.335820896,0.916426513,0.389922260
220.589552239,0.916426513,0.388750580
220.604477612,0.916426513,0.388743300
220.649253731,0.916426513,0.388506770
220.649253731,0.919308357,0.388497600
220.738805970,0.919308357,0.388393800
220.746268657,0.922190202,0.388348760
221.261194030,0.922190202,0.386046020
221.276119403,0.922190202,0.386026650
221.358208955,0.922190202,0.385730500
221.373134328,0.922190202,0.385729550
221.440298507,0.922190202,0.385514140
221.455223881,0.922190202,0.385497840
221.567164179,0.922190202,0.385020800
221.582089552,0.922190202,0.384975700
221.835820896,0.922190202,0.383939770
221.850746269,0.922190202,0.383919630
221.858208955,0.922190202,0.383885650
221.873134328,0.922190202,0.383854800
222.208955224,0.922190202,0.381857000
222.223880597,0.922190202,0.381739650
222.328358209,0.922190202,0.381304230
222.343283582,0.922190202,0.381260540
222.470149254,0.922190202,0.380632400
222.485074627,0.922190202,0.380609240
222.641791045,0.922190202,0.379815730
222.656716418,0.922190202,0.379729840
222.880597015,0.922190202,0.378902080
222.895522388,0.922190202,0.378865030
222.940298507,0.922190202,0.378689860
222.955223881,0.922190202,0.378676920
223.022388060,0.922190202,0.378305730
223.052238806,0.922190202,0.378163200
223.365671642,0.922190202,0.376999350
223.380597015,0.922190202,0.376871440
224.119402985,0.922190202,0.373787700
224.134328358,0.922190202,0.373784500
224.238805970,0.922190202,0.373199100
224.253731343,0.922190202,0.373193000
224.350746269,0.922190202,0.372891460
224.365671642,0.922190202,0.372872680
224.432835821,0.922190202,0.372573940
224.447761194,0.922190202,0.372526400
224.582089552,0.922190202,0.371986840
224.597014925,0.922190202,0.371938080
224.634328358,0.922190202,0.371788860
224.649253731,0.922190202,0.371788830
224.776119403,0.922190202,0.371131700
224.791044776,0.922190202,0.371130900
224.925373134,0.922190202,0.370395270
224.955223881,0.922190202,0.370282700
225.231343284,0.922190202,0.369243140
225.246268657,0.922190202,0.369233940
225.485074627,0.922190202,0.368317630
225.500000000,0.922190202,0.368310030
225.641791045,0.922190202,0.367898430
225.656716418,0.922190202,0.367879720
225.865671642,0.922190202,0.366900900
225.880597015,0.922190202,0.366878060
226.126865672,0.922190202,0.366030160
226.141791045,0.922190202,0.366008730
226.552238806,0.922190202,0.364472540
226.567164179,0.922190202,0.364462350
226.791044776,0.922190202,0.363853200
226.805970149,0.922190202,0.363849430
226.873134328,0.922190202,0.363640670
226.888059701,0.922190202,0.363566220
227.089552239,0.922190202,0.362825500
227.104477612,0.922190202,0.362745730
227.223880597,0.922190202,0.362318550
227.238805970,0.922190202,0.362180140
227.597014925,0.922190202,0.360700850
227.611940299,0.922190202,0.360662880
227.626865672,0.922190202,0.360571320
227.641791045,0.922190202,0.360567480
227.850746269,0.922190202,0.359758900
227.865671642,0.922190202,0.359740590
227.932835821,0.922190202,0.359294500
227.962686567,0.922190202,0.359268870
228.246268657,0.922190202,0.357901500
228.261194030,0.922190202,0.357838570
228.388059701,0.922190202,0.357153830
228.402985075,0.922190202,0.357151360
228.537313433,0.922190202,0.356245850
228.552238806,0.922190202,0.356193780
228.611940299,0.922190202,0.355927300
228.626865672,0.922190202,0.355920640
228.656716418,0.922190202,0.355717240
228.671641791,0.922190202,0.355575980
228.746268657,0.922190202,0.355152200
228.761194030,0.922190202,0.355121460
229.223880597,0.922190202,0.352933800
229.238805970,0.922190202,0.352901100
229.395522388,0.922190202,0.352230160
229.410447761,0.922190202,0.352132740
229.470149254,0.922190202,0.351901900
229.485074627,0.922190202,0.351674700
229.537313433,0.922190202,0.351421240
229.552238806,0.922190202,0.351415040
229.634328358,0.922190202,0.350773500
229.649253731,0.922190202,0.350771930
230.014925373,0.922190202,0.348612500
230.029850746,0.922190202,0.348550440
230.335820896,0.922190202,0.347187370
230.350746269,0.922190202,0.347171400
230.589552239,0.922190202,0.346187000
230.604477612,0.922190202,0.346107400
230.641791045,0.922190202,0.345957000
230.656716418,0.922190202,0.345947530
230.731343284,0.922190202,0.345709000
230.746268657,0.922190202,0.345688070
230.761194030,0.922190202,0.345628620
230.776119403,0.922190202,0.345617440
230.910447761,0.922190202,0.345058140
230.925373134,0.922190202,0.345046430
230.970149254,0.922190202,0.344777230
230.985074627,0.922190202,0.344712400
231.231343284,0.922190202,0.343795870
231.246268657,0.922190202,0.343773660
231.477611940,0.922190202,0.342894600
231.492537313,0.922190202,0.342862250
231.761194030,0.922190202,0.341661700
231.776119403,0.922190202,0.341575300
231.843283582,0.922190202,0.341443100
231.858208955,0.922190202,0.341436980
232.082089552,0.922190202,0.340691860
232.097014925,0.922190202,0.340682950
232.179104478,0.922190202,0.340453570
232.194029851,0.922190202,0.340375240
232.537313433,0.922190202,0.338972600
232.552238806,0.922190202,0.338966640
233.082089552,0.922190202,0.336678030
233.097014925,0.922190202,0.336675700
233.805970149,0.922190202,0.334144770
233.820895522,0.922190202,0.334107760
233.850746269,0.922190202,0.333910000
233.865671642,0.922190202,0.333893660
234.059701493,0.922190202,0.333252640
234.074626866,0.922190202,0.333228320
234.335820896,0.922190202,0.332441500
234.350746269,0.922190202,0.332379500
234.365671642,0.922190202,0.332256080
234.380597015,0.922190202,0.332251200
234.604477612,0.922190202,0.331434250
234.619402985,0.922190202,0.331420300
234.626865672,0.922190202,0.331350920
234.641791045,0.922190202,0.331300820
235.276119403,0.922190202,0.328495900
235.291044776,0.922190202,0.328465500
235.350746269,0.922190202,0.328257500
235.365671642,0.922190202,0.328248560
235.380597015,0.922190202,0.328144220
235.395522388,0.922190202,0.328128840
235.425373134,0.922190202,0.328023730
235.455223881,0.922190202,0.327978300
235.597014925,0.922190202,0.327387720
235.611940299,0.922190202,0.327367800
235.686567164,0.922190202,0.326993760
235.716417910,0.922190202,0.326905580
235.753731343,0.922190202,0.326660000
235.768656716,0.922190202,0.326655200
235.850746269,0.922190202,0.326316240
235.865671642,0.922190202,0.326295080
236.619402985,0.922190202,0.323181660
236.634328358,0.922190202,0.323162020
236.932835821,0.922190202,0.322166600
236.947761194,0.922190202,0.322108800
237.119402985,0.922190202,0.321361400
237.134328358,0.922190202,0.321329400
237.141791045,0.922190202,0.321319370
237.156716418,0.922190202,0.321286020
237.358208955,0.922190202,0.320500580
237.373134328,0.922190202,0.320462440
237.500000000,0.922190202,0.320040170
237.514925373,0.922190202,0.320003030
237.589552239,0.922190202,0.319724440
237.604477612,0.922190202,0.319687580
237.768656716,0.922190202,0.318900600
237.783582090,0.922190202,0.318894500
237.977611940,0.922190202,0.317987050
237.992537313,0.922190202,0.317890000
238.067164179,0.922190202,0.317601000
238.082089552,0.922190202,0.317578020
238.201492537,0.922190202,0.316956370
238.216417910,0.922190202,0.316880900
238.343283582,0.922190202,0.316480580
238.358208955,0.922190202,0.316448480
238.701492537,0.922190202,0.314943000
238.716417910,0.922190202,0.314933450
238.798507463,0.922190202,0.314646420
238.813432836,0.922190202,0.314632030
238.955223881,0.922190202,0.314172740
238.970149254,0.922190202,0.314089630
239.380597015,0.922190202,0.311783970
239.395522388,0.922190202,0.311773960
239.492537313,0.922190202,0.311487880
239.507462687,0.922190202,0.311472060
239.626865672,0.922190202,0.311028120
239.641791045,0.922190202,0.310989700
240.044776119,0.922190202,0.309059740
240.059701493,0.922190202,0.308991800
240.417910448,0.922190202,0.307531980
240.432835821,0.922190202,0.307524100
240.440298507,0.922190202,0.307460930
240.455223881,0.922190202,0.307363120
240.574626866,0.922190202,0.306983860
240.589552239,0.922190202,0.306925030
240.813432836,0.922190202,0.305808500
240.828358209,0.922190202,0.305772900
241.865671642,0.922190202,0.301073880
241.880597015,0.922190202,0.301017800
241.977611940,0.922190202,0.300672700
241.992537313,0.922190202,0.300667850
242.111940299,0.922190202,0.300156800
242.126865672,0.922190202,0.300071920
242.141791045,0.922190202,0.300008330
242.156716418,0.922190202,0.299997360
242.753731343,0.922190202,0.297545370
242.768656716,0.922190202,0.297527130
242.955223881,0.922190202,0.296829760
242.970149254,0.922190202,0.296791670
244.544776119,0.922190202,0.287745360
244.559701493,0.922190202,0.287742300
245.380597015,0.922190202,0.283292700
245.395522388,0.922190202,0.283279870
245.582089552,0.922190202,0.282464800
245.597014925,0.922190202,0.282442270
246.328358209,0.922190202,0.278644060
246.343283582,0.922190202,0.278617620
246.440298507,0.922190202,0.278169100
246.455223881,0.922190202,0.278133270
246.977611940,0.922190202,0.276194630
246.992537313,0.922190202,0.276191300
247.567164179,0.922190202,0.273591580
247.582089552,0.922190202,0.273546640
248.126865672,0.922190202,0.270510440
248.141791045,0.922190202,0.270422550
248.582089552,0.922190202,0.267834100
248.597014925,0.922190202,0.267676740
248.626865672,0.922190202,0.267583820
248.641791045,0.922190202,0.267515400
251.029850746,0.922190202,0.255313430
251.044776119,0.922190202,0.255240350
251.671641791,0.922190202,0.252100900
251.686567164,0.922190202,0.252039300
251.738805970,0.922190202,0.251775200
251.753731343,0.922190202,0.251739000
252.320895522,0.922190202,0.248538510
252.335820896,0.922190202,0.248443000
252.783582090,0.922190202,0.246248590
252.798507463,0.922190202,0.246245940
253.097014925,0.922190202,0.244613350
253.111940299,0.922190202,0.244601520
253.477611940,0.922190202,0.242637010
253.492537313,0.922190202,0.242608160
253.656716418,0.922190202,0.241583050
253.671641791,0.922190202,0.241563190
254.037313433,0.922190202,0.239246280
254.052238806,0.922190202,0.239218470
254.194029851,0.922190202,0.238547180
254.208955224,0.922190202,0.238542810
254.753731343,0.922190202,0.234776200
254.768656716,0.922190202,0.234754930
255.746268657,0.922190202,0.229562940
255.761194030,0.922190202,0.229554740
256.291044776,0.922190202,0.226709770
256.305970149,0.922190202,0.226699080
256.813432836,0.922190202,0.223488720
256.828358209,0.922190202,0.223464310
257.328358209,0.922190202,0.220065150
257.343283582,0.922190202,0.219985900
258.201492537,0.922190202,0.214752080
258.216417910,0.922190202,0.214740600
258.320895522,0.922190202,0.214174570
258.335820896,0.922190202,0.214154970
258.432835821,0.922190202,0.213570920
258.447761194,0.922190202,0.213547210
259.738805970,0.922190202,0.205724100
259.753731343,0.922190202,0.205642550
260.000000000,0.922190202,0.204310000
260.014925373,0.922190202,0.204298140
260.350746269,0.922190202,0.202059490
260.365671642,0.922190202,0.201968390
260.932835821,0.922190202,0.198618520
260.947761194,0.922190202,0.198562090
261.104477612,0.922190202,0.197448570
261.119402985,0.922190202,0.197434460
261.208955224,0.922190202,0.196653400
261.223880597,0.922190202,0.196643530
261.455223881,0.922190202,0.195049050
261.470149254,0.922190202,0.195030570
262.694029851,0.922190202,0.186128050
262.708955224,0.922190202,0.186042920
263.679104478,0.922190202,0.180036470
263.694029851,0.922190202,0.180005300
264.208955224,0.922190202,0.175554420
264.223880597,0.922190202,0.175510600
264.268656716,0.922190202,0.175161420
264.283582090,0.922190202,0.175156310
264.373134328,0.922190202,0.174660950
264.388059701,0.922190202,0.174653810
264.597014925,0.922190202,0.172633330
264.611940299,0.922190202,0.172545090
264.723880597,0.922190202,0.171643020
264.738805970,0.922190202,0.171605680
264.768656716,0.922190202,0.171460260
264.783582090,0.922190202,0.171443600
264.917910448,0.922190202,0.170000270
264.932835821,0.922190202,0.169978650
265.097014925,0.922190202,0.168930580
265.111940299,0.922190202,0.168766650
265.156716418,0.922190202,0.168447630
265.171641791,0.922190202,0.168396260
265.223880597,0.922190202,0.168030530
265.238805970,0.922190202,0.168014930
265.283582090,0.922190202,0.167642610
265.313432836,0.922190202,0.167425230
265.708955224,0.922190202,0.163115870
265.723880597,0.922190202,0.163065270
265.865671642,0.922190202,0.161770610
265.895522388,0.922190202,0.161732330
265.902985075,0.922190202,0.161713100
265.917910448,0.922190202,0.161679500
265.992537313,0.922190202,0.161072180
266.007462687,0.922190202,0.160888790
266.164179104,0.922190202,0.159700480
266.179104478,0.922190202,0.159542430
266.201492537,0.922190202,0.159470470
266.216417910,0.922190202,0.159373220
266.485074627,0.922190202,0.157023100
266.500000000,0.922190202,0.156993450
266.537313433,0.922190202,0.156746120
266.552238806,0.922190202,0.156415100
266.768656716,0.922190202,0.154476800
266.783582090,0.922190202,0.154403330
266.791044776,0.922190202,0.154372780
266.805970149,0.922190202,0.154352520
266.880597015,0.922190202,0.153443010
266.895522388,0.922190202,0.153372630
266.910447761,0.922190202,0.153238200
266.925373134,0.922190202,0.153235240
267.022388060,0.922190202,0.152681140
267.037313433,0.922190202,0.152663050
267.164179104,0.922190202,0.151559470
267.179104478,0.922190202,0.151479930
267.186567164,0.922190202,0.151445900
267.201492537,0.922190202,0.151428060
267.276119403,0.922190202,0.151035300
267.291044776,0.922190202,0.151017500
267.373134328,0.922190202,0.150200800
267.388059701,0.922190202,0.150162190
267.455223881,0.922190202,0.149773820
267.470149254,0.922190202,0.149716690
267.529850746,0.922190202,0.149319100
267.544776119,0.922190202,0.149288100
267.611940299,0.922190202,0.148853720
267.626865672,0.922190202,0.148805140
267.634328358,0.922190202,0.148747710
267.649253731,0.922190202,0.148612350
267.746268657,0.922190202,0.147743180
267.761194030,0.922190202,0.147719620
267.768656716,0.922190202,0.147659930
267.783582090,0.922190202,0.147651020
267.783582090,0.925072046,0.147603470
267.835820896,0.925072046,0.146959160
267.850746269,0.925072046,0.146942540
267.977611940,0.925072046,0.146215630
267.992537313,0.925072046,0.146178860
268.082089552,0.925072046,0.145372200
268.097014925,0.925072046,0.145319180
268.313432836,0.925072046,0.143287120
268.328358209,0.925072046,0.143230680
268.402985075,0.925072046,0.142695590
268.417910448,0.925072046,0.142528670
268.492537313,0.925072046,0.142106490
268.507462687,0.925072046,0.141995310
268.559701493,0.925072046,0.141411630
268.574626866,0.925072046,0.141237800
268.716417910,0.925072046,0.140430100
268.731343284,0.925072046,0.140392320
268.895522388,0.925072046,0.139084520
268.910447761,0.925072046,0.139077890
268.932835821,0.925072046,0.138794700
268.947761194,0.925072046,0.138754310
268.992537313,0.925072046,0.138450850
269.007462687,0.925072046,0.138449520
269.052238806,0.925072046,0.138223540
269.067164179,0.925072046,0.138186960
269.119402985,0.925072046,0.137841800
269.134328358,0.925072046,0.137592150
269.380597015,0.925072046,0.134957200
269.395522388,0.925072046,0.134873940
269.507462687,0.925072046,0.134504770
269.522388060,0.925072046,0.134426520
269.626865672,0.925072046,0.133319560
269.641791045,0.925072046,0.133313860
269.671641791,0.925072046,0.132741630
269.701492537,0.925072046,0.132682560
269.835820896,0.925072046,0.131147850
269.850746269,0.925072046,0.131053820
269.962686567,0.925072046,0.129677620
269.977611940,0.925072046,0.129573580
270.335820896,0.925072046,0.125929310
270.350746269,0.925072046,0.125929220
270.373134328,0.925072046,0.125768380
270.388059701,0.925072046,0.125728800
270.440298507,0.925072046,0.125227690
270.470149254,0.925072046,0.125013710
270.500000000,0.925072046,0.124785110
270.514925373,0.925072046,0.124777354
270.559701493,0.925072046,0.124050350
270.574626866,0.925072046,0.124040894
270.626865672,0.925072046,0.123290500
270.641791045,0.925072046,0.123168640
270.746268657,0.925072046,0.122062735
270.776119403,0.925072046,0.121837960
270.865671642,0.925072046,0.120471805
270.880597015,0.925072046,0.120449930
270.895522388,0.925072046,0.120409860
270.910447761,0.925072046,0.120225884
271.097014925,0.925072046,0.118494570
271.111940299,0.925072046,0.118470040
271.134328358,0.925072046,0.118291960
271.149253731,0.925072046,0.118085170
271.194029851,0.925072046,0.117747396
271.208955224,0.925072046,0.117688335
271.283582090,0.925072046,0.116849510
271.298507463,0.925072046,0.116839305
271.313432836,0.925072046,0.116819225
271.328358209,0.925072046,0.116720330
271.432835821,0.925072046,0.115584270
271.447761194,0.925072046,0.115568005
271.455223881,0.925072046,0.115540296
271.485074627,0.925072046,0.115499265
271.507462687,0.925072046,0.115311620
271.522388060,0.925072046,0.115309950
271.567164179,0.925072046,0.114653670
271.582089552,0.925072046,0.114641830
271.634328358,0.925072046,0.114090770
271.649253731,0.925072046,0.114029795
271.679104478,0.925072046,0.113666580
271.694029851,0.925072046,0.113626525
271.798507463,0.925072046,0.112770880
271.813432836,0.925072046,0.112715780
271.820895522,0.925072046,0.112712560
271.835820896,0.925072046,0.112617230
271.873134328,0.925072046,0.111715100
271.888059701,0.925072046,0.111614970
271.902985075,0.925072046,0.111555904
271.917910448,0.925072046,0.111333110
271.955223881,0.925072046,0.110694250
271.970149254,0.925072046,0.110668340
271.992537313,0.925072046,0.110362060
272.007462687,0.925072046,0.110337880
272.014925373,0.925072046,0.110287140
272.029850746,0.925072046,0.110176320
272.052238806,0.925072046,0.109483350
272.067164179,0.925072046,0.109319860
272.097014925,0.925072046,0.109022280
272.126865672,0.925072046,0.109011040
272.149253731,0.925072046,0.108613600
272.164179104,0.925072046,0.108407130
272.216417910,0.925072046,0.107709190
272.231343284,0.925072046,0.107528195
272.268656716,0.925072046,0.107215130
272.313432836,0.925072046,0.107012220
272.335820896,0.925072046,0.106870050
272.350746269,0.925072046,0.106862610
272.432835821,0.925072046,0.106067380
272.447761194,0.925072046,0.105752796
272.455223881,0.925072046,0.105720110
272.470149254,0.925072046,0.105707040
272.477611940,0.925072046,0.105631135
272.492537313,0.925072046,0.105586430
272.522388060,0.925072046,0.105463690
272.537313433,0.925072046,0.105335250
272.567164179,0.925072046,0.104982354
272.582089552,0.925072046,0.104844440
272.611940299,0.925072046,0.104570670
272.626865672,0.925072046,0.104568325
272.649253731,0.925072046,0.104069120
272.664179104,0.925072046,0.103935700
272.731343284,0.925072046,0.103603154
272.746268657,0.925072046,0.103601440
272.753731343,0.925072046,0.103397730
272.768656716,0.925072046,0.103259390
272.820895522,0.925072046,0.102872330
272.835820896,0.925072046,0.102808000
272.865671642,0.925072046,0.102584550
272.895522388,0.925072046,0.102297045
273.029850746,0.925072046,0.100075790
